transaction_id,customer_id,date,category,description,amount,direction,balance_after,is_anomaly
995240a0-f,CUSTE2483D,2026-01-01,Salary,MONTHLY SALARY CREDIT,27700.0,credit,31750.71,False
75f00636-0,CUSTE2483D,2026-01-01,Savings Transfer,TRANSFER TO SAVINGS ACCT,370.97,debit,31379.74,False
561dd580-5,CUSTE2483D,2026-01-02,Groceries,CARREFOUR HYPERMARKET,1076.09,debit,30303.65,False
2a5c620b-b,CUSTE2483D,2026-01-02,Shopping,MALL PURCHASE - POS,238.67,debit,30064.98,False
16b798cf-a,CUSTE2483D,2026-01-03,Subscriptions,SPOTIFY AB,615.98,debit,29449.0,False
8d854166-f,CUSTE2483D,2026-01-03,Savings Transfer,INTERNAL XFER - SAVINGS,152.42,debit,29296.58,False
080be2b7-1,CUSTE2483D,2026-01-04,Healthcare,LAB TEST PAYMENT,1087.39,debit,28209.19,False
79adf90a-4,CUSTE2483D,2026-01-06,Groceries,POS PURCHASE - LOCAL MARKET,393.55,debit,27815.64,False
f4ca976f-7,CUSTE2483D,2026-01-06,Entertainment,CINEMA TICKET PURCHASE,436.88,debit,27378.76,False
977737eb-8,CUSTE2483D,2026-01-06,Entertainment,GAMING STORE PURCHASE,1271.56,debit,26107.2,False
afc42b8a-b,CUSTE2483D,2026-01-06,Healthcare,LAB TEST PAYMENT,152.23,debit,25954.97,False
921ba31e-3,CUSTE2483D,2026-01-07,Utilities,Internet Bill - NBE,1280.85,debit,24674.12,False
15c3f616-2,CUSTE2483D,2026-01-11,Groceries,CARREFOUR HYPERMARKET,1725.84,debit,22948.28,False
881670c5-7,CUSTE2483D,2026-01-12,Dining/Restaurants,CAFE PURCHASE,499.77,debit,22448.51,False
85323134-e,CUSTE2483D,2026-01-17,Healthcare,PHARMACY PURCHASE,39.07,debit,22409.44,False
3f8d129c-1,CUSTE2483D,2026-01-22,Dining/Restaurants,MCDONALDS #782,253.94,debit,22155.5,False
7b7136e6-7,CUSTE2483D,2026-01-22,Shopping,AMAZON.EG ORDER,447.85,debit,21707.65,False
d2157009-3,CUSTE2483D,2026-01-23,Transportation,UBER *TRIP 658,213.45,debit,21494.2,False
ecbdffff-9,CUSTE2483D,2026-01-24,Rent/Installment,Monthly Rent Transfer,9122.85,debit,12371.35,False
fa30792a-e,CUSTE2483D,2026-01-24,Healthcare,CLINIC VISIT FEE,41.13,debit,12330.22,False
6888f8fa-3,CUSTE2483D,2026-01-26,Dining/Restaurants,MCDONALDS #466,32.9,debit,12297.32,False
b36ed1c5-8,CUSTE2483D,2026-01-26,Entertainment,GAMING STORE PURCHASE,137.0,debit,12160.32,False
2e1c7825-c,CUSTE2483D,2026-01-27,Groceries,SPINNEYS #145,1089.66,debit,11070.66,False
2b571d08-e,CUSTE2483D,2026-01-27,Transportation,CAREEM RIDE,1694.54,debit,9376.12,False
68ae620d-8,CUSTE2483D,2026-01-27,Shopping,MALL PURCHASE - POS,334.84,debit,9041.28,False
c77b7643-e,CUSTE2483D,2026-01-27,Shopping,AMAZON.EG ORDER,477.86,debit,8563.42,False
58777c74-9,CUSTE2483D,2026-02-03,Salary,MONTHLY SALARY CREDIT,27700.0,credit,36263.42,False
67167b4e-2,CUSTE2483D,2026-02-03,Transportation,CAREEM RIDE,394.41,debit,35869.01,False
1dc50869-f,CUSTE2483D,2026-02-07,Dining/Restaurants,CAFE PURCHASE,681.75,debit,35187.26,False
0ecf60e6-d,CUSTE2483D,2026-02-08,Entertainment,CINEMA TICKET PURCHASE,909.33,debit,34277.93,False
aae3b922-c,CUSTE2483D,2026-02-08,Healthcare,CLINIC VISIT FEE,334.04,debit,33943.89,False
497bc387-9,CUSTE2483D,2026-02-08,Savings Transfer,INTERNAL XFER - SAVINGS,27.92,debit,33915.97,False
d81cbe84-7,CUSTE2483D,2026-02-09,Healthcare,PHARMACY PURCHASE,618.54,debit,33297.43,False
0f9f2bc4-9,CUSTE2483D,2026-02-09,Healthcare,LAB TEST PAYMENT,350.5,debit,32946.93,False
eb911488-7,CUSTE2483D,2026-02-11,Utilities,WATER CO. AUTOPAY,1384.01,debit,31562.92,False
dc191eed-c,CUSTE2483D,2026-02-15,Dining/Restaurants,POS - LOCAL RESTAURANT,80.87,debit,31482.05,False
7a90714a-3,CUSTE2483D,2026-02-16,Transportation,FUEL STATION PURCHASE,368.93,debit,31113.12,False
d628d607-2,CUSTE2483D,2026-02-16,Dining/Restaurants,CAFE PURCHASE,36.95,debit,31076.17,False
b30fd4fa-0,CUSTE2483D,2026-02-17,Entertainment,NETFLIX PPV CHARGE,525.98,debit,30550.19,False
5eaf21bf-7,CUSTE2483D,2026-02-18,Shopping,ONLINE STORE CHECKOUT,728.72,debit,29821.47,False
cd36c1e1-6,CUSTE2483D,2026-02-18,Savings Transfer,TRANSFER TO SAVINGS ACCT,158.09,debit,29663.38,False
395538bd-8,CUSTE2483D,2026-02-19,Groceries,SPINNEYS #515,2170.75,debit,27492.63,False
58ab4b61-9,CUSTE2483D,2026-02-21,Transportation,FUEL STATION PURCHASE,39.41,debit,27453.22,False
ccaf7d4e-f,CUSTE2483D,2026-02-22,Groceries,POS PURCHASE - LOCAL MARKET,1755.44,debit,25697.78,False
13c07a3f-5,CUSTE2483D,2026-02-23,Savings Transfer,TRANSFER TO SAVINGS ACCT,395.8,debit,25301.98,False
0de6b451-f,CUSTE2483D,2026-02-24,Rent/Installment,Home Loan Installment - AUTOPAY,9052.27,debit,16249.71,False
35cb9185-c,CUSTE2483D,2026-02-24,Subscriptions,GYM MEMBERSHIP AUTOPAY,659.04,debit,15590.67,False
dd08ba12-1,CUSTE2483D,2026-02-25,Entertainment,CINEMA TICKET PURCHASE,248.48,debit,15342.19,False
63cc6d7c-6,CUSTE2483D,2026-02-26,Shopping,MALL PURCHASE - POS,611.97,debit,14730.22,False
2b6a3209-6,CUSTE2483D,2026-02-27,Groceries,CARREFOUR HYPERMARKET,248.99,debit,14481.23,False
7548942e-3,CUSTE2483D,2026-02-27,Transportation,UBER *TRIP 788,923.63,debit,13557.6,False
e439d1e0-4,CUSTE2483D,2026-03-02,Salary,MONTHLY SALARY CREDIT,27700.0,credit,41257.6,False
4f223af0-4,CUSTE2483D,2026-03-03,Transportation,FUEL STATION PURCHASE,713.84,debit,40543.76,False
749b5fd9-c,CUSTE2483D,2026-03-03,Savings Transfer,TRANSFER TO SAVINGS ACCT,316.12,debit,40227.64,False
bee4d873-8,CUSTE2483D,2026-03-08,Groceries,SPINNEYS #324,384.94,debit,39842.7,False
13aae63f-2,CUSTE2483D,2026-03-08,Dining/Restaurants,MCDONALDS #959,137.76,debit,39704.94,False
10e19acf-b,CUSTE2483D,2026-03-09,Transportation,CAREEM RIDE,117.15,debit,39587.79,False
ea5fa6f0-b,CUSTE2483D,2026-03-09,Healthcare,CLINIC VISIT FEE,47.39,debit,39540.4,False
27a259bd-8,CUSTE2483D,2026-03-09,Savings Transfer,TRANSFER TO SAVINGS ACCT,16.34,debit,39524.06,False
7fe9161e-7,CUSTE2483D,2026-03-10,Entertainment,CINEMA TICKET PURCHASE,807.13,debit,38716.93,False
d0109b41-4,CUSTE2483D,2026-03-10,Entertainment,GAMING STORE PURCHASE,169.37,debit,38547.56,False
4cedffb7-8,CUSTE2483D,2026-03-11,Groceries,POS PURCHASE - LOCAL MARKET,253.36,debit,38294.2,False
f627d611-2,CUSTE2483D,2026-03-11,Healthcare,PHARMACY PURCHASE,129.19,debit,38165.01,False
2eed7ca9-9,CUSTE2483D,2026-03-11,Savings Transfer,INTERNAL XFER - SAVINGS,98.14,debit,38066.87,False
2e9c0522-4,CUSTE2483D,2026-03-12,Dining/Restaurants,MCDONALDS #765,15.67,debit,38051.2,False
ae5512b7-3,CUSTE2483D,2026-03-12,Subscriptions,GYM MEMBERSHIP AUTOPAY,593.67,debit,37457.53,False
a788657e-a,CUSTE2483D,2026-03-13,Utilities,Internet Bill - NBE,1428.47,debit,36029.06,False
a67398f2-4,CUSTE2483D,2026-03-13,Entertainment,GAMING STORE PURCHASE,123.85,debit,35905.21,False
03edb5ee-8,CUSTE2483D,2026-03-14,Groceries,SPINNEYS #129,2060.96,debit,33844.25,False
57593d36-a,CUSTE2483D,2026-03-14,Shopping,ONLINE STORE CHECKOUT,641.81,debit,33202.44,False
d6a729aa-a,CUSTE2483D,2026-03-15,Rent/Installment,Home Loan Installment - NBE,8176.95,debit,25025.49,False
671928e8-7,CUSTE2483D,2026-03-15,Transportation,CAREEM RIDE,36.91,debit,24988.58,False
bb8b6e85-b,CUSTE2483D,2026-03-16,Dining/Restaurants,CAFE PURCHASE,372.44,debit,24616.14,False
4b659e7b-d,CUSTE2483D,2026-03-16,Savings Transfer,TRANSFER TO SAVINGS ACCT,28.67,debit,24587.47,False
5c29b146-8,CUSTE2483D,2026-03-17,Shopping,ONLINE STORE CHECKOUT,334.57,debit,24252.9,False
4a8f26f2-7,CUSTE2483D,2026-03-18,Healthcare,CLINIC VISIT FEE,241.65,debit,24011.25,False
57d68c7e-c,CUSTE2483D,2026-03-19,Transportation,FUEL STATION PURCHASE,1022.72,debit,22988.53,False
46d41ff5-3,CUSTE2483D,2026-03-19,Entertainment,GAMING STORE PURCHASE,428.13,debit,22560.4,False
0745c8be-5,CUSTE2483D,2026-03-19,Shopping,AMAZON.EG ORDER,162.08,debit,22398.32,False
a5047aeb-e,CUSTE2483D,2026-03-19,Healthcare,LAB TEST PAYMENT,479.55,debit,21918.77,False
5c599053-9,CUSTE2483D,2026-03-20,Dining/Restaurants,MCDONALDS #344,232.2,debit,21686.57,False
2e580cd9-4,CUSTE2483D,2026-03-21,Savings Transfer,INTERNAL XFER - SAVINGS,80.44,debit,21606.13,False
ff901830-e,CUSTE2483D,2026-03-24,Groceries,POS PURCHASE - LOCAL MARKET,404.32,debit,21201.81,False
6ae322a6-b,CUSTE2483D,2026-03-24,Entertainment,GAMING STORE PURCHASE,308.17,debit,20893.64,False
24f31cfc-a,CUSTE2483D,2026-03-25,Dining/Restaurants,CAFE PURCHASE,50.56,debit,20843.08,False
67c06b0d-b,CUSTE2483D,2026-03-27,Groceries,SPINNEYS #651,1321.34,debit,19521.74,False
b8acb4e6-c,CUSTE2483D,2026-03-27,Healthcare,LAB TEST PAYMENT,474.16,debit,19047.58,False
bcd5f970-a,CUSTE2483D,2026-03-28,Transportation,CAREEM RIDE,24.15,debit,19023.43,False
59457b3d-f,CUSTE2483D,2026-03-28,Shopping,MALL PURCHASE - POS,200.44,debit,18822.99,False
20661d72-9,CUSTE2483D,2026-04-01,Salary,MONTHLY SALARY CREDIT,27700.0,credit,46522.99,False
3f7f541f-3,CUSTE2483D,2026-04-02,Transportation,UBER *TRIP 666,283.18,debit,46239.81,False
92629397-3,CUSTE2483D,2026-04-02,Entertainment,CINEMA TICKET PURCHASE,932.25,debit,45307.56,False
1500a4b6-8,CUSTE2483D,2026-04-03,Entertainment,GAMING STORE PURCHASE,623.33,debit,44684.23,False
8f90bfe3-f,CUSTE2483D,2026-04-04,Shopping,ONLINE STORE CHECKOUT,1528.92,debit,43155.31,False
8b160349-d,CUSTE2483D,2026-04-06,Dining/Restaurants,MCDONALDS #358,331.77,debit,42823.54,False
5b912d15-e,CUSTE2483D,2026-04-06,Healthcare,PHARMACY PURCHASE,150.49,debit,42673.05,False
cca8d31b-a,CUSTE2483D,2026-04-07,Groceries,POS PURCHASE - LOCAL MARKET,2185.66,debit,40487.39,False
7b1624db-8,CUSTE2483D,2026-04-08,Groceries,CARREFOUR HYPERMARKET,1226.85,debit,39260.54,False
e5119d97-c,CUSTE2483D,2026-04-08,Healthcare,PHARMACY PURCHASE,14.4,debit,39246.14,False
6e18bd3e-3,CUSTE2483D,2026-04-09,Healthcare,LAB TEST PAYMENT,384.55,debit,38861.59,False
bc2fcd80-f,CUSTE2483D,2026-04-09,Savings Transfer,TRANSFER TO SAVINGS ACCT,148.23,debit,38713.36,False
f2117872-4,CUSTE2483D,2026-04-11,Groceries,CARREFOUR HYPERMARKET,180.8,debit,38532.56,False
1c40aa56-e,CUSTE2483D,2026-04-12,Utilities,WATER CO. AUTOPAY,1383.22,debit,37149.34,False
32b1d563-1,CUSTE2483D,2026-04-12,Transportation,UBER *TRIP 409,567.29,debit,36582.05,False
45ed5881-2,CUSTE2483D,2026-04-13,Rent/Installment,Monthly Rent Transfer,8114.92,debit,28467.13,False
5054f2c9-c,CUSTE2483D,2026-04-16,Dining/Restaurants,POS - LOCAL RESTAURANT,447.14,debit,28019.99,False
d54fdd4b-0,CUSTE2483D,2026-04-17,Subscriptions,SPOTIFY AB,609.16,debit,27410.83,False
466916d2-e,CUSTE2483D,2026-04-18,Savings Transfer,TRANSFER TO SAVINGS ACCT,5.0,debit,27405.83,False
e18a14e4-c,CUSTE2483D,2026-04-19,Savings Transfer,TRANSFER TO SAVINGS ACCT,125.93,debit,27279.9,False
eaa18381-2,CUSTE2483D,2026-04-20,Shopping,ONLINE STORE CHECKOUT,9.36,debit,27270.54,False
441c35c6-5,CUSTE2483D,2026-04-22,Savings Transfer,TRANSFER TO SAVINGS ACCT,229.66,debit,27040.88,False
1d440a26-1,CUSTE2483D,2026-04-23,Transportation,FUEL STATION PURCHASE,1027.13,debit,26013.75,False
1ae04b35-9,CUSTE2483D,2026-04-23,Transportation,UBER *TRIP 753,37.32,debit,25976.43,False
b597c5aa-d,CUSTE2483D,2026-04-23,Healthcare,LAB TEST PAYMENT,328.51,debit,25647.92,False
2e1935d0-8,CUSTE2483D,2026-04-25,Groceries,POS PURCHASE - LOCAL MARKET,407.86,debit,25240.06,False
31c5e557-8,CUSTE2483D,2026-04-25,Healthcare,PHARMACY PURCHASE,385.98,debit,24854.08,False
e1e14087-7,CUSTE2483D,2026-05-01,Salary,MONTHLY SALARY CREDIT,27700.0,credit,52554.08,False
c6dd5fe0-1,CUSTE2483D,2026-05-01,Shopping,ONLINE STORE CHECKOUT,512.92,debit,52041.16,False
b4e3f3a3-9,CUSTE2483D,2026-05-01,Shopping,ONLINE STORE CHECKOUT,248.82,debit,51792.34,False
5e3d0a40-0,CUSTE2483D,2026-05-02,Groceries,SPINNEYS #852,319.23,debit,51473.11,False
c0cafa47-c,CUSTE2483D,2026-05-02,Dining/Restaurants,POS - LOCAL RESTAURANT,318.37,debit,51154.74,False
398d54b7-6,CUSTE2483D,2026-05-05,Subscriptions,SPOTIFY AB,663.56,debit,50491.18,False
b07e1b80-f,CUSTE2483D,2026-05-05,Healthcare,PHARMACY PURCHASE,13.57,debit,50477.61,False
8040a89f-c,CUSTE2483D,2026-05-07,Entertainment,GAMING STORE PURCHASE,619.19,debit,49858.42,False
edb25d5d-1,CUSTE2483D,2026-05-07,Healthcare,LAB TEST PAYMENT,74.86,debit,49783.56,False
895247d5-b,CUSTE2483D,2026-05-08,Groceries,POS PURCHASE - LOCAL MARKET,26.5,debit,49757.06,False
19ba377e-6,CUSTE2483D,2026-05-08,Shopping,AMAZON.EG ORDER,107.33,debit,49649.73,False
8fb13e13-9,CUSTE2483D,2026-05-09,Transportation,UBER *TRIP 699,907.61,debit,48742.12,False
2424b7a6-5,CUSTE2483D,2026-05-09,Dining/Restaurants,POS - LOCAL RESTAURANT,268.02,debit,48474.1,False
79665930-2,CUSTE2483D,2026-05-10,Dining/Restaurants,CAFE PURCHASE,288.57,debit,48185.53,False
b376d4a2-3,CUSTE2483D,2026-05-11,Healthcare,LAB TEST PAYMENT,682.93,debit,47502.6,False
6ad8c090-4,CUSTE2483D,2026-05-12,Transportation,CAREEM RIDE,672.25,debit,46830.35,False
5c6f95fd-c,CUSTE2483D,2026-05-15,Utilities,ELECTRICITY BILL PMT,1452.13,debit,45378.22,False
83d3ed76-a,CUSTE2483D,2026-05-15,Shopping,ONLINE STORE CHECKOUT,302.06,debit,45076.16,False
66cb2354-d,CUSTE2483D,2026-05-15,Healthcare,LAB TEST PAYMENT,548.31,debit,44527.85,False
0932c7b2-7,CUSTE2483D,2026-05-16,Savings Transfer,INTERNAL XFER - SAVINGS,42.71,debit,44485.14,False
93e2ea61-7,CUSTE2483D,2026-05-18,Entertainment,NETFLIX PPV CHARGE,1189.52,debit,43295.62,False
da2a54ba-4,CUSTE2483D,2026-05-19,Groceries,CARREFOUR HYPERMARKET,1754.85,debit,41540.77,False
6ad7cbe6-c,CUSTE2483D,2026-05-20,Rent/Installment,Monthly Rent Transfer,8958.52,debit,32582.25,False
49158e23-7,CUSTE2483D,2026-05-20,Groceries,SPINNEYS #126,1640.36,debit,30941.89,False
c9287118-5,CUSTE2483D,2026-05-21,Transportation,CAREEM RIDE,349.17,debit,30592.72,False
c310679b-9,CUSTE2483D,2026-05-23,Shopping,AMAZON.EG ORDER,312.76,debit,30279.96,False
d806d0db-b,CUSTE2483D,2026-05-25,Savings Transfer,INTERNAL XFER - SAVINGS,94.76,debit,30185.2,False
cdd2827d-5,CUSTE2483D,2026-05-27,Groceries,SPINNEYS #690,227.48,debit,29957.72,False
132cb010-5,CUSTE2483D,2026-05-28,Savings Transfer,TRANSFER TO SAVINGS ACCT,309.53,debit,29648.19,False
ac626975-1,CUSTE2483D,2026-05-28,Savings Transfer,TRANSFER TO SAVINGS ACCT,86.75,debit,29561.44,False
3cf14ac1-2,CUSTE2483D,2026-06-01,Healthcare,LAB TEST PAYMENT,5.0,debit,29556.44,False
416819dc-0,CUSTE2483D,2026-06-03,Salary,MONTHLY SALARY CREDIT,27700.0,credit,57256.44,False
bfe861ee-6,CUSTE2483D,2026-06-03,Subscriptions,SPOTIFY AB,650.52,debit,56605.92,False
9dec1b34-0,CUSTE2483D,2026-06-04,Dining/Restaurants,CAFE PURCHASE,92.96,debit,56512.96,False
ed3068c4-1,CUSTE2483D,2026-06-05,Entertainment,CINEMA TICKET PURCHASE,1250.28,debit,55262.68,False
74175183-c,CUSTE2483D,2026-06-06,Entertainment,CINEMA TICKET PURCHASE,160.96,debit,55101.72,False
98899ac4-8,CUSTE2483D,2026-06-08,Dining/Restaurants,CAFE PURCHASE,114.67,debit,54987.05,False
5584612f-f,CUSTE2483D,2026-06-08,Dining/Restaurants,CAFE PURCHASE,215.25,debit,54771.8,False
2c96641f-7,CUSTE2483D,2026-06-08,Shopping,MALL PURCHASE - POS,754.55,debit,54017.25,False
8abe2685-6,CUSTE2483D,2026-06-09,Transportation,CAREEM RIDE,134.66,debit,53882.59,False
c75495f8-3,CUSTE2483D,2026-06-10,Entertainment,NETFLIX PPV CHARGE,76.65,debit,53805.94,False
8c25e9db-8,CUSTE2483D,2026-06-10,Healthcare,LAB TEST PAYMENT,295.21,debit,53510.73,False
f0d2961d-0,CUSTE2483D,2026-06-13,Transportation,FUEL STATION PURCHASE,1271.78,debit,52238.95,False
923459c0-d,CUSTE2483D,2026-06-13,Healthcare,LAB TEST PAYMENT,195.62,debit,52043.33,False
520fb0ce-6,CUSTE2483D,2026-06-15,Groceries,CARREFOUR HYPERMARKET,2206.31,debit,49837.02,False
b548cd33-a,CUSTE2483D,2026-06-15,Shopping,MALL PURCHASE - POS,129.62,debit,49707.4,False
96565560-a,CUSTE2483D,2026-06-17,Groceries,POS PURCHASE - LOCAL MARKET,161.84,debit,49545.56,False
275c6191-5,CUSTE2483D,2026-06-18,Dining/Restaurants,MCDONALDS #732,402.98,debit,49142.58,False
1ea307d5-a,CUSTE2483D,2026-06-19,Entertainment,GAMING STORE PURCHASE,178.8,debit,48963.78,False
52b19f80-0,CUSTE2483D,2026-06-23,Utilities,WATER CO. AUTOPAY,1404.85,debit,47558.93,False
c860c1cf-e,CUSTE2483D,2026-06-24,Savings Transfer,INTERNAL XFER - SAVINGS,536.39,debit,47022.54,False
db9f717d-2,CUSTE2483D,2026-06-25,Savings Transfer,TRANSFER TO SAVINGS ACCT,52.65,debit,46969.89,False
d001461f-d,CUSTE2483D,2026-06-26,Shopping,MALL PURCHASE - POS,632.01,debit,46337.88,False
7fcf0e5f-a,CUSTE2483D,2026-06-27,Healthcare,LAB TEST PAYMENT,390.78,debit,45947.1,False
45b613ba-b,CUSTE2483D,2026-06-28,Rent/Installment,Home Loan Installment - AUTOPAY,8265.12,debit,37681.98,False
6e7e9998-1,CUSTE2483D,2026-06-28,Groceries,SPINNEYS #202,2003.63,debit,35678.35,False
700d54b2-a,CUSTE2483D,2026-06-28,Transportation,FUEL STATION PURCHASE,393.17,debit,35285.18,False
63b22cc3-3,CUSTE2483D,2026-06-28,Healthcare,CLINIC VISIT FEE,382.01,debit,34903.17,False
37bc7c73-5,CUST246E67,2026-01-01,Shopping,AMAZON.EG ORDER,46.71,debit,4800.35,False
fe4f3a15-6,CUST246E67,2026-01-02,Salary,MONTHLY SALARY CREDIT,31000.0,credit,35800.35,False
6cd7308b-a,CUST246E67,2026-01-02,Dining/Restaurants,MCDONALDS #411,871.62,debit,34928.73,False
8045643b-8,CUST246E67,2026-01-03,Rent/Installment,Home Loan Installment - ONLINE,7707.7,debit,27221.03,False
16ce668a-9,CUST246E67,2026-01-04,Transportation,CAREEM RIDE,206.28,debit,27014.75,False
3b78fbee-8,CUST246E67,2026-01-04,Dining/Restaurants,MCDONALDS #340,106.45,debit,26908.3,False
d56a123d-3,CUST246E67,2026-01-05,Subscriptions,GYM MEMBERSHIP AUTOPAY,317.29,debit,26591.01,False
bb4a6672-4,CUST246E67,2026-01-05,Savings Transfer,TRANSFER TO SAVINGS ACCT,16.2,debit,26574.81,False
dabbda7a-1,CUST246E67,2026-01-07,Utilities,ELECTRICITY BILL PMT,1605.1,debit,24969.71,False
ac2f9698-c,CUST246E67,2026-01-07,Shopping,ONLINE STORE CHECKOUT,913.54,debit,24056.17,False
ef0c97c8-6,CUST246E67,2026-01-08,Healthcare,CLINIC VISIT FEE,805.0,debit,23251.17,False
f53cbf73-8,CUST246E67,2026-01-09,Groceries,SPINNEYS #925,2366.29,debit,20884.88,False
9297a9a2-a,CUST246E67,2026-01-09,Savings Transfer,TRANSFER TO SAVINGS ACCT,19.69,debit,20865.19,False
763b146b-4,CUST246E67,2026-01-13,Transportation,FUEL STATION PURCHASE,297.23,debit,20567.96,False
05071076-a,CUST246E67,2026-01-13,Shopping,MALL PURCHASE - POS,756.07,debit,19811.89,False
d964dab2-a,CUST246E67,2026-01-14,Entertainment,GAMING STORE PURCHASE,120.87,debit,19691.02,False
8303d8d0-5,CUST246E67,2026-01-15,Groceries,CARREFOUR HYPERMARKET,370.04,debit,19320.98,False
57069ade-b,CUST246E67,2026-01-15,Entertainment,CINEMA TICKET PURCHASE,36.16,debit,19284.82,False
039de28f-3,CUST246E67,2026-01-19,Entertainment,GAMING STORE PURCHASE,265.07,debit,19019.75,False
32f235c5-8,CUST246E67,2026-01-19,Savings Transfer,INTERNAL XFER - SAVINGS,111.52,debit,18908.23,False
879fa1c7-c,CUST246E67,2026-01-20,Entertainment,NETFLIX PPV CHARGE,111.66,debit,18796.57,False
77e1d8c5-0,CUST246E67,2026-01-21,Dining/Restaurants,POS - LOCAL RESTAURANT,198.66,debit,18597.91,False
00d414e0-1,CUST246E67,2026-01-22,Transportation,UBER *TRIP 582,1382.99,debit,17214.92,False
e765372a-1,CUST246E67,2026-01-23,Entertainment,NETFLIX PPV CHARGE,180.68,debit,17034.24,False
959fa00c-a,CUST246E67,2026-01-24,Groceries,SPINNEYS #923,1335.57,debit,15698.67,False
ed9ee47e-8,CUST246E67,2026-01-24,Transportation,FUEL STATION PURCHASE,397.83,debit,15300.84,False
135c9fb3-1,CUST246E67,2026-01-26,Healthcare,LAB TEST PAYMENT,311.18,debit,14989.66,False
a41bf02c-e,CUST246E67,2026-01-27,Dining/Restaurants,POS - LOCAL RESTAURANT,79.41,debit,14910.25,False
f3f03cf7-b,CUST246E67,2026-01-28,Groceries,POS PURCHASE - LOCAL MARKET,385.63,debit,14524.62,False
30808ccc-e,CUST246E67,2026-01-28,Shopping,MALL PURCHASE - POS,391.64,debit,14132.98,False
70ca3e82-c,CUST246E67,2026-01-28,Healthcare,PHARMACY PURCHASE,256.65,debit,13876.33,False
6e37ac38-a,CUST246E67,2026-02-02,Salary,MONTHLY SALARY CREDIT,31000.0,credit,44876.33,False
cca3684b-7,CUST246E67,2026-02-03,Transportation,CAREEM RIDE,247.46,debit,44628.87,False
a2fff0cc-2,CUST246E67,2026-02-03,Transportation,UBER *TRIP 381,729.6,debit,43899.27,False
e0e9e780-c,CUST246E67,2026-02-03,Entertainment,NETFLIX PPV CHARGE,64.27,debit,43835.0,False
3ff30d8a-f,CUST246E67,2026-02-05,Savings Transfer,INTERNAL XFER - SAVINGS,26.35,debit,43808.65,False
c2d3ba36-9,CUST246E67,2026-02-09,Entertainment,NETFLIX PPV CHARGE,233.07,debit,43575.58,False
3c048415-3,CUST246E67,2026-02-10,Transportation,CAREEM RIDE,659.2,debit,42916.38,False
a796ee11-1,CUST246E67,2026-02-11,Transportation,CAREEM RIDE,616.21,debit,42300.17,False
1e844f7c-7,CUST246E67,2026-02-12,Subscriptions,NETFLIX.COM SUBSCRIPTION,341.16,debit,41959.01,False
767eabc4-1,CUST246E67,2026-02-14,Dining/Restaurants,POS - LOCAL RESTAURANT,178.07,debit,41780.94,False
c32c9f66-4,CUST246E67,2026-02-15,Groceries,POS PURCHASE - LOCAL MARKET,1131.56,debit,40649.38,False
63d0771f-e,CUST246E67,2026-02-15,Savings Transfer,INTERNAL XFER - SAVINGS,11.4,debit,40637.98,False
9f49223b-c,CUST246E67,2026-02-16,Entertainment,CINEMA TICKET PURCHASE,5.0,debit,40632.98,False
fd66a235-c,CUST246E67,2026-02-17,Utilities,Internet Bill - AUTOPAY,1723.47,debit,38909.51,False
a24d9a92-e,CUST246E67,2026-02-17,Savings Transfer,TRANSFER TO SAVINGS ACCT,82.86,debit,38826.65,False
c20bac57-6,CUST246E67,2026-02-18,Entertainment,CINEMA TICKET PURCHASE,201.65,debit,38625.0,False
435b3b86-c,CUST246E67,2026-02-21,Transportation,FUEL STATION PURCHASE,39.63,debit,38585.37,False
ad14590b-1,CUST246E67,2026-02-21,Dining/Restaurants,CAFE PURCHASE,1031.61,debit,37553.76,False
4d270b2f-9,CUST246E67,2026-02-21,Healthcare,LAB TEST PAYMENT,580.01,debit,36973.75,False
498933ee-2,CUST246E67,2026-02-22,Healthcare,LAB TEST PAYMENT,187.7,debit,36786.05,False
1ed5558e-f,CUST246E67,2026-02-24,Rent/Installment,ACH DEBIT - RENT PAYMENT,7403.84,debit,29382.21,False
b16e2f1c-8,CUST246E67,2026-02-24,Entertainment,NETFLIX PPV CHARGE,246.77,debit,29135.44,False
c8a289e6-7,CUST246E67,2026-02-24,Savings Transfer,TRANSFER TO SAVINGS ACCT,24.63,debit,29110.81,False
f28b08ec-8,CUST246E67,2026-02-25,Healthcare,CLINIC VISIT FEE,131.37,debit,28979.44,False
c126488e-e,CUST246E67,2026-02-25,Healthcare,LAB TEST PAYMENT,173.97,debit,28805.47,False
8b88b949-4,CUST246E67,2026-02-26,Healthcare,CLINIC VISIT FEE,140.84,debit,28664.63,False
11bd0dc0-3,CUST246E67,2026-02-28,Groceries,POS PURCHASE - LOCAL MARKET,3017.03,debit,25647.6,False
1341606b-b,CUST246E67,2026-02-28,Shopping,ONLINE STORE CHECKOUT,953.01,debit,24694.59,False
d622811f-2,CUST246E67,2026-02-28,Shopping,ONLINE STORE CHECKOUT,1366.84,debit,23327.75,False
6a7cfe85-f,CUST246E67,2026-03-01,Dining/Restaurants,MCDONALDS #408,466.33,debit,22861.42,False
0693d227-3,CUST246E67,2026-03-02,Salary,MONTHLY SALARY CREDIT,31000.0,credit,53861.42,False
3e016f3f-3,CUST246E67,2026-03-02,Entertainment,NETFLIX PPV CHARGE,92.47,debit,53768.95,False
797fc07a-3,CUST246E67,2026-03-03,Entertainment,NETFLIX PPV CHARGE,157.52,debit,53611.43,False
2e72927d-d,CUST246E67,2026-03-03,Entertainment,NETFLIX PPV CHARGE,156.67,debit,53454.76,False
726b69ef-1,CUST246E67,2026-03-04,Transportation,CAREEM RIDE,756.11,debit,52698.65,False
33ace035-b,CUST246E67,2026-03-04,Subscriptions,NETFLIX.COM SUBSCRIPTION,330.21,debit,52368.44,False
4a6c115e-4,CUST246E67,2026-03-05,Utilities,ELECTRICITY BILL PMT,1757.86,debit,50610.58,False
5b2cf523-1,CUST246E67,2026-03-05,Savings Transfer,INTERNAL XFER - SAVINGS,88.65,debit,50521.93,False
3914fcf9-a,CUST246E67,2026-03-10,Dining/Restaurants,POS - LOCAL RESTAURANT,472.72,debit,50049.21,False
5adcb47f-d,CUST246E67,2026-03-10,Healthcare,LAB TEST PAYMENT,499.55,debit,49549.66,False
5aef0d34-8,CUST246E67,2026-03-11,Shopping,AMAZON.EG ORDER,912.89,debit,48636.77,False
e5fe5248-c,CUST246E67,2026-03-11,Healthcare,PHARMACY PURCHASE,762.69,debit,47874.08,False
78822522-5,CUST246E67,2026-03-15,Groceries,SPINNEYS #379,2745.72,debit,45128.36,False
6a5a1b16-9,CUST246E67,2026-03-15,Shopping,ONLINE STORE CHECKOUT,1340.97,debit,43787.39,False
5e8ea766-d,CUST246E67,2026-03-19,Transportation,CAREEM RIDE,1434.42,debit,42352.97,False
f0142faa-d,CUST246E67,2026-03-19,Entertainment,NETFLIX PPV CHARGE,228.23,debit,42124.74,False
75b4dc22-f,CUST246E67,2026-03-20,Savings Transfer,TRANSFER TO SAVINGS ACCT,14.98,debit,42109.76,False
edb4685f-5,CUST246E67,2026-03-22,Groceries,SPINNEYS #597,1026.41,debit,41083.35,False
2aa49dca-2,CUST246E67,2026-03-24,Savings Transfer,TRANSFER TO SAVINGS ACCT,55.65,debit,41027.7,False
df61490c-d,CUST246E67,2026-03-25,Rent/Installment,Monthly Rent Transfer,7691.84,debit,33335.86,False
93dc06c7-5,CUST246E67,2026-03-25,Dining/Restaurants,MCDONALDS #882,240.75,debit,33095.11,False
4997bd61-6,CUST246E67,2026-03-27,Entertainment,GAMING STORE PURCHASE,135.32,debit,32959.79,False
2d03cf01-4,CUST246E67,2026-04-01,Salary,MONTHLY SALARY CREDIT,31000.0,credit,63959.79,False
11ef8565-a,CUST246E67,2026-04-02,Transportation,CAREEM RIDE,18.18,debit,63941.61,False
4184209e-8,CUST246E67,2026-04-03,Groceries,SPINNEYS #552,678.87,debit,63262.74,False
56c2b442-a,CUST246E67,2026-04-03,Shopping,MALL PURCHASE - POS,197.22,debit,63065.52,False
36d031a2-9,CUST246E67,2026-04-05,Savings Transfer,TRANSFER TO SAVINGS ACCT,105.79,debit,62959.73,False
0023892a-4,CUST246E67,2026-04-08,Dining/Restaurants,CAFE PURCHASE,51.61,debit,62908.12,False
0f7bf895-f,CUST246E67,2026-04-10,Groceries,SPINNEYS #705,2141.77,debit,60766.35,False
ae718cea-b,CUST246E67,2026-04-10,Shopping,ONLINE STORE CHECKOUT,141.44,debit,60624.91,False
92c1d484-4,CUST246E67,2026-04-11,Subscriptions,NETFLIX.COM SUBSCRIPTION,344.04,debit,60280.87,False
06175b84-f,CUST246E67,2026-04-12,Groceries,POS PURCHASE - LOCAL MARKET,1065.94,debit,59214.93,False
86c0bb99-a,CUST246E67,2026-04-12,Healthcare,CLINIC VISIT FEE,485.87,debit,58729.06,False
4debd41d-4,CUST246E67,2026-04-13,Entertainment,NETFLIX PPV CHARGE,281.77,debit,58447.29,False
ea3222bf-b,CUST246E67,2026-04-13,Shopping,AMAZON.EG ORDER,384.53,debit,58062.76,False
c419653d-5,CUST246E67,2026-04-14,Healthcare,LAB TEST PAYMENT,886.74,debit,57176.02,False
b6dc0790-b,CUST246E67,2026-04-15,Groceries,SPINNEYS #138,610.49,debit,56565.53,False
ca900647-5,CUST246E67,2026-04-15,Transportation,FUEL STATION PURCHASE,1580.12,debit,54985.41,False
658a4ccc-0,CUST246E67,2026-04-17,Dining/Restaurants,CAFE PURCHASE,619.2,debit,54366.21,False
5e4ba7bd-8,CUST246E67,2026-04-19,Shopping,ONLINE STORE CHECKOUT,784.21,debit,53582.0,False
30a36e35-5,CUST246E67,2026-04-20,Transportation,FUEL STATION PURCHASE,155.73,debit,53426.27,False
1044f00e-2,CUST246E67,2026-04-21,Transportation,UBER *TRIP 429,275.51,debit,53150.76,False
ba8163fb-c,CUST246E67,2026-04-21,Entertainment,NETFLIX PPV CHARGE,63.54,debit,53087.22,False
65730440-6,CUST246E67,2026-04-22,Entertainment,GAMING STORE PURCHASE,429.0,debit,52658.22,False
39eb8cce-8,CUST246E67,2026-04-25,Rent/Installment,Monthly Rent Transfer,6889.82,debit,45768.4,False
234524a1-f,CUST246E67,2026-04-25,Utilities,Internet Bill - ONLINE,1715.77,debit,44052.63,False
389af742-b,CUST246E67,2026-04-25,Savings Transfer,TRANSFER TO SAVINGS ACCT,15.59,debit,44037.04,False
62318a61-b,CUST246E67,2026-04-25,Savings Transfer,TRANSFER TO SAVINGS ACCT,5.0,debit,44032.04,False
a7c4fe6a-9,CUST246E67,2026-04-26,Dining/Restaurants,POS - LOCAL RESTAURANT,550.01,debit,43482.03,False
22e8fd7d-2,CUST246E67,2026-04-26,Savings Transfer,TRANSFER TO SAVINGS ACCT,23.28,debit,43458.75,False
d209a88e-c,CUST246E67,2026-04-27,Savings Transfer,TRANSFER TO SAVINGS ACCT,5.57,debit,43453.18,False
e15369a0-1,CUST246E67,2026-04-28,Shopping,AMAZON.EG ORDER,598.34,debit,42854.84,False
969a0759-1,CUST246E67,2026-05-01,Salary,MONTHLY SALARY CREDIT,31000.0,credit,73854.84,False
94c15f50-9,CUST246E67,2026-05-01,Healthcare,LAB TEST PAYMENT,338.84,debit,73516.0,False
3ffbbd89-8,CUST246E67,2026-05-04,Subscriptions,SPOTIFY AB,331.57,debit,73184.43,False
185bff4d-1,CUST246E67,2026-05-05,Transportation,CAREEM RIDE,1642.86,debit,71541.57,False
28573a81-c,CUST246E67,2026-05-05,Dining/Restaurants,POS - LOCAL RESTAURANT,320.28,debit,71221.29,False
d2e59bc2-e,CUST246E67,2026-05-08,Shopping,MALL PURCHASE - POS,388.93,debit,70832.36,False
92febfb5-5,CUST246E67,2026-05-08,Shopping,MALL PURCHASE - POS,594.55,debit,70237.81,False
fa91ae95-d,CUST246E67,2026-05-10,Entertainment,NETFLIX PPV CHARGE,417.59,debit,69820.22,False
8721ce9d-1,CUST246E67,2026-05-12,Savings Transfer,INTERNAL XFER - SAVINGS,86.39,debit,69733.83,False
99e4fecc-8,CUST246E67,2026-05-14,Dining/Restaurants,MCDONALDS #505,111.18,debit,69622.65,False
97d55951-2,CUST246E67,2026-05-16,Groceries,CARREFOUR HYPERMARKET,1214.62,debit,68408.03,False
aa5b0b23-7,CUST246E67,2026-05-16,Transportation,CAREEM RIDE,32.05,debit,68375.98,False
6e3fe62d-1,CUST246E67,2026-05-16,Savings Transfer,TRANSFER TO SAVINGS ACCT,55.34,debit,68320.64,False
1cc1acae-a,CUST246E67,2026-05-17,Shopping,MALL PURCHASE - POS,1196.24,debit,67124.4,False
6eb72405-f,CUST246E67,2026-05-19,Groceries,SPINNEYS #572,1959.13,debit,65165.27,False
b927087d-b,CUST246E67,2026-05-19,Healthcare,CLINIC VISIT FEE,497.05,debit,64668.22,False
1f38085f-4,CUST246E67,2026-05-20,Entertainment,CINEMA TICKET PURCHASE,5.0,debit,64663.22,False
2f72e74d-8,CUST246E67,2026-05-22,Rent/Installment,Monthly Rent Transfer,7234.1,debit,57429.12,False
14f1245b-1,CUST246E67,2026-05-22,Healthcare,PHARMACY PURCHASE,327.42,debit,57101.7,False
2010eadf-c,CUST246E67,2026-05-23,Transportation,FUEL STATION PURCHASE,375.44,debit,56726.26,False
468f828d-a,CUST246E67,2026-05-25,Utilities,Internet Bill - AUTOPAY,1668.8,debit,55057.46,False
acea6b23-4,CUST246E67,2026-05-25,Groceries,SPINNEYS #614,751.13,debit,54306.33,False
fbe355f7-a,CUST246E67,2026-05-25,Entertainment,GAMING STORE PURCHASE,47.85,debit,54258.48,False
eb9b5b08-8,CUST246E67,2026-05-26,Entertainment,CINEMA TICKET PURCHASE,260.45,debit,53998.03,False
ff27f715-c,CUST246E67,2026-05-27,Dining/Restaurants,POS - LOCAL RESTAURANT,742.62,debit,53255.41,False
3d1e2af5-4,CUST246E67,2026-05-27,Entertainment,GAMING STORE PURCHASE,21.17,debit,53234.24,False
18d2eafb-0,CUST246E67,2026-06-02,Salary,MONTHLY SALARY CREDIT,31000.0,credit,84234.24,False
388ad7d8-5,CUST246E67,2026-06-02,Groceries,SPINNEYS #306,716.4,debit,83517.84,False
cd7f2f5d-b,CUST246E67,2026-06-02,Shopping,ONLINE STORE CHECKOUT,251.1,debit,83266.74,False
86d87cf1-b,CUST246E67,2026-06-02,Healthcare,PHARMACY PURCHASE,1143.61,debit,82123.13,False
f014bae3-8,CUST246E67,2026-06-03,Groceries,POS PURCHASE - LOCAL MARKET,1027.58,debit,81095.55,False
8e2b3da8-5,CUST246E67,2026-06-03,Entertainment,NETFLIX PPV CHARGE,534.15,debit,80561.4,False
c6f783d9-e,CUST246E67,2026-06-05,Savings Transfer,INTERNAL XFER - SAVINGS,5.3,debit,80556.1,False
48e95436-6,CUST246E67,2026-06-09,Dining/Restaurants,MCDONALDS #918,55.02,debit,80501.08,False
78026a4c-8,CUST246E67,2026-06-10,Transportation,FUEL STATION PURCHASE,696.08,debit,79805.0,False
10910f46-8,CUST246E67,2026-06-12,Rent/Installment,ACH DEBIT - RENT PAYMENT,7790.43,debit,72014.57,False
26cc14a5-a,CUST246E67,2026-06-12,Subscriptions,GYM MEMBERSHIP AUTOPAY,343.64,debit,71670.93,False
2ad1c905-2,CUST246E67,2026-06-13,Dining/Restaurants,POS - LOCAL RESTAURANT,237.58,debit,71433.35,False
46546990-c,CUST246E67,2026-06-14,Dining/Restaurants,POS - LOCAL RESTAURANT,699.74,debit,70733.61,False
c62ecd36-c,CUST246E67,2026-06-15,Savings Transfer,TRANSFER TO SAVINGS ACCT,54.01,debit,70679.6,False
2f488312-b,CUST246E67,2026-06-16,Groceries,POS PURCHASE - LOCAL MARKET,1424.9,debit,69254.7,False
729a8c1a-1,CUST246E67,2026-06-16,Transportation,CAREEM RIDE,1509.53,debit,67745.17,False
01c0e36c-3,CUST246E67,2026-06-17,Savings Transfer,INTERNAL XFER - SAVINGS,96.2,debit,67648.97,False
8e1607bf-7,CUST246E67,2026-06-18,Entertainment,NETFLIX PPV CHARGE,200.5,debit,67448.47,False
0253bfd6-c,CUST246E67,2026-06-20,Shopping,MALL PURCHASE - POS,370.51,debit,67077.96,False
e567082c-e,CUST246E67,2026-06-20,Healthcare,LAB TEST PAYMENT,190.48,debit,66887.48,False
61975948-4,CUST246E67,2026-06-21,Savings Transfer,INTERNAL XFER - SAVINGS,8.28,debit,66879.2,False
22c42d3a-b,CUST246E67,2026-06-23,Dining/Restaurants,POS - LOCAL RESTAURANT,158.68,debit,66720.52,False
46291925-9,CUST246E67,2026-06-23,Shopping,MALL PURCHASE - POS,643.37,debit,66077.15,False
c2fb0679-9,CUST246E67,2026-06-25,Utilities,Internet Bill - AUTOPAY,1674.57,debit,64402.58,False
53a509de-a,CUST246E67,2026-06-25,Groceries,POS PURCHASE - LOCAL MARKET,672.6,debit,63729.98,False
34b264fa-1,CUST246E67,2026-06-26,Shopping,AMAZON.EG ORDER,834.14,debit,62895.84,False
d5a0e6a5-c,CUSTA09879,2026-01-01,Salary,MONTHLY SALARY CREDIT,9200.0,credit,11536.87,False
9285ce35-9,CUSTA09879,2026-01-01,Transportation,CAREEM RIDE,48.62,debit,11488.25,False
93ab4b7b-c,CUSTA09879,2026-01-02,Shopping,AMAZON.EG ORDER,312.28,debit,11175.97,False
b7c3cd75-8,CUSTA09879,2026-01-04,Savings Transfer,INTERNAL XFER - SAVINGS,32.47,debit,11143.5,False
814eef8c-4,CUSTA09879,2026-01-04,Savings Transfer,INTERNAL XFER - SAVINGS,29.4,debit,11114.1,False
40a04d27-a,CUSTA09879,2026-01-05,Transportation,UBER *TRIP 909,74.11,debit,11039.99,False
f3a0f5ea-9,CUSTA09879,2026-01-05,Transportation,FUEL STATION PURCHASE,299.96,debit,10740.03,False
fbc216c5-3,CUSTA09879,2026-01-05,Dining/Restaurants,CAFE PURCHASE,170.81,debit,10569.22,False
29727633-d,CUSTA09879,2026-01-05,Savings Transfer,INTERNAL XFER - SAVINGS,188.37,debit,10380.85,False
05c6d56a-e,CUSTA09879,2026-01-05,Savings Transfer,TRANSFER TO SAVINGS ACCT,6.32,debit,10374.53,False
4d242703-a,CUSTA09879,2026-01-06,Dining/Restaurants,MCDONALDS #543,38.01,debit,10336.52,False
f1f5db14-2,CUSTA09879,2026-01-06,Healthcare,CLINIC VISIT FEE,141.47,debit,10195.05,False
99bc3456-6,CUSTA09879,2026-01-09,Entertainment,CINEMA TICKET PURCHASE,44.83,debit,10150.22,False
b5f6c4ae-9,CUSTA09879,2026-01-09,Entertainment,CINEMA TICKET PURCHASE,109.71,debit,10040.51,False
f2c1c0c0-7,CUSTA09879,2026-01-10,Groceries,SPINNEYS #971,461.5,debit,9579.01,False
ddaca926-e,CUSTA09879,2026-01-11,Dining/Restaurants,CAFE PURCHASE,51.74,debit,9527.27,False
e6e224ae-1,CUSTA09879,2026-01-12,Transportation,CAREEM RIDE,187.93,debit,9339.34,False
6e1dbc88-1,CUSTA09879,2026-01-12,Entertainment,GAMING STORE PURCHASE,46.72,debit,9292.62,False
3c2d1602-6,CUSTA09879,2026-01-15,Rent/Installment,ACH DEBIT - RENT PAYMENT,2734.75,debit,6557.87,False
a0a058b5-b,CUSTA09879,2026-01-15,Dining/Restaurants,CAFE PURCHASE,317.08,debit,6240.79,False
7cc03df8-8,CUSTA09879,2026-01-15,Healthcare,PHARMACY PURCHASE,23.82,debit,6216.97,False
ef97d9ec-f,CUSTA09879,2026-01-15,Healthcare,PHARMACY PURCHASE,149.08,debit,6067.89,False
479a8988-a,CUSTA09879,2026-01-19,Subscriptions,SPOTIFY AB,206.99,debit,5860.9,False
e7fcaa9a-f,CUSTA09879,2026-01-20,Entertainment,GAMING STORE PURCHASE,82.47,debit,5778.43,False
2a0a252e-7,CUSTA09879,2026-01-20,Shopping,MALL PURCHASE - POS,117.95,debit,5660.48,False
27745e13-7,CUSTA09879,2026-01-21,Shopping,ONLINE STORE CHECKOUT,258.71,debit,5401.77,False
0fbc4b63-8,CUSTA09879,2026-01-23,Groceries,POS PURCHASE - LOCAL MARKET,377.59,debit,5024.18,False
6f177cad-8,CUSTA09879,2026-01-26,Utilities,Internet Bill - AUTOPAY,580.66,debit,4443.52,False
86894967-1,CUSTA09879,2026-01-26,Healthcare,LAB TEST PAYMENT,101.95,debit,4341.57,False
58f39662-6,CUSTA09879,2026-01-28,Dining/Restaurants,MCDONALDS #951,123.94,debit,4217.63,False
5823bd10-2,CUSTA09879,2026-02-02,Salary,MONTHLY SALARY CREDIT,9200.0,credit,13417.63,False
06d4b122-d,CUSTA09879,2026-02-02,Groceries,CARREFOUR HYPERMARKET,326.19,debit,13091.44,False
ffc8fc9c-2,CUSTA09879,2026-02-03,Groceries,SPINNEYS #617,398.92,debit,12692.52,False
bcfce818-f,CUSTA09879,2026-02-03,Transportation,CAREEM RIDE,23.41,debit,12669.11,False
cdf06e68-d,CUSTA09879,2026-02-04,Dining/Restaurants,POS - LOCAL RESTAURANT,97.23,debit,12571.88,False
79000c54-e,CUSTA09879,2026-02-04,Shopping,MALL PURCHASE - POS,11.22,debit,12560.66,False
4379bf9d-f,CUSTA09879,2026-02-04,Healthcare,PHARMACY PURCHASE,13.55,debit,12547.11,False
cce9b9d5-3,CUSTA09879,2026-02-06,Savings Transfer,INTERNAL XFER - SAVINGS,104.49,debit,12442.62,False
bcd2ccf4-1,CUSTA09879,2026-02-07,Transportation,CAREEM RIDE,232.91,debit,12209.71,False
38e43ff4-8,CUSTA09879,2026-02-07,Savings Transfer,TRANSFER TO SAVINGS ACCT,5.0,debit,12204.71,False
69b7eaf6-1,CUSTA09879,2026-02-08,Groceries,CARREFOUR HYPERMARKET,26.11,debit,12178.6,False
8bdd17b9-8,CUSTA09879,2026-02-09,Shopping,ONLINE STORE CHECKOUT,354.12,debit,11824.48,False
234fa583-8,CUSTA09879,2026-02-10,Groceries,POS PURCHASE - LOCAL MARKET,5.0,debit,11819.48,False
31e3d82d-b,CUSTA09879,2026-02-11,Healthcare,CLINIC VISIT FEE,49.88,debit,11769.6,False
4d58a728-6,CUSTA09879,2026-02-13,Transportation,UBER *TRIP 683,235.72,debit,11533.88,False
b12b1505-9,CUSTA09879,2026-02-14,Rent/Installment,ACH DEBIT - RENT PAYMENT,2740.54,debit,8793.34,False
d5caba8d-2,CUSTA09879,2026-02-16,Entertainment,GAMING STORE PURCHASE,12.04,debit,8781.3,False
537cb5d0-7,CUSTA09879,2026-02-18,Dining/Restaurants,POS - LOCAL RESTAURANT,658.49,debit,8122.81,False
d052dade-6,CUSTA09879,2026-02-18,Savings Transfer,INTERNAL XFER - SAVINGS,28.16,debit,8094.65,False
d8528c90-0,CUSTA09879,2026-02-19,Utilities,Internet Bill - NBE,561.25,debit,7533.4,False
f0ff2732-3,CUSTA09879,2026-02-19,Entertainment,NETFLIX PPV CHARGE,132.82,debit,7400.58,False
d45954af-7,CUSTA09879,2026-02-20,Groceries,POS PURCHASE - LOCAL MARKET,99.89,debit,7300.69,False
75919be9-a,CUSTA09879,2026-02-20,Entertainment,GAMING STORE PURCHASE,24.37,debit,7276.32,False
d5410932-5,CUSTA09879,2026-02-20,Entertainment,NETFLIX PPV CHARGE,52.08,debit,7224.24,False
f47792f3-c,CUSTA09879,2026-02-20,Entertainment,GAMING STORE PURCHASE,44.38,debit,7179.86,False
c4eff881-f,CUSTA09879,2026-02-21,Shopping,AMAZON.EG ORDER,96.88,debit,7082.98,False
2b156314-1,CUSTA09879,2026-02-22,Savings Transfer,INTERNAL XFER - SAVINGS,144.12,debit,6938.86,False
dc2538a2-c,CUSTA09879,2026-02-23,Healthcare,PHARMACY PURCHASE,228.75,debit,6710.11,False
cb4e2ee1-6,CUSTA09879,2026-02-24,Subscriptions,NETFLIX.COM SUBSCRIPTION,223.1,debit,6487.01,False
ccd6101f-1,CUSTA09879,2026-02-24,Healthcare,PHARMACY PURCHASE,22.23,debit,6464.78,False
b805da81-0,CUSTA09879,2026-02-25,Transportation,FUEL STATION PURCHASE,152.11,debit,6312.67,False
ccebc562-7,CUSTA09879,2026-02-25,Healthcare,LAB TEST PAYMENT,114.81,debit,6197.86,False
9558159a-b,CUSTA09879,2026-02-26,Shopping,ONLINE STORE CHECKOUT,212.16,debit,5985.7,False
fcce4bac-9,CUSTA09879,2026-03-02,Salary,MONTHLY SALARY CREDIT,9200.0,credit,15185.7,False
21d966d9-1,CUSTA09879,2026-03-02,Shopping,AMAZON.EG ORDER,47.66,debit,15138.04,False
56b6c701-0,CUSTA09879,2026-03-03,Groceries,SPINNEYS #552,24.88,debit,15113.16,False
56539d9e-2,CUSTA09879,2026-03-04,Transportation,CAREEM RIDE,41.14,debit,15072.02,False
8522f465-2,CUSTA09879,2026-03-06,Dining/Restaurants,POS - LOCAL RESTAURANT,5.0,debit,15067.02,False
babfea71-7,CUSTA09879,2026-03-06,Shopping,ONLINE STORE CHECKOUT,647.4,debit,14419.62,False
5149ec22-c,CUSTA09879,2026-03-06,Savings Transfer,TRANSFER TO SAVINGS ACCT,25.67,debit,14393.95,False
fe3fd178-0,CUSTA09879,2026-03-08,Transportation,UBER *TRIP 785,343.31,debit,14050.64,False
72143f2c-e,CUSTA09879,2026-03-08,Transportation,FUEL STATION PURCHASE,145.49,debit,13905.15,False
56cbdd8a-5,CUSTA09879,2026-03-08,Entertainment,GAMING STORE PURCHASE,199.45,debit,13705.7,False
95e79f97-2,CUSTA09879,2026-03-08,Savings Transfer,TRANSFER TO SAVINGS ACCT,126.81,debit,13578.89,False
2bccdf9e-6,CUSTA09879,2026-03-08,Savings Transfer,INTERNAL XFER - SAVINGS,45.56,debit,13533.33,False
2e6f5598-2,CUSTA09879,2026-03-09,Groceries,POS PURCHASE - LOCAL MARKET,350.46,debit,13182.87,False
5096eafc-6,CUSTA09879,2026-03-10,Rent/Installment,Home Loan Installment - NBE,2413.92,debit,10768.95,False
3c3a180d-a,CUSTA09879,2026-03-10,Groceries,CARREFOUR HYPERMARKET,209.85,debit,10559.1,False
b81b7e0c-b,CUSTA09879,2026-03-11,Dining/Restaurants,POS - LOCAL RESTAURANT,326.16,debit,10232.94,False
82c13c20-e,CUSTA09879,2026-03-11,Subscriptions,SPOTIFY AB,224.21,debit,10008.73,False
e024e163-3,CUSTA09879,2026-03-11,Healthcare,CLINIC VISIT FEE,178.46,debit,9830.27,False
b2b5321e-1,CUSTA09879,2026-03-11,Savings Transfer,INTERNAL XFER - SAVINGS,46.68,debit,9783.59,False
d3b4c63c-1,CUSTA09879,2026-03-13,Groceries,SPINNEYS #891,236.47,debit,9547.12,False
3ef119f4-8,CUSTA09879,2026-03-16,Utilities,WATER CO. AUTOPAY,548.23,debit,8998.89,False
b29253a7-f,CUSTA09879,2026-03-16,Dining/Restaurants,CAFE PURCHASE,395.45,debit,8603.44,False
f77d5c54-5,CUSTA09879,2026-03-19,Savings Transfer,TRANSFER TO SAVINGS ACCT,51.2,debit,8552.24,False
71484be2-3,CUSTA09879,2026-03-20,Transportation,FUEL STATION PURCHASE,84.32,debit,8467.92,False
d1671f0c-e,CUSTA09879,2026-03-23,Healthcare,PHARMACY PURCHASE,107.24,debit,8360.68,False
b6bd96f3-c,CUSTA09879,2026-03-24,Healthcare,CLINIC VISIT FEE,64.25,debit,8296.43,False
a81d9bdf-d,CUSTA09879,2026-03-25,Healthcare,PHARMACY PURCHASE,51.32,debit,8245.11,False
7445603e-a,CUSTA09879,2026-03-26,Healthcare,PHARMACY PURCHASE,62.2,debit,8182.91,False
d429ca5a-8,CUSTA09879,2026-03-27,Shopping,MALL PURCHASE - POS,26.21,debit,8156.7,False
3785e64e-6,CUSTA09879,2026-03-28,Entertainment,CINEMA TICKET PURCHASE,106.32,debit,8050.38,False
a0ee82c5-9,CUSTA09879,2026-04-02,Salary,MONTHLY SALARY CREDIT,9200.0,credit,17250.38,False
9b906d0a-b,CUSTA09879,2026-04-02,Rent/Installment,Monthly Rent Transfer,2652.97,debit,14597.41,False
b04d4846-a,CUSTA09879,2026-04-02,Shopping,AMAZON.EG ORDER,379.76,debit,14217.65,False
6e59aa77-b,CUSTA09879,2026-04-03,Savings Transfer,TRANSFER TO SAVINGS ACCT,83.3,debit,14134.35,False
a6b0dea3-3,CUSTA09879,2026-04-08,Groceries,CARREFOUR HYPERMARKET,309.14,debit,13825.21,False
418f03d1-e,CUSTA09879,2026-04-09,Savings Transfer,TRANSFER TO SAVINGS ACCT,70.75,debit,13754.46,False
4d7898b2-a,CUSTA09879,2026-04-10,Groceries,SPINNEYS #729,546.51,debit,13207.95,False
7dfc5008-3,CUSTA09879,2026-04-10,Shopping,MALL PURCHASE - POS,300.44,debit,12907.51,False
4d78b60b-4,CUSTA09879,2026-04-12,Shopping,ONLINE STORE CHECKOUT,32.27,debit,12875.24,False
fd4f2055-b,CUSTA09879,2026-04-13,Utilities,Internet Bill - ONLINE,507.73,debit,12367.51,False
bec9ccc9-8,CUSTA09879,2026-04-14,Savings Transfer,TRANSFER TO SAVINGS ACCT,53.1,debit,12314.41,False
aee9f92e-e,CUSTA09879,2026-04-15,Entertainment,CINEMA TICKET PURCHASE,7.66,debit,12306.75,False
61edef27-6,CUSTA09879,2026-04-15,Entertainment,GAMING STORE PURCHASE,26.99,debit,12279.76,False
dad83713-9,CUSTA09879,2026-04-15,Entertainment,GAMING STORE PURCHASE,114.36,debit,12165.4,False
27652e73-1,CUSTA09879,2026-04-15,Savings Transfer,TRANSFER TO SAVINGS ACCT,50.49,debit,12114.91,False
7056b48b-b,CUSTA09879,2026-04-17,Transportation,FUEL STATION PURCHASE,291.79,debit,11823.12,False
6b0c8a4d-3,CUSTA09879,2026-04-17,Entertainment,NETFLIX PPV CHARGE,27.53,debit,11795.59,False
da059fbe-d,CUSTA09879,2026-04-18,Transportation,FUEL STATION PURCHASE,269.18,debit,11526.41,False
d756bd40-d,CUSTA09879,2026-04-18,Dining/Restaurants,CAFE PURCHASE,48.81,debit,11477.6,False
6c95eb7b-c,CUSTA09879,2026-04-18,Dining/Restaurants,MCDONALDS #268,741.46,debit,10736.14,False
39c6f7e3-3,CUSTA09879,2026-04-18,Healthcare,CLINIC VISIT FEE,35.86,debit,10700.28,False
4fe2676e-3,CUSTA09879,2026-04-22,Healthcare,LAB TEST PAYMENT,40.51,debit,10659.77,False
4d6e6ea8-1,CUSTA09879,2026-04-24,Entertainment,CINEMA TICKET PURCHASE,126.2,debit,10533.57,False
6eaef56e-d,CUSTA09879,2026-04-24,Subscriptions,GYM MEMBERSHIP AUTOPAY,231.37,debit,10302.2,False
8f9f0f57-7,CUSTA09879,2026-04-24,Healthcare,PHARMACY PURCHASE,236.53,debit,10065.67,False
f7b730ab-b,CUSTA09879,2026-04-25,Transportation,UBER *TRIP 796,35.59,debit,10030.08,False
1dea72eb-3,CUSTA09879,2026-04-25,Healthcare,PHARMACY PURCHASE,41.84,debit,9988.24,False
d1a6facf-6,CUSTA09879,2026-04-25,Savings Transfer,TRANSFER TO SAVINGS ACCT,28.2,debit,9960.04,False
b7adceb1-6,CUSTA09879,2026-04-28,Transportation,UBER *TRIP 638,50.75,debit,9909.29,False
0cfa74b5-3,CUSTA09879,2026-04-28,Healthcare,CLINIC VISIT FEE,150.05,debit,9759.24,False
7bf700d1-e,CUSTA09879,2026-05-01,Salary,MONTHLY SALARY CREDIT,9200.0,credit,18959.24,False
2f7a3eaa-c,CUSTA09879,2026-05-02,Transportation,FUEL STATION PURCHASE,264.14,debit,18695.1,False
b94428ef-8,CUSTA09879,2026-05-07,Shopping,ONLINE STORE CHECKOUT,152.41,debit,18542.69,False
c550a48e-1,CUSTA09879,2026-05-08,Rent/Installment,Monthly Rent Transfer,2504.56,debit,16038.13,False
cc531792-4,CUSTA09879,2026-05-08,Shopping,ONLINE STORE CHECKOUT,65.48,debit,15972.65,False
3dc1f1cd-c,CUSTA09879,2026-05-09,Groceries,CARREFOUR HYPERMARKET,526.96,debit,15445.69,False
0388b71d-9,CUSTA09879,2026-05-10,Utilities,ELECTRICITY BILL PMT,490.13,debit,14955.56,False
409723f8-5,CUSTA09879,2026-05-10,Transportation,FUEL STATION PURCHASE,69.77,debit,14885.79,False
862258f9-d,CUSTA09879,2026-05-11,Healthcare,PHARMACY PURCHASE,203.91,debit,14681.88,False
6110cbfa-0,CUSTA09879,2026-05-11,Savings Transfer,INTERNAL XFER - SAVINGS,65.57,debit,14616.31,False
2ae75243-4,CUSTA09879,2026-05-13,Transportation,UBER *TRIP 872,106.67,debit,14509.64,False
a5728133-1,CUSTA09879,2026-05-13,Dining/Restaurants,CAFE PURCHASE,463.38,debit,14046.26,False
1d5d5fb8-5,CUSTA09879,2026-05-14,Groceries,POS PURCHASE - LOCAL MARKET,11.79,debit,14034.47,False
c2534720-4,CUSTA09879,2026-05-14,Healthcare,PHARMACY PURCHASE,112.2,debit,13922.27,False
45643031-b,CUSTA09879,2026-05-14,Healthcare,CLINIC VISIT FEE,86.28,debit,13835.99,False
1f77a4af-b,CUSTA09879,2026-05-15,Dining/Restaurants,POS - LOCAL RESTAURANT,54.71,debit,13781.28,False
b077a801-0,CUSTA09879,2026-05-16,Transportation,UBER *TRIP 969,121.19,debit,13660.09,False
92bf735b-6,CUSTA09879,2026-05-17,Groceries,CARREFOUR HYPERMARKET,195.26,debit,13464.83,False
b038a1f6-1,CUSTA09879,2026-05-18,Transportation,FUEL STATION PURCHASE,153.13,debit,13311.7,False
8d1b1269-8,CUSTA09879,2026-05-18,Entertainment,CINEMA TICKET PURCHASE,208.37,debit,13103.33,False
bc177c23-8,CUSTA09879,2026-05-18,Subscriptions,GYM MEMBERSHIP AUTOPAY,214.45,debit,12888.88,False
35033888-5,CUSTA09879,2026-05-18,Healthcare,LAB TEST PAYMENT,18.02,debit,12870.86,False
bec0c9b3-3,CUSTA09879,2026-05-20,Shopping,ONLINE STORE CHECKOUT,435.91,debit,12434.95,False
d20030fd-2,CUSTA09879,2026-05-21,Savings Transfer,TRANSFER TO SAVINGS ACCT,15.09,debit,12419.86,False
77c4bbac-8,CUSTA09879,2026-05-24,Groceries,CARREFOUR HYPERMARKET,90.2,debit,12329.66,False
dd2efaba-2,CUSTA09879,2026-05-24,Dining/Restaurants,MCDONALDS #152,173.8,debit,12155.86,False
0b6e9ca7-5,CUSTA09879,2026-05-24,Healthcare,PHARMACY PURCHASE,17.16,debit,12138.7,False
30548ec2-5,CUSTA09879,2026-05-24,Savings Transfer,INTERNAL XFER - SAVINGS,81.37,debit,12057.33,False
f90fce89-8,CUSTA09879,2026-05-24,Savings Transfer,INTERNAL XFER - SAVINGS,5.11,debit,12052.22,False
203e646f-3,CUSTA09879,2026-05-24,Savings Transfer,INTERNAL XFER - SAVINGS,99.72,debit,11952.5,False
f3cc375b-a,CUSTA09879,2026-05-25,Entertainment,GAMING STORE PURCHASE,48.3,debit,11904.2,False
8f07e3e4-6,CUSTA09879,2026-05-25,Shopping,MALL PURCHASE - POS,65.75,debit,11838.45,False
cdf52864-0,CUSTA09879,2026-06-01,Salary,MONTHLY SALARY CREDIT,9200.0,credit,21038.45,False
34150db1-3,CUSTA09879,2026-06-02,Subscriptions,NETFLIX.COM SUBSCRIPTION,222.48,debit,20815.97,False
b3b0f912-6,CUSTA09879,2026-06-03,Shopping,ONLINE STORE CHECKOUT,327.03,debit,20488.94,False
403d3fd9-6,CUSTA09879,2026-06-03,Savings Transfer,INTERNAL XFER - SAVINGS,184.01,debit,20304.93,False
fa8964fa-6,CUSTA09879,2026-06-04,Dining/Restaurants,MCDONALDS #636,397.76,debit,19907.17,False
0c7b1c42-c,CUSTA09879,2026-06-06,Healthcare,LAB TEST PAYMENT,68.56,debit,19838.61,False
7cdc37ef-5,CUSTA09879,2026-06-08,Entertainment,GAMING STORE PURCHASE,34.73,debit,19803.88,False
3ad5638c-f,CUSTA09879,2026-06-08,Shopping,AMAZON.EG ORDER,75.37,debit,19728.51,False
098372ff-6,CUSTA09879,2026-06-11,Savings Transfer,INTERNAL XFER - SAVINGS,55.93,debit,19672.58,False
c65c2374-b,CUSTA09879,2026-06-12,Entertainment,NETFLIX PPV CHARGE,71.66,debit,19600.92,False
a4ec9ba3-b,CUSTA09879,2026-06-14,Shopping,ONLINE STORE CHECKOUT,6.18,debit,19594.74,False
ffd2ce3a-b,CUSTA09879,2026-06-14,Savings Transfer,TRANSFER TO SAVINGS ACCT,27.01,debit,19567.73,False
786208f1-b,CUSTA09879,2026-06-15,Groceries,SPINNEYS #161,184.92,debit,19382.81,False
e1c2bb8f-b,CUSTA09879,2026-06-17,Transportation,FUEL STATION PURCHASE,669.54,debit,18713.27,False
f5a86c06-3,CUSTA09879,2026-06-18,Transportation,CAREEM RIDE,5.0,debit,18708.27,False
5a29b6a5-9,CUSTA09879,2026-06-19,Shopping,AMAZON.EG ORDER,30.51,debit,18677.76,False
7f53e18d-f,CUSTA09879,2026-06-19,Shopping,MALL PURCHASE - POS,214.78,debit,18462.98,False
2779eb4c-6,CUSTA09879,2026-06-21,Groceries,POS PURCHASE - LOCAL MARKET,660.56,debit,17802.42,False
2503e8d6-2,CUSTA09879,2026-06-22,Rent/Installment,ACH DEBIT - RENT PAYMENT,2781.93,debit,15020.49,False
dabdb9b8-b,CUSTA09879,2026-06-22,Entertainment,CINEMA TICKET PURCHASE,112.13,debit,14908.36,False
aea45973-8,CUSTA09879,2026-06-23,Dining/Restaurants,CAFE PURCHASE,401.3,debit,14507.06,False
d5766b9c-a,CUSTA09879,2026-06-23,Healthcare,CLINIC VISIT FEE,243.61,debit,14263.45,False
b823c9cb-0,CUSTA09879,2026-06-25,Entertainment,CINEMA TICKET PURCHASE,49.53,debit,14213.92,False
dddcde60-b,CUSTA09879,2026-06-27,Utilities,Internet Bill - NBE,518.88,debit,13695.04,False
d6da0e7c-4,CUSTA09879,2026-06-27,Healthcare,CLINIC VISIT FEE,102.81,debit,13592.23,False
33cf3e8b-b,CUST2FE7E1,2026-01-01,Transportation,CAREEM RIDE,29.42,debit,2355.71,False
23d32476-f,CUST2FE7E1,2026-01-03,Salary,MONTHLY SALARY CREDIT,28100.0,credit,30455.71,False
ad6bd857-2,CUST2FE7E1,2026-01-04,Groceries,CARREFOUR HYPERMARKET,2850.86,debit,27604.85,False
1f226078-2,CUST2FE7E1,2026-01-05,Utilities,Internet Bill - AUTOPAY,1327.92,debit,26276.93,False
259d1096-a,CUST2FE7E1,2026-01-05,Healthcare,LAB TEST PAYMENT,734.92,debit,25542.01,False
0eeedb91-6,CUST2FE7E1,2026-01-06,Shopping,ONLINE STORE CHECKOUT,1441.72,debit,24100.29,False
fddd6f7b-6,CUST2FE7E1,2026-01-07,Dining/Restaurants,POS - LOCAL RESTAURANT,818.21,debit,23282.08,False
15d61a9b-4,CUST2FE7E1,2026-01-08,Transportation,FUEL STATION PURCHASE,91.89,debit,23190.19,False
e6e97539-8,CUST2FE7E1,2026-01-09,Rent/Installment,ACH DEBIT - RENT PAYMENT,8967.5,debit,14222.69,False
a4e34379-9,CUST2FE7E1,2026-01-09,Healthcare,LAB TEST PAYMENT,15.92,debit,14206.77,False
60f44f4e-5,CUST2FE7E1,2026-01-10,Groceries,SPINNEYS #468,14.89,debit,14191.88,False
18f35b8e-c,CUST2FE7E1,2026-01-10,Entertainment,GAMING STORE PURCHASE,285.6,debit,13906.28,False
817e7721-0,CUST2FE7E1,2026-01-11,Entertainment,NETFLIX PPV CHARGE,480.38,debit,13425.9,False
8b92e342-2,CUST2FE7E1,2026-01-11,Entertainment,CINEMA TICKET PURCHASE,268.05,debit,13157.85,False
90442924-9,CUST2FE7E1,2026-01-12,Dining/Restaurants,POS - LOCAL RESTAURANT,599.54,debit,12558.31,False
6663f426-4,CUST2FE7E1,2026-01-14,Dining/Restaurants,POS - LOCAL RESTAURANT,102.13,debit,12456.18,False
45182ca9-9,CUST2FE7E1,2026-01-14,Healthcare,CLINIC VISIT FEE,146.78,debit,12309.4,False
77c6402c-0,CUST2FE7E1,2026-01-14,Savings Transfer,TRANSFER TO SAVINGS ACCT,1973.92,debit,10335.48,False
7d749c9d-0,CUST2FE7E1,2026-01-19,Shopping,AMAZON.EG ORDER,97.49,debit,10237.99,False
a9b5d88d-4,CUST2FE7E1,2026-01-20,Entertainment,CINEMA TICKET PURCHASE,5.0,debit,10232.99,False
e7aeb618-e,CUST2FE7E1,2026-01-20,Entertainment,GAMING STORE PURCHASE,419.78,debit,9813.21,False
1b7269d5-e,CUST2FE7E1,2026-01-20,Savings Transfer,TRANSFER TO SAVINGS ACCT,198.96,debit,9614.25,False
24786c90-a,CUST2FE7E1,2026-01-21,Dining/Restaurants,POS - LOCAL RESTAURANT,94.35,debit,9519.9,False
28085a2a-9,CUST2FE7E1,2026-01-22,Transportation,CAREEM RIDE,867.31,debit,8652.59,False
0929f740-3,CUST2FE7E1,2026-01-22,Savings Transfer,INTERNAL XFER - SAVINGS,1061.6,debit,7590.99,False
55493312-a,CUST2FE7E1,2026-01-22,Savings Transfer,INTERNAL XFER - SAVINGS,282.6,debit,7308.39,False
2cf2fa39-2,CUST2FE7E1,2026-01-23,Savings Transfer,TRANSFER TO SAVINGS ACCT,176.85,debit,7131.54,False
6798fcf8-2,CUST2FE7E1,2026-01-24,Subscriptions,SPOTIFY AB,298.02,debit,6833.52,False
ec61b00b-e,CUST2FE7E1,2026-01-25,Transportation,UBER *TRIP 842,970.27,debit,5863.25,False
cb23199a-d,CUST2FE7E1,2026-01-26,Transportation,CAREEM RIDE,192.84,debit,5670.41,False
bbd515ce-7,CUST2FE7E1,2026-01-26,Shopping,MALL PURCHASE - POS,599.48,debit,5070.93,False
4bd0ca02-8,CUST2FE7E1,2026-01-26,Healthcare,CLINIC VISIT FEE,66.69,debit,5004.24,False
45857eaf-1,CUST2FE7E1,2026-02-01,Savings Transfer,INTERNAL XFER - SAVINGS,1015.03,debit,3989.21,False
077db731-3,CUST2FE7E1,2026-02-02,Salary,MONTHLY SALARY CREDIT,28100.0,credit,32089.21,False
a678ef56-d,CUST2FE7E1,2026-02-02,Transportation,FUEL STATION PURCHASE,1035.52,debit,31053.69,False
2aa3b53c-9,CUST2FE7E1,2026-02-03,Groceries,CARREFOUR HYPERMARKET,511.46,debit,30542.23,False
d3d7d69d-5,CUST2FE7E1,2026-02-04,Rent/Installment,Home Loan Installment - ONLINE,9031.11,debit,21511.12,False
47fef692-f,CUST2FE7E1,2026-02-04,Transportation,CAREEM RIDE,753.15,debit,20757.97,False
bea7381a-8,CUST2FE7E1,2026-02-04,Shopping,MALL PURCHASE - POS,447.53,debit,20310.44,False
67b0b7d5-a,CUST2FE7E1,2026-02-04,Healthcare,PHARMACY PURCHASE,85.02,debit,20225.42,False
e428d385-4,CUST2FE7E1,2026-02-05,Groceries,SPINNEYS #419,633.66,debit,19591.76,False
72cb9410-a,CUST2FE7E1,2026-02-05,Healthcare,LAB TEST PAYMENT,255.84,debit,19335.92,False
92a9e922-a,CUST2FE7E1,2026-02-05,Savings Transfer,TRANSFER TO SAVINGS ACCT,32.32,debit,19303.6,False
eb7c339e-e,CUST2FE7E1,2026-02-06,Dining/Restaurants,CAFE PURCHASE,1226.06,debit,18077.54,False
c32ae7e6-f,CUST2FE7E1,2026-02-06,Dining/Restaurants,CAFE PURCHASE,584.58,debit,17492.96,False
3fc505cb-2,CUST2FE7E1,2026-02-07,Entertainment,CINEMA TICKET PURCHASE,361.42,debit,17131.54,False
2dfd63af-6,CUST2FE7E1,2026-02-11,Healthcare,PHARMACY PURCHASE,612.35,debit,16519.19,False
a09133ad-2,CUST2FE7E1,2026-02-12,Subscriptions,SPOTIFY AB,303.76,debit,16215.43,False
cf50f3c4-6,CUST2FE7E1,2026-02-13,Shopping,ONLINE STORE CHECKOUT,1440.21,debit,14775.22,False
afbdcdf9-3,CUST2FE7E1,2026-02-14,Entertainment,NETFLIX PPV CHARGE,283.16,debit,14492.06,False
b8e01621-6,CUST2FE7E1,2026-02-14,Entertainment,NETFLIX PPV CHARGE,265.87,debit,14226.19,False
e7e9e47f-4,CUST2FE7E1,2026-02-15,Transportation,CAREEM RIDE,373.69,debit,13852.5,False
cf9c8894-f,CUST2FE7E1,2026-02-16,Groceries,CARREFOUR HYPERMARKET,549.6,debit,13302.9,False
48b6d98c-7,CUST2FE7E1,2026-02-17,Groceries,CARREFOUR HYPERMARKET,1088.69,debit,12214.21,False
8c4fd9a9-a,CUST2FE7E1,2026-02-17,Shopping,ONLINE STORE CHECKOUT,383.14,debit,11831.07,False
da9baab3-4,CUST2FE7E1,2026-02-18,Utilities,Internet Bill - ONLINE,1318.62,debit,10512.45,False
7793cb49-7,CUST2FE7E1,2026-02-18,Savings Transfer,TRANSFER TO SAVINGS ACCT,2104.8,debit,8407.65,False
21550de9-0,CUST2FE7E1,2026-02-20,Entertainment,CINEMA TICKET PURCHASE,72.77,debit,8334.88,False
a9d80339-3,CUST2FE7E1,2026-02-20,Healthcare,PHARMACY PURCHASE,84.37,debit,8250.51,False
7efdafae-b,CUST2FE7E1,2026-02-20,Savings Transfer,TRANSFER TO SAVINGS ACCT,159.55,debit,8090.96,False
a4b065ff-f,CUST2FE7E1,2026-02-26,Entertainment,CINEMA TICKET PURCHASE,551.91,debit,7539.05,False
b3a6a97c-b,CUST2FE7E1,2026-02-27,Savings Transfer,INTERNAL XFER - SAVINGS,5.0,debit,7534.05,False
e3bba55b-e,CUST2FE7E1,2026-03-01,Savings Transfer,TRANSFER TO SAVINGS ACCT,1087.78,debit,6446.27,False
08b25eed-a,CUST2FE7E1,2026-03-02,Entertainment,GAMING STORE PURCHASE,215.87,debit,6230.4,False
452009f9-3,CUST2FE7E1,2026-03-02,Savings Transfer,TRANSFER TO SAVINGS ACCT,566.24,debit,5664.16,False
e295bff0-1,CUST2FE7E1,2026-03-03,Salary,MONTHLY SALARY CREDIT,28100.0,credit,33764.16,False
9234815f-e,CUST2FE7E1,2026-03-03,Subscriptions,GYM MEMBERSHIP AUTOPAY,320.94,debit,33443.22,False
a9e581ac-2,CUST2FE7E1,2026-03-04,Transportation,FUEL STATION PURCHASE,432.38,debit,33010.84,False
5ec9c4a1-b,CUST2FE7E1,2026-03-08,Dining/Restaurants,MCDONALDS #930,1296.72,debit,31714.12,False
e94dd89c-1,CUST2FE7E1,2026-03-08,Shopping,AMAZON.EG ORDER,294.63,debit,31419.49,False
ce955591-1,CUST2FE7E1,2026-03-09,Entertainment,GAMING STORE PURCHASE,41.47,debit,31378.02,False
a7659997-a,CUST2FE7E1,2026-03-11,Entertainment,GAMING STORE PURCHASE,63.01,debit,31315.01,False
32a82f37-0,CUST2FE7E1,2026-03-12,Healthcare,PHARMACY PURCHASE,117.45,debit,31197.56,False
599ac188-6,CUST2FE7E1,2026-03-13,Shopping,MALL PURCHASE - POS,5.0,debit,31192.56,False
4359d77d-b,CUST2FE7E1,2026-03-15,Transportation,FUEL STATION PURCHASE,1091.4,debit,30101.16,False
d50b4b23-5,CUST2FE7E1,2026-03-15,Transportation,CAREEM RIDE,483.23,debit,29617.93,False
7cd6d7d7-3,CUST2FE7E1,2026-03-15,Healthcare,LAB TEST PAYMENT,174.83,debit,29443.1,False
6ed8ec45-0,CUST2FE7E1,2026-03-15,Savings Transfer,INTERNAL XFER - SAVINGS,577.13,debit,28865.97,False
249f1fbf-6,CUST2FE7E1,2026-03-16,Utilities,ELECTRICITY BILL PMT,1342.0,debit,27523.97,False
af00a22c-2,CUST2FE7E1,2026-03-16,Healthcare,CLINIC VISIT FEE,435.3,debit,27088.67,False
890248ce-6,CUST2FE7E1,2026-03-18,Groceries,SPINNEYS #272,734.21,debit,26354.46,False
dd8621a4-a,CUST2FE7E1,2026-03-18,Groceries,POS PURCHASE - LOCAL MARKET,1891.03,debit,24463.43,False
79fe2e7d-7,CUST2FE7E1,2026-03-18,Savings Transfer,TRANSFER TO SAVINGS ACCT,934.44,debit,23528.99,False
b5781fc4-1,CUST2FE7E1,2026-03-19,Groceries,POS PURCHASE - LOCAL MARKET,46.05,debit,23482.94,False
2edc3abc-b,CUST2FE7E1,2026-03-19,Dining/Restaurants,CAFE PURCHASE,375.1,debit,23107.84,False
8af273fa-0,CUST2FE7E1,2026-03-19,Entertainment,NETFLIX PPV CHARGE,5.0,debit,23102.84,False
c96b44f3-4,CUST2FE7E1,2026-03-21,Shopping,MALL PURCHASE - POS,308.71,debit,22794.13,False
9ba9bf13-1,CUST2FE7E1,2026-03-22,Rent/Installment,Home Loan Installment - ONLINE,9793.89,debit,13000.24,False
c9d369ab-2,CUST2FE7E1,2026-03-22,Entertainment,CINEMA TICKET PURCHASE,1229.57,debit,11770.67,False
8c8c0a22-2,CUST2FE7E1,2026-03-25,Transportation,UBER *TRIP 404,6.48,debit,11764.19,False
65a0a111-b,CUST2FE7E1,2026-03-26,Savings Transfer,INTERNAL XFER - SAVINGS,129.4,debit,11634.79,False
0e8ec049-2,CUST2FE7E1,2026-03-27,Shopping,AMAZON.EG ORDER,1716.39,debit,9918.4,False
877f10b9-d,CUST2FE7E1,2026-03-28,Healthcare,LAB TEST PAYMENT,229.77,debit,9688.63,False
4843d50a-1,CUST2FE7E1,2026-04-01,Salary,MONTHLY SALARY CREDIT,28100.0,credit,37788.63,False
110c65ed-0,CUST2FE7E1,2026-04-02,Healthcare,PHARMACY PURCHASE,43.76,debit,37744.87,False
b53c99aa-4,CUST2FE7E1,2026-04-03,Groceries,POS PURCHASE - LOCAL MARKET,43.68,debit,37701.19,False
2a3584ad-b,CUST2FE7E1,2026-04-03,Transportation,UBER *TRIP 492,1525.48,debit,36175.71,False
d4ca459e-e,CUST2FE7E1,2026-04-03,Healthcare,PHARMACY PURCHASE,184.22,debit,35991.49,False
2895b4e6-5,CUST2FE7E1,2026-04-03,Savings Transfer,TRANSFER TO SAVINGS ACCT,71.74,debit,35919.75,False
5e199283-7,CUST2FE7E1,2026-04-04,Shopping,AMAZON.EG ORDER,778.79,debit,35140.96,False
df99a2dc-9,CUST2FE7E1,2026-04-05,Rent/Installment,Monthly Rent Transfer,10775.68,debit,24365.28,False
7b177fb5-c,CUST2FE7E1,2026-04-05,Savings Transfer,INTERNAL XFER - SAVINGS,1354.97,debit,23010.31,False
b39a681e-6,CUST2FE7E1,2026-04-06,Dining/Restaurants,POS - LOCAL RESTAURANT,959.15,debit,22051.16,False
b15af113-3,CUST2FE7E1,2026-04-07,Groceries,SPINNEYS #179,939.62,debit,21111.54,False
eaa16421-f,CUST2FE7E1,2026-04-07,Dining/Restaurants,CAFE PURCHASE,612.4,debit,20499.14,False
df0b5d61-b,CUST2FE7E1,2026-04-08,Entertainment,NETFLIX PPV CHARGE,1072.09,debit,19427.05,False
3d23e5c7-9,CUST2FE7E1,2026-04-08,Entertainment,GAMING STORE PURCHASE,176.8,debit,19250.25,False
94b855e9-1,CUST2FE7E1,2026-04-09,Utilities,ELECTRICITY BILL PMT,1350.68,debit,17899.57,False
5afac195-8,CUST2FE7E1,2026-04-11,Subscriptions,NETFLIX.COM SUBSCRIPTION,361.21,debit,17538.36,False
d9f637b4-c,CUST2FE7E1,2026-04-12,Transportation,CAREEM RIDE,380.19,debit,17158.17,False
c6dc7e30-5,CUST2FE7E1,2026-04-13,Shopping,MALL PURCHASE - POS,365.93,debit,16792.24,False
84186485-6,CUST2FE7E1,2026-04-14,Transportation,FUEL STATION PURCHASE,20.64,debit,16771.6,False
3b0da041-0,CUST2FE7E1,2026-04-14,Entertainment,NETFLIX PPV CHARGE,22.65,debit,16748.95,False
61579438-c,CUST2FE7E1,2026-04-14,Savings Transfer,TRANSFER TO SAVINGS ACCT,1210.76,debit,15538.19,False
0b197346-4,CUST2FE7E1,2026-04-18,Savings Transfer,INTERNAL XFER - SAVINGS,384.25,debit,15153.94,False
029b0d67-0,CUST2FE7E1,2026-04-19,Entertainment,GAMING STORE PURCHASE,142.55,debit,15011.39,False
929c5931-9,CUST2FE7E1,2026-04-20,Shopping,AMAZON.EG ORDER,762.48,debit,14248.91,False
c06e09e4-d,CUST2FE7E1,2026-04-21,Groceries,SPINNEYS #843,145.04,debit,14103.87,False
cd719d14-1,CUST2FE7E1,2026-04-21,Savings Transfer,TRANSFER TO SAVINGS ACCT,346.53,debit,13757.34,False
ac89a63d-0,CUST2FE7E1,2026-04-24,Transportation,UBER *TRIP 205,270.09,debit,13487.25,False
c6a67e15-b,CUST2FE7E1,2026-04-24,Entertainment,GAMING STORE PURCHASE,230.27,debit,13256.98,False
d5c304a3-8,CUST2FE7E1,2026-04-25,Groceries,CARREFOUR HYPERMARKET,1672.38,debit,11584.6,False
889ad49d-f,CUST2FE7E1,2026-04-25,Transportation,UBER *TRIP 756,26.33,debit,11558.27,False
6a71fd68-9,CUST2FE7E1,2026-04-25,Healthcare,PHARMACY PURCHASE,732.88,debit,10825.39,False
0849c730-c,CUST2FE7E1,2026-04-26,Shopping,AMAZON.EG ORDER,32.59,debit,10792.8,False
3f9f6195-2,CUST2FE7E1,2026-05-01,Salary,MONTHLY SALARY CREDIT,28100.0,credit,38892.8,False
b93992ef-a,CUST2FE7E1,2026-05-01,Dining/Restaurants,MCDONALDS #979,975.01,debit,37917.79,False
c5010bf3-a,CUST2FE7E1,2026-05-02,Entertainment,GAMING STORE PURCHASE,257.61,debit,37660.18,False
c6f51f33-a,CUST2FE7E1,2026-05-02,Savings Transfer,TRANSFER TO SAVINGS ACCT,976.07,debit,36684.11,False
9b944362-5,CUST2FE7E1,2026-05-03,Shopping,MALL PURCHASE - POS,1819.24,debit,34864.87,False
5b13457e-1,CUST2FE7E1,2026-05-04,Rent/Installment,Home Loan Installment - ONLINE,10636.34,debit,24228.53,False
32144b9c-c,CUST2FE7E1,2026-05-04,Transportation,UBER *TRIP 443,263.61,debit,23964.92,False
b5a803cc-4,CUST2FE7E1,2026-05-04,Dining/Restaurants,CAFE PURCHASE,393.38,debit,23571.54,False
85baeaea-8,CUST2FE7E1,2026-05-04,Dining/Restaurants,MCDONALDS #858,173.58,debit,23397.96,False
fd024188-1,CUST2FE7E1,2026-05-05,Healthcare,PHARMACY PURCHASE,422.18,debit,22975.78,False
9f367597-a,CUST2FE7E1,2026-05-09,Transportation,FUEL STATION PURCHASE,294.56,debit,22681.22,False
ffab8706-1,CUST2FE7E1,2026-05-10,Subscriptions,SPOTIFY AB,347.17,debit,22334.05,False
9039fce3-c,CUST2FE7E1,2026-05-11,Entertainment,CINEMA TICKET PURCHASE,800.71,debit,21533.34,False
1f82991a-4,CUST2FE7E1,2026-05-11,Entertainment,NETFLIX PPV CHARGE,57.75,debit,21475.59,False
f0cd4e8a-a,CUST2FE7E1,2026-05-11,Savings Transfer,TRANSFER TO SAVINGS ACCT,30.55,debit,21445.04,False
c3834418-0,CUST2FE7E1,2026-05-12,Groceries,POS PURCHASE - LOCAL MARKET,805.22,debit,20639.82,False
189aef3f-f,CUST2FE7E1,2026-05-13,Savings Transfer,INTERNAL XFER - SAVINGS,1994.4,debit,18645.42,False
8c298eed-a,CUST2FE7E1,2026-05-16,Transportation,CAREEM RIDE,454.56,debit,18190.86,False
a0787b6f-8,CUST2FE7E1,2026-05-17,Savings Transfer,TRANSFER TO SAVINGS ACCT,183.15,debit,18007.71,False
2e4a8cca-4,CUST2FE7E1,2026-05-19,Entertainment,NETFLIX PPV CHARGE,57.09,debit,17950.62,False
95668364-f,CUST2FE7E1,2026-05-19,Healthcare,CLINIC VISIT FEE,99.92,debit,17850.7,False
502a32d0-3,CUST2FE7E1,2026-05-20,Healthcare,PHARMACY PURCHASE,194.23,debit,17656.47,False
4b115034-a,CUST2FE7E1,2026-05-22,Utilities,Internet Bill - ONLINE,1144.75,debit,16511.72,False
1a968c2d-0,CUST2FE7E1,2026-05-23,Groceries,CARREFOUR HYPERMARKET,1951.43,debit,14560.29,False
70f14bd0-b,CUST2FE7E1,2026-05-23,Transportation,FUEL STATION PURCHASE,1064.06,debit,13496.23,False
aed31fb1-8,CUST2FE7E1,2026-05-24,Entertainment,GAMING STORE PURCHASE,266.32,debit,13229.91,False
698d2f8c-a,CUST2FE7E1,2026-05-24,Healthcare,LAB TEST PAYMENT,251.55,debit,12978.36,False
7976a4b6-9,CUST2FE7E1,2026-05-26,Shopping,ONLINE STORE CHECKOUT,397.57,debit,12580.79,False
372746c3-2,CUST2FE7E1,2026-06-01,Salary,MONTHLY SALARY CREDIT,28100.0,credit,40680.79,False
48872a06-6,CUST2FE7E1,2026-06-02,Dining/Restaurants,MCDONALDS #955,63.19,debit,40617.6,False
46b5f327-6,CUST2FE7E1,2026-06-02,Entertainment,CINEMA TICKET PURCHASE,626.03,debit,39991.57,False
536b1894-8,CUST2FE7E1,2026-06-02,Subscriptions,NETFLIX.COM SUBSCRIPTION,358.28,debit,39633.29,False
b4a0a9ae-f,CUST2FE7E1,2026-06-02,Healthcare,PHARMACY PURCHASE,523.6,debit,39109.69,False
8f5930e5-0,CUST2FE7E1,2026-06-03,Shopping,MALL PURCHASE - POS,1554.46,debit,37555.23,False
b479f8e4-b,CUST2FE7E1,2026-06-04,Transportation,UBER *TRIP 208,447.69,debit,37107.54,False
2ec26424-c,CUST2FE7E1,2026-06-04,Transportation,FUEL STATION PURCHASE,1547.62,debit,35559.92,False
03a2cd62-8,CUST2FE7E1,2026-06-04,Entertainment,CINEMA TICKET PURCHASE,130.22,debit,35429.7,False
e8957a1b-7,CUST2FE7E1,2026-06-05,Dining/Restaurants,MCDONALDS #828,180.01,debit,35249.69,False
6007e3c2-6,CUST2FE7E1,2026-06-05,Healthcare,PHARMACY PURCHASE,29.91,debit,35219.78,False
185e4bce-d,CUST2FE7E1,2026-06-06,Healthcare,CLINIC VISIT FEE,367.8,debit,34851.98,False
90e432db-b,CUST2FE7E1,2026-06-07,Transportation,UBER *TRIP 898,169.5,debit,34682.48,False
a4caed71-5,CUST2FE7E1,2026-06-08,Rent/Installment,Monthly Rent Transfer,8909.45,debit,25773.03,False
7f3b02ba-6,CUST2FE7E1,2026-06-08,Savings Transfer,TRANSFER TO SAVINGS ACCT,2004.92,debit,23768.11,False
c00b8d74-1,CUST2FE7E1,2026-06-09,Groceries,SPINNEYS #920,982.94,debit,22785.17,False
a92f9373-9,CUST2FE7E1,2026-06-12,Dining/Restaurants,POS - LOCAL RESTAURANT,705.75,debit,22079.42,False
747aa613-0,CUST2FE7E1,2026-06-12,Savings Transfer,INTERNAL XFER - SAVINGS,482.14,debit,21597.28,False
35a100d9-e,CUST2FE7E1,2026-06-12,Savings Transfer,INTERNAL XFER - SAVINGS,632.69,debit,20964.59,False
e1455cb5-d,CUST2FE7E1,2026-06-15,Utilities,Internet Bill - ONLINE,1355.99,debit,19608.6,False
66dd2492-7,CUST2FE7E1,2026-06-15,Transportation,CAREEM RIDE,104.62,debit,19503.98,False
1f849f46-5,CUST2FE7E1,2026-06-16,Healthcare,CLINIC VISIT FEE,72.18,debit,19431.8,False
4666fd97-e,CUST2FE7E1,2026-06-19,Groceries,POS PURCHASE - LOCAL MARKET,1068.47,debit,18363.33,False
863300c6-4,CUST2FE7E1,2026-06-19,Entertainment,NETFLIX PPV CHARGE,199.88,debit,18163.45,False
f5c35263-4,CUST2FE7E1,2026-06-20,Healthcare,PHARMACY PURCHASE,45.65,debit,18117.8,False
edf85e29-f,CUST2FE7E1,2026-06-21,Entertainment,GAMING STORE PURCHASE,410.55,debit,17707.25,False
d0d1afd4-3,CUST2FE7E1,2026-06-21,Shopping,MALL PURCHASE - POS,383.17,debit,17324.08,False
6c611619-2,CUST2FE7E1,2026-06-22,Groceries,CARREFOUR HYPERMARKET,658.03,debit,16666.05,False
7be8999f-2,CUST2FE7E1,2026-06-22,Dining/Restaurants,POS - LOCAL RESTAURANT,526.23,debit,16139.82,False
1564ffc1-7,CUST2FE7E1,2026-06-27,Dining/Restaurants,CAFE PURCHASE,201.0,debit,15938.82,False
4244e861-9,CUST2FE7E1,2026-06-27,Entertainment,NETFLIX PPV CHARGE,8.02,debit,15930.8,False
a9771e17-5,CUSTC63A8C,2026-01-01,Groceries,POS PURCHASE - LOCAL MARKET,2790.48,debit,1547.13,False
0a0ce1b7-6,CUSTC63A8C,2026-01-01,Shopping,ONLINE STORE CHECKOUT,963.11,debit,584.02,False
17f67ef5-7,CUSTC63A8C,2026-01-02,Transportation,UBER *TRIP 251,640.51,debit,-56.49,False
ecd56985-f,CUSTC63A8C,2026-01-03,Salary,MONTHLY SALARY CREDIT,31800.0,credit,31743.51,False
3ddb0940-3,CUSTC63A8C,2026-01-03,Savings Transfer,TRANSFER TO SAVINGS ACCT,36.74,debit,31706.77,False
72302814-3,CUSTC63A8C,2026-01-04,Dining/Restaurants,POS - LOCAL RESTAURANT,505.16,debit,31201.61,False
16d0e21c-a,CUSTC63A8C,2026-01-04,Savings Transfer,INTERNAL XFER - SAVINGS,104.06,debit,31097.55,False
f6857e0e-5,CUSTC63A8C,2026-01-06,Groceries,SPINNEYS #138,344.08,debit,30753.47,False
2cfb2685-8,CUSTC63A8C,2026-01-06,Entertainment,GAMING STORE PURCHASE,404.92,debit,30348.55,False
0f728ac0-3,CUSTC63A8C,2026-01-06,Healthcare,LAB TEST PAYMENT,221.84,debit,30126.71,False
03c5eadc-1,CUSTC63A8C,2026-01-07,Groceries,SPINNEYS #655,431.07,debit,29695.64,False
fd4b2692-b,CUSTC63A8C,2026-01-08,Healthcare,LAB TEST PAYMENT,373.88,debit,29321.76,False
6e10683e-5,CUSTC63A8C,2026-01-09,Healthcare,PHARMACY PURCHASE,27.79,debit,29293.97,False
98571113-7,CUSTC63A8C,2026-01-10,Shopping,AMAZON.EG ORDER,1024.79,debit,28269.18,False
79f6db93-a,CUSTC63A8C,2026-01-11,Transportation,FUEL STATION PURCHASE,24.45,debit,28244.73,False
6f793c85-c,CUSTC63A8C,2026-01-11,Transportation,FUEL STATION PURCHASE,562.04,debit,27682.69,False
011823d0-3,CUSTC63A8C,2026-01-11,Savings Transfer,INTERNAL XFER - SAVINGS,13.42,debit,27669.27,False
51eb1b8f-7,CUSTC63A8C,2026-01-13,Savings Transfer,INTERNAL XFER - SAVINGS,214.23,debit,27455.04,False
edae537c-e,CUSTC63A8C,2026-01-15,Healthcare,PHARMACY PURCHASE,800.24,debit,26654.8,False
38d5c903-2,CUSTC63A8C,2026-01-18,Rent/Installment,Monthly Rent Transfer,7021.39,debit,19633.41,False
3753e518-d,CUSTC63A8C,2026-01-19,Groceries,POS PURCHASE - LOCAL MARKET,434.33,debit,19199.08,False
982240b9-e,CUSTC63A8C,2026-01-20,Entertainment,NETFLIX PPV CHARGE,366.77,debit,18832.31,False
ef82b5dd-2,CUSTC63A8C,2026-01-21,Entertainment,NETFLIX PPV CHARGE,598.66,debit,18233.65,False
d17094fb-d,CUSTC63A8C,2026-01-21,Savings Transfer,TRANSFER TO SAVINGS ACCT,66.03,debit,18167.62,False
3edb547c-b,CUSTC63A8C,2026-01-22,Healthcare,LAB TEST PAYMENT,153.56,debit,18014.06,False
f24d6d7c-4,CUSTC63A8C,2026-01-23,Dining/Restaurants,CAFE PURCHASE,237.3,debit,17776.76,False
51f5f039-f,CUSTC63A8C,2026-01-26,Utilities,WATER CO. AUTOPAY,1835.94,debit,15940.82,False
6f26dfd1-3,CUSTC63A8C,2026-01-26,Subscriptions,GYM MEMBERSHIP AUTOPAY,973.28,debit,14967.54,False
39b8707c-7,CUSTC63A8C,2026-01-28,Dining/Restaurants,POS - LOCAL RESTAURANT,2548.1,debit,12419.44,False
d2203abf-d,CUSTC63A8C,2026-01-28,Shopping,ONLINE STORE CHECKOUT,720.43,debit,11699.01,False
cc3adaaf-f,CUSTC63A8C,2026-02-02,Salary,MONTHLY SALARY CREDIT,31800.0,credit,43499.01,False
1e63cf05-d,CUSTC63A8C,2026-02-02,Transportation,CAREEM RIDE,565.04,debit,42933.97,False
ca93cb9f-4,CUSTC63A8C,2026-02-03,Utilities,WATER CO. AUTOPAY,1825.58,debit,41108.39,False
2d9f14f0-d,CUSTC63A8C,2026-02-03,Dining/Restaurants,POS - LOCAL RESTAURANT,12.88,debit,41095.51,False
ee2c4ef8-5,CUSTC63A8C,2026-02-03,Shopping,ONLINE STORE CHECKOUT,1074.4,debit,40021.11,False
a852f83f-e,CUSTC63A8C,2026-02-04,Dining/Restaurants,MCDONALDS #311,3192.0,debit,36829.11,False
78404379-1,CUSTC63A8C,2026-02-04,Entertainment,NETFLIX PPV CHARGE,719.18,debit,36109.93,False
18f92d9c-7,CUSTC63A8C,2026-02-05,Shopping,ONLINE STORE CHECKOUT,186.61,debit,35923.32,False
6f4eab28-c,CUSTC63A8C,2026-02-06,Groceries,CARREFOUR HYPERMARKET,2623.53,debit,33299.79,False
ab5e641e-4,CUSTC63A8C,2026-02-07,Healthcare,PHARMACY PURCHASE,690.13,debit,32609.66,False
45e70905-e,CUSTC63A8C,2026-02-08,Shopping,MALL PURCHASE - POS,450.86,debit,32158.8,False
8720f84b-c,CUSTC63A8C,2026-02-09,Shopping,MALL PURCHASE - POS,451.74,debit,31707.06,False
c09ea107-2,CUSTC63A8C,2026-02-10,Transportation,CAREEM RIDE,183.54,debit,31523.52,False
e2ba7b33-b,CUSTC63A8C,2026-02-11,Savings Transfer,TRANSFER TO SAVINGS ACCT,69.55,debit,31453.97,False
ef1301ff-b,CUSTC63A8C,2026-02-13,Rent/Installment,ACH DEBIT - RENT PAYMENT,6916.17,debit,24537.8,False
e6539ecd-1,CUSTC63A8C,2026-02-13,Subscriptions,GYM MEMBERSHIP AUTOPAY,870.01,debit,23667.79,False
cfada53c-c,CUSTC63A8C,2026-02-14,Shopping,ONLINE STORE CHECKOUT,279.79,debit,23388.0,False
211d1d3a-f,CUSTC63A8C,2026-02-16,Entertainment,NETFLIX PPV CHARGE,799.46,debit,22588.54,False
a6b6e48c-4,CUSTC63A8C,2026-02-18,Savings Transfer,INTERNAL XFER - SAVINGS,25.42,debit,22563.12,False
7144296e-e,CUSTC63A8C,2026-02-19,Healthcare,LAB TEST PAYMENT,102.09,debit,22461.03,False
37ccd08c-a,CUSTC63A8C,2026-02-20,Savings Transfer,INTERNAL XFER - SAVINGS,83.45,debit,22377.58,False
08c5c92c-1,CUSTC63A8C,2026-02-21,Groceries,CARREFOUR HYPERMARKET,1989.86,debit,20387.72,False
6676ba94-4,CUSTC63A8C,2026-02-21,Dining/Restaurants,CAFE PURCHASE,171.13,debit,20216.59,False
97a9320a-3,CUSTC63A8C,2026-02-22,Healthcare,LAB TEST PAYMENT,154.98,debit,20061.61,False
a14308fe-1,CUSTC63A8C,2026-02-24,Transportation,FUEL STATION PURCHASE,518.65,debit,19542.96,False
fd5b7bb7-3,CUSTC63A8C,2026-02-25,Healthcare,CLINIC VISIT FEE,287.35,debit,19255.61,False
826f7fee-f,CUSTC63A8C,2026-02-28,Healthcare,LAB TEST PAYMENT,380.6,debit,18875.01,False
a4ded122-9,CUSTC63A8C,2026-02-28,Savings Transfer,INTERNAL XFER - SAVINGS,184.9,debit,18690.11,False
33f1b0ca-f,CUSTC63A8C,2026-02-28,Savings Transfer,TRANSFER TO SAVINGS ACCT,107.01,debit,18583.1,False
71f34cf7-7,CUSTC63A8C,2026-03-01,Salary,MONTHLY SALARY CREDIT,31800.0,credit,50383.1,False
48162397-0,CUSTC63A8C,2026-03-04,Healthcare,LAB TEST PAYMENT,739.11,debit,49643.99,False
4ae4b421-b,CUSTC63A8C,2026-03-06,Groceries,SPINNEYS #512,1793.62,debit,47850.37,False
0ac7a37b-e,CUSTC63A8C,2026-03-06,Healthcare,CLINIC VISIT FEE,275.22,debit,47575.15,False
6393de48-b,CUSTC63A8C,2026-03-07,Entertainment,NETFLIX PPV CHARGE,273.11,debit,47302.04,False
75ac0c10-4,CUSTC63A8C,2026-03-08,Dining/Restaurants,MCDONALDS #407,3285.01,debit,44017.03,False
c38e75fb-4,CUSTC63A8C,2026-03-09,Transportation,CAREEM RIDE,1042.43,debit,42974.6,False
6bf9371a-7,CUSTC63A8C,2026-03-12,Healthcare,CLINIC VISIT FEE,190.63,debit,42783.97,False
e6add42d-7,CUSTC63A8C,2026-03-12,Healthcare,CLINIC VISIT FEE,258.25,debit,42525.72,False
b2386fbf-f,CUSTC63A8C,2026-03-13,Groceries,CARREFOUR HYPERMARKET,560.64,debit,41965.08,False
c2e37dc7-4,CUSTC63A8C,2026-03-13,Shopping,AMAZON.EG ORDER,185.82,debit,41779.26,False
a382a6a4-c,CUSTC63A8C,2026-03-13,Savings Transfer,TRANSFER TO SAVINGS ACCT,142.94,debit,41636.32,False
7026a6a3-0,CUSTC63A8C,2026-03-15,Dining/Restaurants,POS - LOCAL RESTAURANT,92.9,debit,41543.42,False
fdfc52d5-e,CUSTC63A8C,2026-03-15,Subscriptions,NETFLIX.COM SUBSCRIPTION,905.96,debit,40637.46,False
41b1ddd9-4,CUSTC63A8C,2026-03-19,Rent/Installment,Monthly Rent Transfer,6883.73,debit,33753.73,False
aa359bc0-9,CUSTC63A8C,2026-03-19,Utilities,ELECTRICITY BILL PMT,1962.26,debit,31791.47,False
1a9ecfd1-8,CUSTC63A8C,2026-03-19,Groceries,POS PURCHASE - LOCAL MARKET,1212.75,debit,30578.72,False
71dbd47a-d,CUSTC63A8C,2026-03-19,Shopping,AMAZON.EG ORDER,1823.57,debit,28755.15,False
fb591f77-6,CUSTC63A8C,2026-03-20,Groceries,POS PURCHASE - LOCAL MARKET,1024.36,debit,27730.79,False
5a63ac87-c,CUSTC63A8C,2026-03-25,Entertainment,GAMING STORE PURCHASE,1180.09,debit,26550.7,False
5ccec4ac-9,CUSTC63A8C,2026-03-25,Savings Transfer,TRANSFER TO SAVINGS ACCT,358.48,debit,26192.22,False
eb92685c-1,CUSTC63A8C,2026-03-27,Transportation,CAREEM RIDE,355.4,debit,25836.82,False
ecfa12bd-6,CUSTC63A8C,2026-03-27,Shopping,AMAZON.EG ORDER,822.45,debit,25014.37,False
180a9a1e-0,CUSTC63A8C,2026-04-03,Salary,MONTHLY SALARY CREDIT,31800.0,credit,56814.37,False
decb2af9-b,CUSTC63A8C,2026-04-04,Transportation,UBER *TRIP 623,281.12,debit,56533.25,False
da9e144e-1,CUSTC63A8C,2026-04-04,Healthcare,CLINIC VISIT FEE,569.47,debit,55963.78,False
7f191886-e,CUSTC63A8C,2026-04-05,Shopping,ONLINE STORE CHECKOUT,479.03,debit,55484.75,False
d1bd124c-1,CUSTC63A8C,2026-04-05,Savings Transfer,TRANSFER TO SAVINGS ACCT,399.18,debit,55085.57,False
e06cff12-f,CUSTC63A8C,2026-04-06,Shopping,MALL PURCHASE - POS,454.19,debit,54631.38,False
1e8d2baa-b,CUSTC63A8C,2026-04-07,Rent/Installment,Home Loan Installment - AUTOPAY,6997.63,debit,47633.75,False
6d3f1baf-b,CUSTC63A8C,2026-04-08,Subscriptions,GYM MEMBERSHIP AUTOPAY,900.77,debit,46732.98,False
44e105fd-1,CUSTC63A8C,2026-04-09,Groceries,POS PURCHASE - LOCAL MARKET,39.18,debit,46693.8,False
76036f42-9,CUSTC63A8C,2026-04-09,Dining/Restaurants,CAFE PURCHASE,205.58,debit,46488.22,False
cfcdc50e-e,CUSTC63A8C,2026-04-09,Dining/Restaurants,CAFE PURCHASE,142.56,debit,46345.66,False
48bafdde-e,CUSTC63A8C,2026-04-10,Dining/Restaurants,MCDONALDS #253,613.08,debit,45732.58,False
666ada99-b,CUSTC63A8C,2026-04-10,Entertainment,NETFLIX PPV CHARGE,949.97,debit,44782.61,False
f5160707-2,CUSTC63A8C,2026-04-11,Entertainment,GAMING STORE PURCHASE,403.99,debit,44378.62,False
2bdab19d-4,CUSTC63A8C,2026-04-13,Entertainment,GAMING STORE PURCHASE,36.75,debit,44341.87,False
898cead6-9,CUSTC63A8C,2026-04-14,Groceries,SPINNEYS #972,1846.33,debit,42495.54,False
62ea6d9b-9,CUSTC63A8C,2026-04-14,Savings Transfer,INTERNAL XFER - SAVINGS,59.2,debit,42436.34,False
89f5c3b7-9,CUSTC63A8C,2026-04-16,Healthcare,PHARMACY PURCHASE,186.63,debit,42249.71,False
22ab963e-c,CUSTC63A8C,2026-04-19,Healthcare,LAB TEST PAYMENT,141.08,debit,42108.63,False
d214d5e8-e,CUSTC63A8C,2026-04-22,Shopping,MALL PURCHASE - POS,258.0,debit,41850.63,False
b696baf2-5,CUSTC63A8C,2026-04-23,Groceries,POS PURCHASE - LOCAL MARKET,2743.53,debit,39107.1,False
01b008f1-5,CUSTC63A8C,2026-04-23,Entertainment,GAMING STORE PURCHASE,58.74,debit,39048.36,False
6d5dec3d-1,CUSTC63A8C,2026-04-25,Dining/Restaurants,MCDONALDS #158,2259.21,debit,36789.15,False
932ac80d-7,CUSTC63A8C,2026-04-26,Shopping,ONLINE STORE CHECKOUT,168.67,debit,36620.48,False
60627add-3,CUSTC63A8C,2026-04-27,Transportation,FUEL STATION PURCHASE,623.27,debit,35997.21,False
6945a83d-1,CUSTC63A8C,2026-04-27,Transportation,CAREEM RIDE,431.1,debit,35566.11,False
9c690024-2,CUSTC63A8C,2026-04-27,Shopping,ONLINE STORE CHECKOUT,1400.27,debit,34165.84,False
44bb81cf-7,CUSTC63A8C,2026-04-28,Utilities,Internet Bill - AUTOPAY,1813.36,debit,32352.48,False
a0e9bdc1-2,CUSTC63A8C,2026-04-28,Healthcare,LAB TEST PAYMENT,634.96,debit,31717.52,False
b44e7b13-4,CUSTC63A8C,2026-05-02,Shopping,ONLINE STORE CHECKOUT,516.53,debit,31200.99,False
e7fdbc38-9,CUSTC63A8C,2026-05-03,Salary,MONTHLY SALARY CREDIT,31800.0,credit,63000.99,False
f2007f34-a,CUSTC63A8C,2026-05-03,Rent/Installment,Home Loan Installment - ONLINE,6931.35,debit,56069.64,False
16002bd4-5,CUSTC63A8C,2026-05-03,Dining/Restaurants,MCDONALDS #405,402.61,debit,55667.03,False
428a7e75-1,CUSTC63A8C,2026-05-04,Subscriptions,GYM MEMBERSHIP AUTOPAY,943.13,debit,54723.9,False
a22b26df-3,CUSTC63A8C,2026-05-05,Groceries,POS PURCHASE - LOCAL MARKET,2510.21,debit,52213.69,False
66047077-c,CUSTC63A8C,2026-05-06,Entertainment,NETFLIX PPV CHARGE,439.25,debit,51774.44,False
6e04587b-3,CUSTC63A8C,2026-05-08,Entertainment,GAMING STORE PURCHASE,370.76,debit,51403.68,False
4a05fb7a-1,CUSTC63A8C,2026-05-10,Dining/Restaurants,MCDONALDS #205,740.54,debit,50663.14,False
b1fd767e-f,CUSTC63A8C,2026-05-10,Healthcare,CLINIC VISIT FEE,1020.95,debit,49642.19,False
6c6dc0df-1,CUSTC63A8C,2026-05-11,Utilities,Internet Bill - NBE,1984.58,debit,47657.61,False
23fd68fc-f,CUSTC63A8C,2026-05-14,Groceries,SPINNEYS #539,1011.59,debit,46646.02,False
51213fdc-6,CUSTC63A8C,2026-05-16,Entertainment,NETFLIX PPV CHARGE,195.97,debit,46450.05,False
1b3fcc60-c,CUSTC63A8C,2026-05-17,Dining/Restaurants,CAFE PURCHASE,2129.73,debit,44320.32,False
415d6fca-3,CUSTC63A8C,2026-05-20,Shopping,AMAZON.EG ORDER,834.69,debit,43485.63,False
b191af27-9,CUSTC63A8C,2026-05-20,Healthcare,LAB TEST PAYMENT,493.72,debit,42991.91,False
5f5c4d89-8,CUSTC63A8C,2026-05-20,Savings Transfer,TRANSFER TO SAVINGS ACCT,260.51,debit,42731.4,False
6bff015f-f,CUSTC63A8C,2026-05-21,Shopping,MALL PURCHASE - POS,932.29,debit,41799.11,False
436af629-2,CUSTC63A8C,2026-05-22,Shopping,AMAZON.EG ORDER,201.31,debit,41597.8,False
c27b8851-e,CUSTC63A8C,2026-05-22,Healthcare,LAB TEST PAYMENT,105.09,debit,41492.71,False
7cb7d15d-3,CUSTC63A8C,2026-05-24,Transportation,CAREEM RIDE,701.98,debit,40790.73,False
bba7fbad-0,CUSTC63A8C,2026-05-24,Entertainment,CINEMA TICKET PURCHASE,458.8,debit,40331.93,False
9d0f9156-a,CUSTC63A8C,2026-05-25,Groceries,CARREFOUR HYPERMARKET,714.22,debit,39617.71,False
c92ea2f0-0,CUSTC63A8C,2026-05-25,Transportation,FUEL STATION PURCHASE,613.12,debit,39004.59,False
2c008867-2,CUSTC63A8C,2026-05-26,Savings Transfer,TRANSFER TO SAVINGS ACCT,248.72,debit,38755.87,False
6490e639-a,CUSTC63A8C,2026-06-01,Dining/Restaurants,MCDONALDS #779,362.06,debit,38393.81,False
961fcc00-3,CUSTC63A8C,2026-06-02,Shopping,AMAZON.EG ORDER,309.8,debit,38084.01,False
1a9f0141-c,CUSTC63A8C,2026-06-03,Salary,MONTHLY SALARY CREDIT,31800.0,credit,69884.01,False
35eae45e-f,CUSTC63A8C,2026-06-03,Groceries,CARREFOUR HYPERMARKET,887.01,debit,68997.0,False
c26789b7-d,CUSTC63A8C,2026-06-04,Transportation,CAREEM RIDE,1028.77,debit,67968.23,False
9e4746c6-f,CUSTC63A8C,2026-06-06,Entertainment,CINEMA TICKET PURCHASE,864.44,debit,67103.79,False
170517ca-1,CUSTC63A8C,2026-06-08,Groceries,CARREFOUR HYPERMARKET,2054.31,debit,65049.48,False
9e28bf22-a,CUSTC63A8C,2026-06-09,Rent/Installment,Monthly Rent Transfer,6960.07,debit,58089.41,False
093c5794-7,CUSTC63A8C,2026-06-09,Healthcare,LAB TEST PAYMENT,8.45,debit,58080.96,False
ff3a5550-7,CUSTC63A8C,2026-06-10,Utilities,ELECTRICITY BILL PMT,1882.15,debit,56198.81,False
3504795f-d,CUSTC63A8C,2026-06-11,Savings Transfer,TRANSFER TO SAVINGS ACCT,324.85,debit,55873.96,False
d5f29d0c-4,CUSTC63A8C,2026-06-12,Dining/Restaurants,CAFE PURCHASE,2451.66,debit,53422.3,False
58f6e8d9-d,CUSTC63A8C,2026-06-12,Subscriptions,GYM MEMBERSHIP AUTOPAY,930.81,debit,52491.49,False
4fa32303-5,CUSTC63A8C,2026-06-14,Healthcare,CLINIC VISIT FEE,809.26,debit,51682.23,False
18a2c119-9,CUSTC63A8C,2026-06-15,Transportation,CAREEM RIDE,393.04,debit,51289.19,False
19459017-8,CUSTC63A8C,2026-06-15,Entertainment,NETFLIX PPV CHARGE,83.6,debit,51205.59,False
38717814-e,CUSTC63A8C,2026-06-19,Shopping,MALL PURCHASE - POS,1597.85,debit,49607.74,False
ad5fad53-9,CUSTC63A8C,2026-06-22,Groceries,SPINNEYS #252,1332.59,debit,48275.15,False
6eaeb4ac-f,CUSTC63A8C,2026-06-22,Shopping,MALL PURCHASE - POS,832.56,debit,47442.59,False
f0597be6-2,CUSTC63A8C,2026-06-22,Savings Transfer,INTERNAL XFER - SAVINGS,10.72,debit,47431.87,False
b6028626-8,CUSTC63A8C,2026-06-23,Entertainment,NETFLIX PPV CHARGE,62.0,debit,47369.87,False
1ee64897-f,CUSTC63A8C,2026-06-23,Healthcare,LAB TEST PAYMENT,857.5,debit,46512.37,False
cb75e6b9-0,CUSTC63A8C,2026-06-24,Dining/Restaurants,MCDONALDS #197,62.98,debit,46449.39,False
e77bc83e-6,CUSTC63A8C,2026-06-24,Entertainment,CINEMA TICKET PURCHASE,370.38,debit,46079.01,False
0c910be6-6,CUSTC63A8C,2026-06-24,Savings Transfer,TRANSFER TO SAVINGS ACCT,149.39,debit,45929.62,False
5cd85ae7-4,CUST473800,2026-01-02,Entertainment,GAMING STORE PURCHASE,147.72,debit,13449.08,False
dc087df2-8,CUST473800,2026-01-03,Salary,MONTHLY SALARY CREDIT,13300.0,credit,26749.08,False
7e94d177-8,CUST473800,2026-01-04,Dining/Restaurants,MCDONALDS #268,216.11,debit,26532.97,False
d587b6bf-e,CUST473800,2026-01-06,Savings Transfer,INTERNAL XFER - SAVINGS,76.78,debit,26456.19,False
185e1fd4-0,CUST473800,2026-01-07,Healthcare,PHARMACY PURCHASE,184.77,debit,26271.42,False
715a3d1d-6,CUST473800,2026-01-08,Dining/Restaurants,MCDONALDS #449,102.38,debit,26169.04,False
c418a1af-c,CUST473800,2026-01-10,Groceries,POS PURCHASE - LOCAL MARKET,387.08,debit,25781.96,False
fa72d806-1,CUST473800,2026-01-13,Groceries,SPINNEYS #136,29.21,debit,25752.75,False
e1511226-0,CUST473800,2026-01-13,Entertainment,CINEMA TICKET PURCHASE,37.33,debit,25715.42,False
4172037e-2,CUST473800,2026-01-15,Utilities,Internet Bill - NBE,706.8,debit,25008.62,False
1006f152-1,CUST473800,2026-01-15,Entertainment,GAMING STORE PURCHASE,24.35,debit,24984.27,False
9e087be0-6,CUST473800,2026-01-17,Shopping,MALL PURCHASE - POS,268.61,debit,24715.66,False
b216f342-5,CUST473800,2026-01-18,Groceries,CARREFOUR HYPERMARKET,490.43,debit,24225.23,False
706de8ec-9,CUST473800,2026-01-18,Dining/Restaurants,CAFE PURCHASE,38.98,debit,24186.25,False
2b78f813-f,CUST473800,2026-01-19,Entertainment,CINEMA TICKET PURCHASE,111.45,debit,24074.8,False
d7f59e9c-a,CUST473800,2026-01-19,Shopping,MALL PURCHASE - POS,5.0,debit,24069.8,False
3e9eb13a-6,CUST473800,2026-01-19,Savings Transfer,INTERNAL XFER - SAVINGS,121.99,debit,23947.81,False
594d60d2-3,CUST473800,2026-01-21,Rent/Installment,Home Loan Installment - NBE,2534.42,debit,21413.39,False
9b7727c4-a,CUST473800,2026-01-21,Groceries,POS PURCHASE - LOCAL MARKET,31.78,debit,21381.61,False
4ec0f873-c,CUST473800,2026-01-22,Shopping,ONLINE STORE CHECKOUT,186.34,debit,21195.27,False
6f0855ed-c,CUST473800,2026-01-23,Entertainment,NETFLIX PPV CHARGE,28.12,debit,21167.15,False
097065b0-3,CUST473800,2026-01-23,Shopping,ONLINE STORE CHECKOUT,436.31,debit,20730.84,False
1470d18f-2,CUST473800,2026-01-23,Healthcare,LAB TEST PAYMENT,45.04,debit,20685.8,False
6a17aaff-0,CUST473800,2026-01-23,Healthcare,LAB TEST PAYMENT,13.54,debit,20672.26,False
756711ac-9,CUST473800,2026-01-25,Transportation,FUEL STATION PURCHASE,139.45,debit,20532.81,False
dad9a796-2,CUST473800,2026-01-25,Subscriptions,NETFLIX.COM SUBSCRIPTION,236.45,debit,20296.36,False
b9bee00f-5,CUST473800,2026-01-25,Savings Transfer,INTERNAL XFER - SAVINGS,334.34,debit,19962.02,False
a4c8a102-3,CUST473800,2026-01-26,Groceries,POS PURCHASE - LOCAL MARKET,705.62,debit,19256.4,False
3bc6f806-1,CUST473800,2026-01-27,Dining/Restaurants,CAFE PURCHASE,540.44,debit,18715.96,False
e4bbe269-5,CUST473800,2026-01-27,Shopping,AMAZON.EG ORDER,122.62,debit,18593.34,False
4a6a257d-4,CUST473800,2026-01-27,Healthcare,LAB TEST PAYMENT,94.34,debit,18499.0,False
3f964e91-a,CUST473800,2026-01-27,Savings Transfer,INTERNAL XFER - SAVINGS,45.61,debit,18453.39,False
04218ece-2,CUST473800,2026-01-28,Transportation,CAREEM RIDE,620.85,debit,17832.54,False
c852af9e-0,CUST473800,2026-02-01,Salary,MONTHLY SALARY CREDIT,13300.0,credit,31132.54,False
92398b4f-1,CUST473800,2026-02-01,Rent/Installment,Home Loan Installment - NBE,2695.43,debit,28437.11,False
8d83bb50-c,CUST473800,2026-02-01,Shopping,MALL PURCHASE - POS,178.8,debit,28258.31,False
260ebf42-d,CUST473800,2026-02-01,Savings Transfer,TRANSFER TO SAVINGS ACCT,5.0,debit,28253.31,False
48aa12b6-b,CUST473800,2026-02-02,Transportation,CAREEM RIDE,226.22,debit,28027.09,False
59de196f-c,CUST473800,2026-02-05,Shopping,AMAZON.EG ORDER,761.14,debit,27265.95,False
f34402ba-8,CUST473800,2026-02-06,Entertainment,GAMING STORE PURCHASE,69.58,debit,27196.37,False
3f35d9a5-5,CUST473800,2026-02-07,Utilities,WATER CO. AUTOPAY,798.1,debit,26398.27,False
ab001997-3,CUST473800,2026-02-07,Groceries,POS PURCHASE - LOCAL MARKET,104.41,debit,26293.86,False
d8f374dd-2,CUST473800,2026-02-11,Healthcare,LAB TEST PAYMENT,244.73,debit,26049.13,False
3072a0ee-a,CUST473800,2026-02-12,Savings Transfer,INTERNAL XFER - SAVINGS,47.55,debit,26001.58,False
36828e6d-8,CUST473800,2026-02-13,Entertainment,CINEMA TICKET PURCHASE,302.56,debit,25699.02,False
8f93c7bb-0,CUST473800,2026-02-15,Dining/Restaurants,MCDONALDS #748,159.18,debit,25539.84,False
f84d5eee-6,CUST473800,2026-02-15,Savings Transfer,TRANSFER TO SAVINGS ACCT,57.24,debit,25482.6,False
ec38a0d1-0,CUST473800,2026-02-17,Healthcare,PHARMACY PURCHASE,67.41,debit,25415.19,False
69471430-5,CUST473800,2026-02-17,Savings Transfer,INTERNAL XFER - SAVINGS,62.78,debit,25352.41,False
faf0447b-e,CUST473800,2026-02-18,Dining/Restaurants,CAFE PURCHASE,6.59,debit,25345.82,False
bfc3b5c2-7,CUST473800,2026-02-20,Shopping,AMAZON.EG ORDER,171.08,debit,25174.74,False
022ca99e-0,CUST473800,2026-02-20,Savings Transfer,TRANSFER TO SAVINGS ACCT,345.5,debit,24829.24,False
ed846e82-5,CUST473800,2026-02-22,Subscriptions,SPOTIFY AB,223.34,debit,24605.9,False
c85d669c-c,CUST473800,2026-02-23,Transportation,CAREEM RIDE,404.26,debit,24201.64,False
f566eba0-9,CUST473800,2026-02-23,Dining/Restaurants,CAFE PURCHASE,515.25,debit,23686.39,False
755cd264-2,CUST473800,2026-02-25,Dining/Restaurants,CAFE PURCHASE,102.8,debit,23583.59,False
532410e0-7,CUST473800,2026-02-26,Transportation,FUEL STATION PURCHASE,160.75,debit,23422.84,False
530677df-a,CUST473800,2026-02-27,Groceries,SPINNEYS #204,142.05,debit,23280.79,False
edb93c77-7,CUST473800,2026-02-28,Groceries,POS PURCHASE - LOCAL MARKET,1073.7,debit,22207.09,False
698f4609-8,CUST473800,2026-02-28,Groceries,CARREFOUR HYPERMARKET,362.95,debit,21844.14,False
f88867e1-9,CUST473800,2026-03-02,Salary,MONTHLY SALARY CREDIT,13300.0,credit,35144.14,False
542f5f0e-9,CUST473800,2026-03-03,Groceries,CARREFOUR HYPERMARKET,456.24,debit,34687.9,False
3325ae4d-f,CUST473800,2026-03-03,Transportation,UBER *TRIP 155,414.38,debit,34273.52,False
41c3a35b-4,CUST473800,2026-03-04,Dining/Restaurants,CAFE PURCHASE,330.72,debit,33942.8,False
03479862-d,CUST473800,2026-03-05,Shopping,MALL PURCHASE - POS,260.4,debit,33682.4,False
0eb141ec-0,CUST473800,2026-03-07,Groceries,POS PURCHASE - LOCAL MARKET,256.24,debit,33426.16,False
cf1a5d4b-2,CUST473800,2026-03-07,Groceries,POS PURCHASE - LOCAL MARKET,536.33,debit,32889.83,False
9ba040ae-7,CUST473800,2026-03-07,Healthcare,CLINIC VISIT FEE,216.92,debit,32672.91,False
dc5dcfca-6,CUST473800,2026-03-07,Savings Transfer,TRANSFER TO SAVINGS ACCT,113.76,debit,32559.15,False
0b70a2f8-b,CUST473800,2026-03-08,Shopping,AMAZON.EG ORDER,35.65,debit,32523.5,False
9dad1f39-9,CUST473800,2026-03-10,Utilities,ELECTRICITY BILL PMT,778.03,debit,31745.47,False
b1e570d4-6,CUST473800,2026-03-10,Entertainment,GAMING STORE PURCHASE,245.63,debit,31499.84,False
ffb8fa75-8,CUST473800,2026-03-13,Transportation,CAREEM RIDE,50.66,debit,31449.18,False
8c3dbfc8-d,CUST473800,2026-03-15,Transportation,FUEL STATION PURCHASE,129.28,debit,31319.9,False
fa9b2396-2,CUST473800,2026-03-15,Savings Transfer,TRANSFER TO SAVINGS ACCT,85.14,debit,31234.76,False
86ba7106-f,CUST473800,2026-03-17,Entertainment,CINEMA TICKET PURCHASE,136.8,debit,31097.96,False
98e10273-7,CUST473800,2026-03-18,Groceries,CARREFOUR HYPERMARKET,36.75,debit,31061.21,False
29bde265-0,CUST473800,2026-03-19,Transportation,UBER *TRIP 364,162.17,debit,30899.04,False
606139c2-7,CUST473800,2026-03-19,Subscriptions,GYM MEMBERSHIP AUTOPAY,198.28,debit,30700.76,False
3f1ba612-c,CUST473800,2026-03-21,Shopping,MALL PURCHASE - POS,509.84,debit,30190.92,False
f3b3914d-f,CUST473800,2026-03-24,Dining/Restaurants,CAFE PURCHASE,518.37,debit,29672.55,False
458c84e8-f,CUST473800,2026-03-24,Healthcare,LAB TEST PAYMENT,95.05,debit,29577.5,False
140a6c48-5,CUST473800,2026-03-26,Rent/Installment,ACH DEBIT - RENT PAYMENT,2619.57,debit,26957.93,False
f0409fa0-e,CUST473800,2026-03-26,Transportation,CAREEM RIDE,84.36,debit,26873.57,False
ef8dbdeb-3,CUST473800,2026-03-26,Shopping,ONLINE STORE CHECKOUT,145.19,debit,26728.38,False
4531d683-7,CUST473800,2026-03-26,Savings Transfer,TRANSFER TO SAVINGS ACCT,316.34,debit,26412.04,False
c2a2a237-8,CUST473800,2026-03-28,Groceries,POS PURCHASE - LOCAL MARKET,253.52,debit,26158.52,False
dacd925a-4,CUST473800,2026-03-28,Shopping,ONLINE STORE CHECKOUT,205.78,debit,25952.74,False
24bb59a1-c,CUST473800,2026-04-01,Salary,MONTHLY SALARY CREDIT,13300.0,credit,39252.74,False
9ed03348-b,CUST473800,2026-04-01,Entertainment,GAMING STORE PURCHASE,260.56,debit,38992.18,False
cae5072b-5,CUST473800,2026-04-07,Rent/Installment,Monthly Rent Transfer,2549.44,debit,36442.74,False
1f94a53f-d,CUST473800,2026-04-08,Shopping,ONLINE STORE CHECKOUT,108.48,debit,36334.26,False
f7ae9061-2,CUST473800,2026-04-08,Savings Transfer,TRANSFER TO SAVINGS ACCT,130.52,debit,36203.74,False
d1e08153-8,CUST473800,2026-04-08,Savings Transfer,TRANSFER TO SAVINGS ACCT,136.56,debit,36067.18,False
45e1e682-2,CUST473800,2026-04-09,Transportation,CAREEM RIDE,475.49,debit,35591.69,False
6ca3c81b-1,CUST473800,2026-04-10,Groceries,POS PURCHASE - LOCAL MARKET,438.47,debit,35153.22,False
2ebc5311-7,CUST473800,2026-04-12,Utilities,ELECTRICITY BILL PMT,841.52,debit,34311.7,False
319c02d8-c,CUST473800,2026-04-12,Savings Transfer,TRANSFER TO SAVINGS ACCT,250.02,debit,34061.68,False
489938ca-3,CUST473800,2026-04-14,Groceries,CARREFOUR HYPERMARKET,145.15,debit,33916.53,False
93eec4f8-6,CUST473800,2026-04-15,Groceries,SPINNEYS #731,461.81,debit,33454.72,False
b7b35823-2,CUST473800,2026-04-15,Transportation,CAREEM RIDE,213.54,debit,33241.18,False
0c878c48-b,CUST473800,2026-04-17,Subscriptions,GYM MEMBERSHIP AUTOPAY,202.3,debit,33038.88,False
dcaa9dbb-1,CUST473800,2026-04-18,Shopping,ONLINE STORE CHECKOUT,638.6,debit,32400.28,False
c57343a9-e,CUST473800,2026-04-19,Groceries,POS PURCHASE - LOCAL MARKET,407.77,debit,31992.51,False
27b509f6-1,CUST473800,2026-04-20,Dining/Restaurants,MCDONALDS #961,150.88,debit,31841.63,False
3158ed14-8,CUST473800,2026-04-24,Transportation,CAREEM RIDE,52.95,debit,31788.68,False
7b9d1091-a,CUST473800,2026-04-25,Shopping,AMAZON.EG ORDER,410.66,debit,31378.02,False
8b9eb81c-2,CUST473800,2026-04-25,Healthcare,LAB TEST PAYMENT,101.41,debit,31276.61,False
351bc5ce-5,CUST473800,2026-04-27,Entertainment,GAMING STORE PURCHASE,97.63,debit,31178.98,False
023dcd17-7,CUST473800,2026-04-28,Dining/Restaurants,MCDONALDS #651,707.5,debit,30471.48,False
2d75ed3e-b,CUST473800,2026-04-28,Healthcare,LAB TEST PAYMENT,199.21,debit,30272.27,False
e6ae8892-9,CUST473800,2026-05-01,Shopping,AMAZON.EG ORDER,541.18,debit,29731.09,False
0d879988-6,CUST473800,2026-05-02,Utilities,Internet Bill - NBE,830.71,debit,28900.38,False
ad9b58b4-1,CUST473800,2026-05-02,Dining/Restaurants,MCDONALDS #364,48.42,debit,28851.96,False
8e70ca1c-3,CUST473800,2026-05-03,Salary,MONTHLY SALARY CREDIT,13300.0,credit,42151.96,False
0cdab2a9-6,CUST473800,2026-05-06,Groceries,SPINNEYS #769,420.57,debit,41731.39,False
4e342fb0-5,CUST473800,2026-05-06,Transportation,CAREEM RIDE,344.69,debit,41386.7,False
c683d6d6-b,CUST473800,2026-05-08,Transportation,UBER *TRIP 626,5.14,debit,41381.56,False
09177967-8,CUST473800,2026-05-08,Dining/Restaurants,MCDONALDS #230,352.32,debit,41029.24,False
fdf7195e-3,CUST473800,2026-05-09,Transportation,UBER *TRIP 253,337.81,debit,40691.43,False
e0bb86c6-9,CUST473800,2026-05-09,Savings Transfer,INTERNAL XFER - SAVINGS,80.52,debit,40610.91,False
bbc61b28-e,CUST473800,2026-05-12,Rent/Installment,Home Loan Installment - AUTOPAY,2902.04,debit,37708.87,False
2ab3af80-5,CUST473800,2026-05-12,Groceries,POS PURCHASE - LOCAL MARKET,448.87,debit,37260.0,False
6c003f5c-a,CUST473800,2026-05-12,Savings Transfer,TRANSFER TO SAVINGS ACCT,106.32,debit,37153.68,False
84128a4a-4,CUST473800,2026-05-13,Shopping,MALL PURCHASE - POS,70.6,debit,37083.08,False
9df1be3b-8,CUST473800,2026-05-14,Transportation,CAREEM RIDE,87.96,debit,36995.12,False
9b543bb2-2,CUST473800,2026-05-16,Entertainment,NETFLIX PPV CHARGE,83.68,debit,36911.44,False
ccbea5cb-6,CUST473800,2026-05-17,Groceries,SPINNEYS #485,464.03,debit,36447.41,False
30e0eb83-e,CUST473800,2026-05-17,Groceries,SPINNEYS #461,263.75,debit,36183.66,False
e4d39642-3,CUST473800,2026-05-17,Dining/Restaurants,MCDONALDS #686,95.84,debit,36087.82,False
4f9f4e90-6,CUST473800,2026-05-17,Dining/Restaurants,POS - LOCAL RESTAURANT,302.45,debit,35785.37,False
28e697a6-2,CUST473800,2026-05-18,Savings Transfer,INTERNAL XFER - SAVINGS,268.71,debit,35516.66,False
86f63a55-8,CUST473800,2026-05-19,Dining/Restaurants,MCDONALDS #237,58.41,debit,35458.25,False
465a4e13-6,CUST473800,2026-05-20,Entertainment,GAMING STORE PURCHASE,20.38,debit,35437.87,False
36404df3-2,CUST473800,2026-05-20,Shopping,AMAZON.EG ORDER,79.63,debit,35358.24,False
0eb8d1ef-0,CUST473800,2026-05-20,Subscriptions,NETFLIX.COM SUBSCRIPTION,235.82,debit,35122.42,False
74761771-6,CUST473800,2026-05-22,Shopping,MALL PURCHASE - POS,334.15,debit,34788.27,False
fe5bfaf8-3,CUST473800,2026-05-22,Healthcare,PHARMACY PURCHASE,28.82,debit,34759.45,False
8e9d895d-7,CUST473800,2026-05-26,Entertainment,GAMING STORE PURCHASE,131.64,debit,34627.81,False
77cbdd30-1,CUST473800,2026-05-26,Savings Transfer,INTERNAL XFER - SAVINGS,24.82,debit,34602.99,False
4dd95970-0,CUST473800,2026-05-27,Transportation,UBER *TRIP 776,5.0,debit,34597.99,False
164f451c-a,CUST473800,2026-05-27,Entertainment,NETFLIX PPV CHARGE,150.65,debit,34447.34,False
6b80975b-7,CUST473800,2026-05-27,Healthcare,PHARMACY PURCHASE,280.42,debit,34166.92,False
6ec36a6b-4,CUST473800,2026-05-28,Savings Transfer,TRANSFER TO SAVINGS ACCT,91.12,debit,34075.8,False
098c9ebd-0,CUST473800,2026-06-01,Salary,MONTHLY SALARY CREDIT,13300.0,credit,47375.8,False
dc8f33b2-0,CUST473800,2026-06-01,Utilities,WATER CO. AUTOPAY,712.82,debit,46662.98,False
78bbfc9e-f,CUST473800,2026-06-01,Dining/Restaurants,MCDONALDS #943,57.24,debit,46605.74,False
db977c29-a,CUST473800,2026-06-02,Dining/Restaurants,MCDONALDS #498,498.26,debit,46107.48,False
2ff3fc20-d,CUST473800,2026-06-02,Entertainment,GAMING STORE PURCHASE,35.86,debit,46071.62,False
acab8e22-6,CUST473800,2026-06-03,Dining/Restaurants,POS - LOCAL RESTAURANT,11.99,debit,46059.63,False
4460036d-8,CUST473800,2026-06-03,Dining/Restaurants,CAFE PURCHASE,161.6,debit,45898.03,False
6395c52a-f,CUST473800,2026-06-03,Shopping,AMAZON.EG ORDER,864.83,debit,45033.2,False
e0640b24-8,CUST473800,2026-06-04,Transportation,FUEL STATION PURCHASE,334.48,debit,44698.72,False
73e2aa28-b,CUST473800,2026-06-06,Healthcare,CLINIC VISIT FEE,77.15,debit,44621.57,False
d37541d8-0,CUST473800,2026-06-09,Groceries,POS PURCHASE - LOCAL MARKET,27.43,debit,44594.14,False
bbc62ec7-5,CUST473800,2026-06-09,Shopping,MALL PURCHASE - POS,5.0,debit,44589.14,False
aaf6dfea-f,CUST473800,2026-06-09,Savings Transfer,TRANSFER TO SAVINGS ACCT,20.56,debit,44568.58,False
544800cf-1,CUST473800,2026-06-11,Healthcare,PHARMACY PURCHASE,12.47,debit,44556.11,False
c8fbc89d-d,CUST473800,2026-06-13,Transportation,FUEL STATION PURCHASE,58.68,debit,44497.43,False
b38247c6-6,CUST473800,2026-06-13,Shopping,MALL PURCHASE - POS,178.66,debit,44318.77,False
20d38401-e,CUST473800,2026-06-13,Healthcare,LAB TEST PAYMENT,76.41,debit,44242.36,False
1034b83e-e,CUST473800,2026-06-14,Groceries,POS PURCHASE - LOCAL MARKET,481.3,debit,43761.06,False
aaaa3faf-3,CUST473800,2026-06-14,Groceries,POS PURCHASE - LOCAL MARKET,913.88,debit,42847.18,False
056e497e-0,CUST473800,2026-06-15,Entertainment,CINEMA TICKET PURCHASE,28.09,debit,42819.09,False
ef2e5d6d-c,CUST473800,2026-06-16,Dining/Restaurants,CAFE PURCHASE,82.38,debit,42736.71,False
4f861220-1,CUST473800,2026-06-17,Shopping,AMAZON.EG ORDER,93.01,debit,42643.7,False
4e28c97e-f,CUST473800,2026-06-18,Subscriptions,GYM MEMBERSHIP AUTOPAY,228.16,debit,42415.54,False
e5036abd-c,CUST473800,2026-06-18,Healthcare,PHARMACY PURCHASE,171.64,debit,42243.9,False
bd6cec66-1,CUST473800,2026-06-19,Groceries,SPINNEYS #367,169.71,debit,42074.19,False
7ce7d1d6-7,CUST473800,2026-06-19,Transportation,CAREEM RIDE,376.81,debit,41697.38,False
20af4d8b-f,CUST473800,2026-06-19,Savings Transfer,TRANSFER TO SAVINGS ACCT,164.64,debit,41532.74,False
78882c5d-a,CUST473800,2026-06-23,Entertainment,CINEMA TICKET PURCHASE,105.93,debit,41426.81,False
2a94493c-4,CUST473800,2026-06-25,Entertainment,CINEMA TICKET PURCHASE,191.37,debit,41235.44,False
ba9619aa-c,CUST473800,2026-06-25,Savings Transfer,TRANSFER TO SAVINGS ACCT,341.06,debit,40894.38,False
cfe18464-7,CUST473800,2026-06-25,Savings Transfer,INTERNAL XFER - SAVINGS,79.35,debit,40815.03,False
be11e33a-7,CUST473800,2026-06-26,Rent/Installment,ACH DEBIT - RENT PAYMENT,2795.47,debit,38019.56,False
49f35ab0-b,CUST473800,2026-06-26,Transportation,FUEL STATION PURCHASE,8.95,debit,38010.61,False
613628f9-8,CUST473800,2026-06-26,Entertainment,GAMING STORE PURCHASE,6.06,debit,38004.55,False
d1ac081f-5,CUST1CF577,2026-01-01,Transportation,FUEL STATION PURCHASE,83.01,debit,12169.52,False
0433e821-6,CUST1CF577,2026-01-02,Salary,MONTHLY SALARY CREDIT,18200.0,credit,30369.52,False
e279557d-f,CUST1CF577,2026-01-02,Savings Transfer,INTERNAL XFER - SAVINGS,1254.81,debit,29114.71,False
b4aab790-e,CUST1CF577,2026-01-04,Entertainment,GAMING STORE PURCHASE,158.73,debit,28955.98,False
81cb5588-6,CUST1CF577,2026-01-04,Entertainment,NETFLIX PPV CHARGE,284.83,debit,28671.15,False
3fa0a8ae-7,CUST1CF577,2026-01-06,Rent/Installment,Home Loan Installment - AUTOPAY,5083.25,debit,23587.9,False
3f8cfdd9-5,CUST1CF577,2026-01-06,Shopping,MALL PURCHASE - POS,294.39,debit,23293.51,False
1e1abaa0-e,CUST1CF577,2026-01-07,Groceries,CARREFOUR HYPERMARKET,614.83,debit,22678.68,False
c7140541-1,CUST1CF577,2026-01-08,Dining/Restaurants,CAFE PURCHASE,105.75,debit,22572.93,False
ad45dafc-a,CUST1CF577,2026-01-10,Savings Transfer,INTERNAL XFER - SAVINGS,622.66,debit,21950.27,False
38a010be-e,CUST1CF577,2026-01-11,Entertainment,GAMING STORE PURCHASE,198.8,debit,21751.47,False
a85219d4-7,CUST1CF577,2026-01-13,Subscriptions,SPOTIFY AB,278.84,debit,21472.63,False
4bc7dee3-5,CUST1CF577,2026-01-14,Shopping,ONLINE STORE CHECKOUT,426.74,debit,21045.89,False
e05bba81-4,CUST1CF577,2026-01-16,Shopping,ONLINE STORE CHECKOUT,224.17,debit,20821.72,False
0de20a30-8,CUST1CF577,2026-01-17,Dining/Restaurants,POS - LOCAL RESTAURANT,17.52,debit,20804.2,False
fb7b4a8e-0,CUST1CF577,2026-01-19,Utilities,WATER CO. AUTOPAY,927.56,debit,19876.64,False
45ba7235-2,CUST1CF577,2026-01-22,Transportation,FUEL STATION PURCHASE,957.0,debit,18919.64,False
2c83292a-a,CUST1CF577,2026-01-22,Entertainment,CINEMA TICKET PURCHASE,265.73,debit,18653.91,False
16587a1e-2,CUST1CF577,2026-01-24,Groceries,CARREFOUR HYPERMARKET,410.11,debit,18243.8,False
7d8ee964-8,CUST1CF577,2026-01-25,Dining/Restaurants,CAFE PURCHASE,484.29,debit,17759.51,False
9ed21426-4,CUST1CF577,2026-01-26,Healthcare,PHARMACY PURCHASE,345.39,debit,17414.12,False
fec74ae2-7,CUST1CF577,2026-01-26,Healthcare,LAB TEST PAYMENT,89.03,debit,17325.09,False
0254080e-f,CUST1CF577,2026-01-27,Groceries,POS PURCHASE - LOCAL MARKET,1029.05,debit,16296.04,False
c77b70e5-4,CUST1CF577,2026-01-28,Dining/Restaurants,POS - LOCAL RESTAURANT,589.22,debit,15706.82,False
d44192e1-e,CUST1CF577,2026-01-28,Healthcare,CLINIC VISIT FEE,44.74,debit,15662.08,False
b3fe9328-9,CUST1CF577,2026-01-28,Savings Transfer,INTERNAL XFER - SAVINGS,291.69,debit,15370.39,False
fe3c71b9-d,CUST1CF577,2026-02-01,Salary,MONTHLY SALARY CREDIT,18200.0,credit,33570.39,False
7068706b-c,CUST1CF577,2026-02-03,Entertainment,NETFLIX PPV CHARGE,55.19,debit,33515.2,False
ae2e9f34-d,CUST1CF577,2026-02-03,Shopping,ONLINE STORE CHECKOUT,82.93,debit,33432.27,False
9908f7b6-a,CUST1CF577,2026-02-06,Groceries,SPINNEYS #463,116.86,debit,33315.41,False
9e9e874a-2,CUST1CF577,2026-02-06,Entertainment,NETFLIX PPV CHARGE,257.98,debit,33057.43,False
1f427e1a-0,CUST1CF577,2026-02-08,Shopping,AMAZON.EG ORDER,335.2,debit,32722.23,False
473bdcd3-2,CUST1CF577,2026-02-09,Dining/Restaurants,CAFE PURCHASE,109.62,debit,32612.61,False
c4c4c4ef-e,CUST1CF577,2026-02-09,Dining/Restaurants,POS - LOCAL RESTAURANT,80.07,debit,32532.54,False
0651d961-4,CUST1CF577,2026-02-10,Transportation,CAREEM RIDE,371.39,debit,32161.15,False
a29b5125-1,CUST1CF577,2026-02-10,Savings Transfer,TRANSFER TO SAVINGS ACCT,1150.0,debit,31011.15,False
7f624d8c-4,CUST1CF577,2026-02-11,Dining/Restaurants,CAFE PURCHASE,86.27,debit,30924.88,False
ba777922-3,CUST1CF577,2026-02-12,Savings Transfer,INTERNAL XFER - SAVINGS,910.41,debit,30014.47,False
cb5611e2-b,CUST1CF577,2026-02-14,Dining/Restaurants,MCDONALDS #288,182.71,debit,29831.76,False
929843de-1,CUST1CF577,2026-02-14,Healthcare,LAB TEST PAYMENT,62.74,debit,29769.02,False
617af6d2-9,CUST1CF577,2026-02-15,Shopping,ONLINE STORE CHECKOUT,75.11,debit,29693.91,False
4f0d760d-a,CUST1CF577,2026-02-15,Subscriptions,GYM MEMBERSHIP AUTOPAY,307.45,debit,29386.46,False
01ed17c1-7,CUST1CF577,2026-02-17,Shopping,AMAZON.EG ORDER,301.57,debit,29084.89,False
95fffb65-7,CUST1CF577,2026-02-18,Healthcare,CLINIC VISIT FEE,191.17,debit,28893.72,False
30130198-d,CUST1CF577,2026-02-19,Groceries,POS PURCHASE - LOCAL MARKET,13.39,debit,28880.33,False
60d181fb-0,CUST1CF577,2026-02-22,Groceries,POS PURCHASE - LOCAL MARKET,662.84,debit,28217.49,False
69ac5928-c,CUST1CF577,2026-02-22,Groceries,POS PURCHASE - LOCAL MARKET,1132.99,debit,27084.5,False
402d6001-c,CUST1CF577,2026-02-22,Shopping,MALL PURCHASE - POS,5.0,debit,27079.5,False
3a07a822-d,CUST1CF577,2026-02-23,Entertainment,GAMING STORE PURCHASE,613.44,debit,26466.06,False
5abbe38f-4,CUST1CF577,2026-02-24,Utilities,WATER CO. AUTOPAY,903.53,debit,25562.53,False
153810b8-6,CUST1CF577,2026-02-24,Dining/Restaurants,CAFE PURCHASE,750.54,debit,24811.99,False
c39c2b8d-d,CUST1CF577,2026-02-24,Healthcare,LAB TEST PAYMENT,213.3,debit,24598.69,False
8c2c0836-d,CUST1CF577,2026-02-27,Rent/Installment,Home Loan Installment - ONLINE,5065.48,debit,19533.21,False
b382de0d-1,CUST1CF577,2026-02-28,Transportation,UBER *TRIP 755,603.21,debit,18930.0,False
43e35b42-3,CUST1CF577,2026-03-01,Salary,MONTHLY SALARY CREDIT,18200.0,credit,37130.0,False
fee7c9a6-9,CUST1CF577,2026-03-02,Subscriptions,NETFLIX.COM SUBSCRIPTION,272.08,debit,36857.92,False
11db3dca-1,CUST1CF577,2026-03-03,Shopping,ONLINE STORE CHECKOUT,47.0,debit,36810.92,False
63cb0780-5,CUST1CF577,2026-03-05,Entertainment,CINEMA TICKET PURCHASE,230.35,debit,36580.57,False
32b56a3b-9,CUST1CF577,2026-03-05,Shopping,AMAZON.EG ORDER,30.76,debit,36549.81,False
3a0f6b7f-9,CUST1CF577,2026-03-06,Transportation,UBER *TRIP 396,462.71,debit,36087.1,False
6c8d6d8d-f,CUST1CF577,2026-03-06,Savings Transfer,INTERNAL XFER - SAVINGS,1343.63,debit,34743.47,False
d4aaea07-8,CUST1CF577,2026-03-07,Groceries,SPINNEYS #674,1144.0,debit,33599.47,False
936acfba-3,CUST1CF577,2026-03-07,Shopping,MALL PURCHASE - POS,597.78,debit,33001.69,False
63864d44-1,CUST1CF577,2026-03-08,Groceries,SPINNEYS #181,424.1,debit,32577.59,False
734166ba-8,CUST1CF577,2026-03-08,Shopping,MALL PURCHASE - POS,241.77,debit,32335.82,False
603f4b1f-0,CUST1CF577,2026-03-09,Transportation,FUEL STATION PURCHASE,193.05,debit,32142.77,False
28a49994-3,CUST1CF577,2026-03-10,Dining/Restaurants,POS - LOCAL RESTAURANT,976.49,debit,31166.28,False
e081c2b4-0,CUST1CF577,2026-03-10,Healthcare,CLINIC VISIT FEE,235.48,debit,30930.8,False
4953fd07-1,CUST1CF577,2026-03-11,Entertainment,NETFLIX PPV CHARGE,759.06,debit,30171.74,False
56c57676-5,CUST1CF577,2026-03-13,Groceries,CARREFOUR HYPERMARKET,101.82,debit,30069.92,False
fe5afcaa-a,CUST1CF577,2026-03-14,Transportation,UBER *TRIP 973,287.45,debit,29782.47,False
ccbe3d63-c,CUST1CF577,2026-03-16,Rent/Installment,Monthly Rent Transfer,5380.79,debit,24401.68,False
d59a94c3-f,CUST1CF577,2026-03-17,Healthcare,PHARMACY PURCHASE,158.65,debit,24243.03,False
c43a0fb1-c,CUST1CF577,2026-03-18,Dining/Restaurants,MCDONALDS #290,175.23,debit,24067.8,False
c390382d-9,CUST1CF577,2026-03-21,Transportation,CAREEM RIDE,66.52,debit,24001.28,False
78fb3073-6,CUST1CF577,2026-03-21,Savings Transfer,INTERNAL XFER - SAVINGS,647.77,debit,23353.51,False
2d5ccc35-7,CUST1CF577,2026-03-22,Savings Transfer,TRANSFER TO SAVINGS ACCT,109.43,debit,23244.08,False
dce95baa-8,CUST1CF577,2026-03-24,Groceries,POS PURCHASE - LOCAL MARKET,416.86,debit,22827.22,False
1920ae82-5,CUST1CF577,2026-03-24,Healthcare,PHARMACY PURCHASE,103.9,debit,22723.32,False
f81deb7e-7,CUST1CF577,2026-03-25,Utilities,WATER CO. AUTOPAY,1065.86,debit,21657.46,False
e7a0c6f9-b,CUST1CF577,2026-03-27,Shopping,AMAZON.EG ORDER,51.99,debit,21605.47,False
c688df6b-d,CUST1CF577,2026-04-01,Rent/Installment,ACH DEBIT - RENT PAYMENT,5875.4,debit,15730.07,False
7fe5b221-5,CUST1CF577,2026-04-01,Healthcare,PHARMACY PURCHASE,112.47,debit,15617.6,False
28e43561-c,CUST1CF577,2026-04-02,Salary,MONTHLY SALARY CREDIT,18200.0,credit,33817.6,False
bd531234-8,CUST1CF577,2026-04-02,Transportation,CAREEM RIDE,320.38,debit,33497.22,False
7276f17c-a,CUST1CF577,2026-04-04,Shopping,AMAZON.EG ORDER,446.31,debit,33050.91,False
b0cc9439-8,CUST1CF577,2026-04-06,Dining/Restaurants,MCDONALDS #643,5.0,debit,33045.91,False
95902996-3,CUST1CF577,2026-04-08,Groceries,SPINNEYS #671,124.44,debit,32921.47,False
d44307fe-1,CUST1CF577,2026-04-08,Healthcare,LAB TEST PAYMENT,87.51,debit,32833.96,False
c131e144-e,CUST1CF577,2026-04-08,Savings Transfer,INTERNAL XFER - SAVINGS,51.79,debit,32782.17,False
52fa1a07-f,CUST1CF577,2026-04-09,Dining/Restaurants,CAFE PURCHASE,231.96,debit,32550.21,False
d250fe3a-0,CUST1CF577,2026-04-11,Shopping,MALL PURCHASE - POS,24.87,debit,32525.34,False
3da0ec6c-7,CUST1CF577,2026-04-12,Transportation,FUEL STATION PURCHASE,710.61,debit,31814.73,False
433175a0-d,CUST1CF577,2026-04-12,Entertainment,GAMING STORE PURCHASE,649.83,debit,31164.9,False
6f04fdb5-5,CUST1CF577,2026-04-15,Dining/Restaurants,POS - LOCAL RESTAURANT,196.24,debit,30968.66,False
8fb20ed6-f,CUST1CF577,2026-04-16,Healthcare,LAB TEST PAYMENT,14.14,debit,30954.52,False
7abdf48d-3,CUST1CF577,2026-04-17,Savings Transfer,TRANSFER TO SAVINGS ACCT,108.71,debit,30845.81,False
b69701c6-c,CUST1CF577,2026-04-17,Savings Transfer,TRANSFER TO SAVINGS ACCT,330.62,debit,30515.19,False
328493ea-9,CUST1CF577,2026-04-17,Savings Transfer,TRANSFER TO SAVINGS ACCT,331.85,debit,30183.34,False
0e05736a-e,CUST1CF577,2026-04-18,Dining/Restaurants,POS - LOCAL RESTAURANT,478.2,debit,29705.14,False
a5e84336-9,CUST1CF577,2026-04-18,Shopping,AMAZON.EG ORDER,466.58,debit,29238.56,False
20448430-c,CUST1CF577,2026-04-19,Healthcare,CLINIC VISIT FEE,70.99,debit,29167.57,False
d41e05a8-0,CUST1CF577,2026-04-20,Utilities,ELECTRICITY BILL PMT,978.03,debit,28189.54,False
8350f721-7,CUST1CF577,2026-04-21,Groceries,CARREFOUR HYPERMARKET,172.0,debit,28017.54,False
64aabaeb-7,CUST1CF577,2026-04-21,Groceries,CARREFOUR HYPERMARKET,992.19,debit,27025.35,False
3bf89cdd-8,CUST1CF577,2026-04-24,Entertainment,CINEMA TICKET PURCHASE,398.73,debit,26626.62,False
fdfd885e-7,CUST1CF577,2026-04-25,Groceries,SPINNEYS #924,5.7,debit,26620.92,False
f3cded96-1,CUST1CF577,2026-04-25,Dining/Restaurants,CAFE PURCHASE,332.6,debit,26288.32,False
64bd1958-9,CUST1CF577,2026-04-26,Groceries,CARREFOUR HYPERMARKET,587.52,debit,25700.8,False
fe8f8b14-c,CUST1CF577,2026-04-27,Subscriptions,NETFLIX.COM SUBSCRIPTION,261.74,debit,25439.06,False
e07f5229-2,CUST1CF577,2026-04-27,Healthcare,PHARMACY PURCHASE,159.16,debit,25279.9,False
3d3111e9-9,CUST1CF577,2026-04-27,Savings Transfer,INTERNAL XFER - SAVINGS,1041.62,debit,24238.28,False
8bfe36dd-4,CUST1CF577,2026-05-01,Salary,MONTHLY SALARY CREDIT,18200.0,credit,42438.28,False
cc10a75b-b,CUST1CF577,2026-05-01,Transportation,FUEL STATION PURCHASE,38.12,debit,42400.16,False
95ef5987-8,CUST1CF577,2026-05-02,Transportation,CAREEM RIDE,508.57,debit,41891.59,False
e97639c1-c,CUST1CF577,2026-05-05,Dining/Restaurants,MCDONALDS #371,125.53,debit,41766.06,False
fda95fad-e,CUST1CF577,2026-05-05,Subscriptions,SPOTIFY AB,288.86,debit,41477.2,False
8078fb3c-b,CUST1CF577,2026-05-05,Savings Transfer,TRANSFER TO SAVINGS ACCT,281.66,debit,41195.54,False
e065b946-e,CUST1CF577,2026-05-07,Savings Transfer,INTERNAL XFER - SAVINGS,543.33,debit,40652.21,False
5b43eeff-c,CUST1CF577,2026-05-10,Transportation,UBER *TRIP 319,35.29,debit,40616.92,False
265e1224-4,CUST1CF577,2026-05-10,Shopping,ONLINE STORE CHECKOUT,193.89,debit,40423.03,False
27921911-a,CUST1CF577,2026-05-11,Groceries,POS PURCHASE - LOCAL MARKET,343.91,debit,40079.12,False
326101a1-f,CUST1CF577,2026-05-11,Groceries,POS PURCHASE - LOCAL MARKET,241.58,debit,39837.54,False
4186ff05-3,CUST1CF577,2026-05-13,Healthcare,CLINIC VISIT FEE,300.47,debit,39537.07,False
b381057d-7,CUST1CF577,2026-05-13,Savings Transfer,INTERNAL XFER - SAVINGS,379.39,debit,39157.68,False
73808933-c,CUST1CF577,2026-05-14,Groceries,POS PURCHASE - LOCAL MARKET,992.23,debit,38165.45,False
c1882198-2,CUST1CF577,2026-05-15,Transportation,CAREEM RIDE,252.57,debit,37912.88,False
dc2b196c-3,CUST1CF577,2026-05-17,Transportation,UBER *TRIP 409,159.48,debit,37753.4,False
8f5c5189-5,CUST1CF577,2026-05-18,Rent/Installment,Home Loan Installment - NBE,5619.11,debit,32134.29,False
01ed2703-b,CUST1CF577,2026-05-18,Groceries,SPINNEYS #965,455.97,debit,31678.32,False
3786b25a-6,CUST1CF577,2026-05-18,Savings Transfer,INTERNAL XFER - SAVINGS,298.45,debit,31379.87,False
b952225f-9,CUST1CF577,2026-05-19,Utilities,WATER CO. AUTOPAY,1035.23,debit,30344.64,False
892abfbd-4,CUST1CF577,2026-05-19,Dining/Restaurants,MCDONALDS #338,487.4,debit,29857.24,False
aececd4a-7,CUST1CF577,2026-05-19,Healthcare,LAB TEST PAYMENT,145.57,debit,29711.67,False
6e9f911d-9,CUST1CF577,2026-05-19,Savings Transfer,TRANSFER TO SAVINGS ACCT,513.54,debit,29198.13,False
ae0639b5-8,CUST1CF577,2026-05-20,Groceries,SPINNEYS #460,28.01,debit,29170.12,False
9f34bb61-6,CUST1CF577,2026-05-25,Shopping,ONLINE STORE CHECKOUT,357.97,debit,28812.15,False
2271ce7a-f,CUST1CF577,2026-05-26,Dining/Restaurants,POS - LOCAL RESTAURANT,718.46,debit,28093.69,False
354e9f13-9,CUST1CF577,2026-05-26,Entertainment,NETFLIX PPV CHARGE,710.32,debit,27383.37,False
f8470b01-c,CUST1CF577,2026-05-27,Entertainment,GAMING STORE PURCHASE,10.49,debit,27372.88,False
7d6d2a8f-f,CUST1CF577,2026-05-27,Entertainment,CINEMA TICKET PURCHASE,260.86,debit,27112.02,False
f2833a1d-8,CUST1CF577,2026-05-27,Shopping,MALL PURCHASE - POS,47.33,debit,27064.69,False
a9098e62-2,CUST1CF577,2026-05-28,Shopping,AMAZON.EG ORDER,19.09,debit,27045.6,False
0fbd2249-e,CUST1CF577,2026-05-28,Shopping,ONLINE STORE CHECKOUT,228.04,debit,26817.56,False
a61b31d1-7,CUST1CF577,2026-06-01,Groceries,SPINNEYS #273,624.54,debit,26193.02,False
391cb111-7,CUST1CF577,2026-06-01,Shopping,AMAZON.EG ORDER,419.53,debit,25773.49,False
217daa6a-6,CUST1CF577,2026-06-02,Transportation,UBER *TRIP 735,116.4,debit,25657.09,False
f1a9c0bf-e,CUST1CF577,2026-06-02,Entertainment,NETFLIX PPV CHARGE,373.34,debit,25283.75,False
b786919c-b,CUST1CF577,2026-06-03,Salary,MONTHLY SALARY CREDIT,18200.0,credit,43483.75,False
0a14f22a-9,CUST1CF577,2026-06-04,Subscriptions,NETFLIX.COM SUBSCRIPTION,278.56,debit,43205.19,False
158ef706-6,CUST1CF577,2026-06-07,Groceries,POS PURCHASE - LOCAL MARKET,790.79,debit,42414.4,False
10a140bc-3,CUST1CF577,2026-06-07,Healthcare,LAB TEST PAYMENT,11.02,debit,42403.38,False
36bb3806-b,CUST1CF577,2026-06-08,Rent/Installment,ACH DEBIT - RENT PAYMENT,5581.15,debit,36822.23,False
a9faa901-4,CUST1CF577,2026-06-08,Savings Transfer,TRANSFER TO SAVINGS ACCT,7.94,debit,36814.29,False
316d685c-6,CUST1CF577,2026-06-09,Shopping,ONLINE STORE CHECKOUT,482.77,debit,36331.52,False
faaa6ed8-e,CUST1CF577,2026-06-10,Entertainment,CINEMA TICKET PURCHASE,7.78,debit,36323.74,False
ab8fc364-e,CUST1CF577,2026-06-13,Entertainment,GAMING STORE PURCHASE,75.06,debit,36248.68,False
7775dea9-a,CUST1CF577,2026-06-13,Healthcare,LAB TEST PAYMENT,44.38,debit,36204.3,False
4ff86bc5-1,CUST1CF577,2026-06-15,Groceries,CARREFOUR HYPERMARKET,478.17,debit,35726.13,False
9e068903-8,CUST1CF577,2026-06-16,Dining/Restaurants,MCDONALDS #439,389.34,debit,35336.79,False
8325eb47-4,CUST1CF577,2026-06-17,Healthcare,CLINIC VISIT FEE,89.65,debit,35247.14,False
c6db6acc-9,CUST1CF577,2026-06-17,Savings Transfer,INTERNAL XFER - SAVINGS,599.07,debit,34648.07,False
b0d8db15-e,CUST1CF577,2026-06-19,Utilities,ELECTRICITY BILL PMT,948.17,debit,33699.9,False
bb3626f8-2,CUST1CF577,2026-06-20,Groceries,SPINNEYS #738,53.68,debit,33646.22,False
7d66b200-e,CUST1CF577,2026-06-20,Healthcare,LAB TEST PAYMENT,223.77,debit,33422.45,False
e2861603-1,CUST1CF577,2026-06-21,Savings Transfer,INTERNAL XFER - SAVINGS,105.13,debit,33317.32,False
6039a51d-a,CUST1CF577,2026-06-23,Entertainment,GAMING STORE PURCHASE,554.86,debit,32762.46,False
1e411ad0-5,CUST1CF577,2026-06-23,Healthcare,PHARMACY PURCHASE,92.87,debit,32669.59,False
20fa937b-5,CUST1CF577,2026-06-24,Dining/Restaurants,CAFE PURCHASE,886.69,debit,31782.9,False
cde70af3-9,CUST1CF577,2026-06-27,Savings Transfer,TRANSFER TO SAVINGS ACCT,1269.41,debit,30513.49,False
2840e0d9-f,CUST1CF577,2026-06-28,Transportation,CAREEM RIDE,919.43,debit,29594.06,False
678637fe-8,CUST52E49C,2026-01-01,Salary,MONTHLY SALARY CREDIT,21600.0,credit,32140.11,False
1693d811-d,CUST52E49C,2026-01-03,Dining/Restaurants,CAFE PURCHASE,11.08,debit,32129.03,False
ec34b417-8,CUST52E49C,2026-01-05,Rent/Installment,Monthly Rent Transfer,5654.82,debit,26474.21,False
2decf444-4,CUST52E49C,2026-01-05,Transportation,UBER *TRIP 209,329.33,debit,26144.88,False
abac3414-3,CUST52E49C,2026-01-05,Dining/Restaurants,CAFE PURCHASE,8.1,debit,26136.78,False
f4568b89-0,CUST52E49C,2026-01-05,Savings Transfer,INTERNAL XFER - SAVINGS,151.31,debit,25985.47,False
fc044a0d-4,CUST52E49C,2026-01-06,Groceries,SPINNEYS #169,1519.46,debit,24466.01,False
81de95bc-3,CUST52E49C,2026-01-08,Dining/Restaurants,CAFE PURCHASE,714.66,debit,23751.35,False
84139282-3,CUST52E49C,2026-01-08,Entertainment,GAMING STORE PURCHASE,103.63,debit,23647.72,False
40df556e-a,CUST52E49C,2026-01-11,Entertainment,NETFLIX PPV CHARGE,500.58,debit,23147.14,False
db38de87-f,CUST52E49C,2026-01-13,Shopping,ONLINE STORE CHECKOUT,497.23,debit,22649.91,False
ed1c9600-c,CUST52E49C,2026-01-13,Savings Transfer,INTERNAL XFER - SAVINGS,65.13,debit,22584.78,False
bfeeae53-3,CUST52E49C,2026-01-14,Transportation,CAREEM RIDE,1020.82,debit,21563.96,False
001a44b2-3,CUST52E49C,2026-01-15,Entertainment,GAMING STORE PURCHASE,293.51,debit,21270.45,False
b3f6b454-0,CUST52E49C,2026-01-15,Savings Transfer,TRANSFER TO SAVINGS ACCT,319.58,debit,20950.87,False
ba7dd1e5-c,CUST52E49C,2026-01-15,Savings Transfer,TRANSFER TO SAVINGS ACCT,487.99,debit,20462.88,False
b2ff0a1c-c,CUST52E49C,2026-01-16,Dining/Restaurants,CAFE PURCHASE,464.53,debit,19998.35,False
9e9028ab-8,CUST52E49C,2026-01-17,Subscriptions,GYM MEMBERSHIP AUTOPAY,357.53,debit,19640.82,False
ab411f95-b,CUST52E49C,2026-01-17,Healthcare,LAB TEST PAYMENT,428.54,debit,19212.28,False
a0d88275-e,CUST52E49C,2026-01-18,Groceries,POS PURCHASE - LOCAL MARKET,288.7,debit,18923.58,False
acd08c64-a,CUST52E49C,2026-01-20,Savings Transfer,TRANSFER TO SAVINGS ACCT,297.2,debit,18626.38,False
753ba01d-3,CUST52E49C,2026-01-24,Transportation,FUEL STATION PURCHASE,53.85,debit,18572.53,False
51b928f6-4,CUST52E49C,2026-01-25,Groceries,CARREFOUR HYPERMARKET,1364.4,debit,17208.13,False
1f0b36e3-f,CUST52E49C,2026-01-25,Entertainment,CINEMA TICKET PURCHASE,31.72,debit,17176.41,False
c1a84862-c,CUST52E49C,2026-01-25,Entertainment,CINEMA TICKET PURCHASE,54.87,debit,17121.54,False
49135f5b-f,CUST52E49C,2026-01-27,Shopping,MALL PURCHASE - POS,770.99,debit,16350.55,False
a3acfa59-2,CUST52E49C,2026-01-27,Healthcare,PHARMACY PURCHASE,352.91,debit,15997.64,False
44044590-8,CUST52E49C,2026-01-28,Utilities,ELECTRICITY BILL PMT,1152.6,debit,14845.04,False
b309be58-0,CUST52E49C,2026-02-01,Salary,MONTHLY SALARY CREDIT,21600.0,credit,36445.04,False
af2e399a-1,CUST52E49C,2026-02-01,Entertainment,NETFLIX PPV CHARGE,5.0,debit,36440.04,False
1982422c-2,CUST52E49C,2026-02-02,Shopping,AMAZON.EG ORDER,361.46,debit,36078.58,False
d090a82e-7,CUST52E49C,2026-02-03,Subscriptions,NETFLIX.COM SUBSCRIPTION,336.8,debit,35741.78,False
f641d651-7,CUST52E49C,2026-02-03,Savings Transfer,INTERNAL XFER - SAVINGS,665.02,debit,35076.76,False
92a4cf05-c,CUST52E49C,2026-02-04,Groceries,CARREFOUR HYPERMARKET,354.62,debit,34722.14,False
24993971-b,CUST52E49C,2026-02-04,Savings Transfer,INTERNAL XFER - SAVINGS,103.29,debit,34618.85,False
90b420b8-7,CUST52E49C,2026-02-05,Shopping,AMAZON.EG ORDER,205.0,debit,34413.85,False
1234d10a-5,CUST52E49C,2026-02-08,Entertainment,CINEMA TICKET PURCHASE,266.15,debit,34147.7,False
d9508b46-5,CUST52E49C,2026-02-09,Shopping,ONLINE STORE CHECKOUT,8.46,debit,34139.24,False
ff411bea-2,CUST52E49C,2026-02-10,Dining/Restaurants,CAFE PURCHASE,502.18,debit,33637.06,False
0b12d6c2-4,CUST52E49C,2026-02-10,Dining/Restaurants,CAFE PURCHASE,694.68,debit,32942.38,False
3d9fe2a9-8,CUST52E49C,2026-02-11,Utilities,WATER CO. AUTOPAY,1064.09,debit,31878.29,False
8c2bf210-0,CUST52E49C,2026-02-11,Groceries,POS PURCHASE - LOCAL MARKET,272.28,debit,31606.01,False
3635a6a3-8,CUST52E49C,2026-02-11,Transportation,FUEL STATION PURCHASE,28.26,debit,31577.75,False
e9e34a54-1,CUST52E49C,2026-02-14,Savings Transfer,TRANSFER TO SAVINGS ACCT,136.99,debit,31440.76,False
b28db4f8-3,CUST52E49C,2026-02-17,Transportation,FUEL STATION PURCHASE,123.05,debit,31317.71,False
eb013780-8,CUST52E49C,2026-02-18,Transportation,CAREEM RIDE,897.14,debit,30420.57,False
602465cf-1,CUST52E49C,2026-02-18,Entertainment,CINEMA TICKET PURCHASE,864.32,debit,29556.25,False
f958a891-8,CUST52E49C,2026-02-19,Rent/Installment,Monthly Rent Transfer,5622.4,debit,23933.85,False
1dba78c6-1,CUST52E49C,2026-02-22,Shopping,ONLINE STORE CHECKOUT,151.6,debit,23782.25,False
f7f5ac5d-a,CUST52E49C,2026-02-23,Healthcare,LAB TEST PAYMENT,496.22,debit,23286.03,False
b4c818d4-7,CUST52E49C,2026-02-24,Healthcare,LAB TEST PAYMENT,266.27,debit,23019.76,False
7cc78a12-8,CUST52E49C,2026-02-25,Savings Transfer,INTERNAL XFER - SAVINGS,431.57,debit,22588.19,False
7148eff4-c,CUST52E49C,2026-02-26,Groceries,CARREFOUR HYPERMARKET,2392.39,debit,20195.8,False
eeacb91e-a,CUST52E49C,2026-02-26,Healthcare,LAB TEST PAYMENT,49.53,debit,20146.27,False
760706dc-7,CUST52E49C,2026-02-27,Shopping,AMAZON.EG ORDER,560.03,debit,19586.24,False
30ba1bec-b,CUST52E49C,2026-02-28,Transportation,UBER *TRIP 266,393.96,debit,19192.28,False
7b3d7384-5,CUST52E49C,2026-03-01,Shopping,AMAZON.EG ORDER,765.84,debit,18426.44,False
17e2ecfe-1,CUST52E49C,2026-03-01,Savings Transfer,INTERNAL XFER - SAVINGS,681.71,debit,17744.73,False
328f2ec0-2,CUST52E49C,2026-03-02,Transportation,CAREEM RIDE,1481.53,debit,16263.2,False
87215b66-f,CUST52E49C,2026-03-03,Salary,MONTHLY SALARY CREDIT,21600.0,credit,37863.2,False
4d949641-9,CUST52E49C,2026-03-04,Healthcare,CLINIC VISIT FEE,233.7,debit,37629.5,False
333bb933-7,CUST52E49C,2026-03-07,Healthcare,LAB TEST PAYMENT,309.85,debit,37319.65,False
f6881912-7,CUST52E49C,2026-03-07,Savings Transfer,INTERNAL XFER - SAVINGS,854.45,debit,36465.2,False
3e8dcb26-9,CUST52E49C,2026-03-09,Shopping,AMAZON.EG ORDER,156.23,debit,36308.97,False
ba369c81-7,CUST52E49C,2026-03-10,Dining/Restaurants,POS - LOCAL RESTAURANT,15.33,debit,36293.64,False
a01293b4-e,CUST52E49C,2026-03-10,Dining/Restaurants,POS - LOCAL RESTAURANT,257.74,debit,36035.9,False
f308991e-2,CUST52E49C,2026-03-11,Dining/Restaurants,MCDONALDS #216,1084.22,debit,34951.68,False
4dca2767-3,CUST52E49C,2026-03-11,Entertainment,NETFLIX PPV CHARGE,29.57,debit,34922.11,False
426b542e-e,CUST52E49C,2026-03-11,Shopping,MALL PURCHASE - POS,13.47,debit,34908.64,False
4bbdba49-6,CUST52E49C,2026-03-12,Healthcare,CLINIC VISIT FEE,224.3,debit,34684.34,False
0b851b39-8,CUST52E49C,2026-03-13,Subscriptions,NETFLIX.COM SUBSCRIPTION,355.93,debit,34328.41,False
c07ea19d-0,CUST52E49C,2026-03-14,Healthcare,PHARMACY PURCHASE,25.08,debit,34303.33,False
3dc85705-d,CUST52E49C,2026-03-16,Utilities,Internet Bill - ONLINE,1193.29,debit,33110.04,False
8b1e1b2c-0,CUST52E49C,2026-03-16,Entertainment,CINEMA TICKET PURCHASE,148.81,debit,32961.23,False
4af9f72b-a,CUST52E49C,2026-03-16,Entertainment,CINEMA TICKET PURCHASE,447.28,debit,32513.95,False
b29c751f-d,CUST52E49C,2026-03-19,Rent/Installment,Monthly Rent Transfer,5476.32,debit,27037.63,False
3467df94-9,CUST52E49C,2026-03-19,Groceries,POS PURCHASE - LOCAL MARKET,859.99,debit,26177.64,False
dca19631-6,CUST52E49C,2026-03-20,Groceries,POS PURCHASE - LOCAL MARKET,554.4,debit,25623.24,False
5a489ecb-1,CUST52E49C,2026-03-21,Transportation,UBER *TRIP 855,5.0,debit,25618.24,False
147170fe-d,CUST52E49C,2026-03-21,Shopping,ONLINE STORE CHECKOUT,443.91,debit,25174.33,False
3af5ece4-d,CUST52E49C,2026-03-24,Groceries,POS PURCHASE - LOCAL MARKET,1393.5,debit,23780.83,False
34cc697e-1,CUST52E49C,2026-03-26,Groceries,CARREFOUR HYPERMARKET,504.09,debit,23276.74,False
317ca4c5-d,CUST52E49C,2026-03-26,Transportation,FUEL STATION PURCHASE,34.01,debit,23242.73,False
1b7938ad-1,CUST52E49C,2026-03-26,Entertainment,NETFLIX PPV CHARGE,279.93,debit,22962.8,False
d05cdbb1-6,CUST52E49C,2026-03-28,Entertainment,GAMING STORE PURCHASE,110.11,debit,22852.69,False
5af000db-7,CUST52E49C,2026-04-02,Groceries,POS PURCHASE - LOCAL MARKET,368.87,debit,22483.82,False
a349084e-8,CUST52E49C,2026-04-02,Groceries,CARREFOUR HYPERMARKET,243.95,debit,22239.87,False
f85f730f-b,CUST52E49C,2026-04-03,Salary,MONTHLY SALARY CREDIT,21600.0,credit,43839.87,False
e1e8f645-6,CUST52E49C,2026-04-04,Transportation,UBER *TRIP 737,657.13,debit,43182.74,False
d460e8e4-6,CUST52E49C,2026-04-05,Dining/Restaurants,MCDONALDS #582,204.42,debit,42978.32,True
50e6ca31-5,CUST52E49C,2026-04-06,Dining/Restaurants,MCDONALDS #418,1003.03,debit,41975.29,True
8e852231-e,CUST52E49C,2026-04-06,Entertainment,GAMING STORE PURCHASE,1254.18,debit,40721.11,True
a7b49aad-e,CUST52E49C,2026-04-09,Transportation,UBER *TRIP 261,345.21,debit,40375.9,False
c816d9b5-3,CUST52E49C,2026-04-11,Rent/Installment,ACH DEBIT - RENT PAYMENT,5779.29,debit,34596.61,False
d6fac9ce-9,CUST52E49C,2026-04-11,Dining/Restaurants,CAFE PURCHASE,1419.64,debit,33176.97,True
cc11b1cc-3,CUST52E49C,2026-04-15,Shopping,AMAZON.EG ORDER,1127.51,debit,32049.46,True
1fe663d7-c,CUST52E49C,2026-04-15,Healthcare,CLINIC VISIT FEE,672.44,debit,31377.02,True
e89cbeb5-b,CUST52E49C,2026-04-15,Healthcare,PHARMACY PURCHASE,190.53,debit,31186.49,True
d4f471e2-f,CUST52E49C,2026-04-16,Healthcare,PHARMACY PURCHASE,466.27,debit,30720.22,True
886dffbd-9,CUST52E49C,2026-04-17,Utilities,Internet Bill - NBE,1157.4,debit,29562.82,False
529bb739-d,CUST52E49C,2026-04-18,Shopping,AMAZON.EG ORDER,2634.65,debit,26928.17,True
aa24f433-d,CUST52E49C,2026-04-18,Savings Transfer,INTERNAL XFER - SAVINGS,731.04,debit,26197.13,False
1a205b90-4,CUST52E49C,2026-04-19,Shopping,AMAZON.EG ORDER,165.05,debit,26032.08,True
879d9b20-8,CUST52E49C,2026-04-21,Entertainment,GAMING STORE PURCHASE,1686.7,debit,24345.38,True
6d41e400-d,CUST52E49C,2026-04-21,Savings Transfer,TRANSFER TO SAVINGS ACCT,151.93,debit,24193.45,False
d375f678-4,CUST52E49C,2026-04-22,Healthcare,CLINIC VISIT FEE,857.28,debit,23336.17,True
96d43e89-7,CUST52E49C,2026-04-23,Subscriptions,SPOTIFY AB,363.9,debit,22972.27,False
b466780e-e,CUST52E49C,2026-04-23,Savings Transfer,TRANSFER TO SAVINGS ACCT,602.73,debit,22369.54,False
ab3a77d4-e,CUST52E49C,2026-04-24,Groceries,SPINNEYS #123,1519.67,debit,20849.87,False
0850b14a-c,CUST52E49C,2026-04-25,Groceries,SPINNEYS #754,430.5,debit,20419.37,False
5fb75e10-f,CUST52E49C,2026-04-25,Transportation,CAREEM RIDE,402.62,debit,20016.75,False
096db6fd-9,CUST52E49C,2026-04-26,Dining/Restaurants,POS - LOCAL RESTAURANT,976.86,debit,19039.89,True
d9675727-2,CUST52E49C,2026-04-28,Groceries,CARREFOUR HYPERMARKET,621.42,debit,18418.47,False
bd4cde07-a,CUST52E49C,2026-05-01,Shopping,AMAZON.EG ORDER,86.14,debit,18332.33,False
405572a8-8,CUST52E49C,2026-05-02,Salary,MONTHLY SALARY CREDIT,21600.0,credit,39932.33,False
f5507873-e,CUST52E49C,2026-05-02,Dining/Restaurants,POS - LOCAL RESTAURANT,119.39,debit,39812.94,False
efd25579-0,CUST52E49C,2026-05-03,Savings Transfer,TRANSFER TO SAVINGS ACCT,599.32,debit,39213.62,False
3ac3fdae-a,CUST52E49C,2026-05-04,Groceries,SPINNEYS #280,393.84,debit,38819.78,False
8c914061-2,CUST52E49C,2026-05-05,Transportation,FUEL STATION PURCHASE,92.91,debit,38726.87,False
e1202cc7-f,CUST52E49C,2026-05-05,Shopping,ONLINE STORE CHECKOUT,68.31,debit,38658.56,False
1a634dd2-6,CUST52E49C,2026-05-07,Entertainment,GAMING STORE PURCHASE,678.91,debit,37979.65,False
3ea08e83-7,CUST52E49C,2026-05-08,Rent/Installment,Monthly Rent Transfer,5693.04,debit,32286.61,False
b92f0108-9,CUST52E49C,2026-05-10,Transportation,CAREEM RIDE,479.93,debit,31806.68,False
3a3fcb53-6,CUST52E49C,2026-05-11,Utilities,ELECTRICITY BILL PMT,1062.07,debit,30744.61,False
b87a2b66-2,CUST52E49C,2026-05-11,Savings Transfer,TRANSFER TO SAVINGS ACCT,51.38,debit,30693.23,False
03496f6f-b,CUST52E49C,2026-05-13,Groceries,CARREFOUR HYPERMARKET,949.1,debit,29744.13,False
692191f7-5,CUST52E49C,2026-05-13,Dining/Restaurants,MCDONALDS #972,471.71,debit,29272.42,False
d19df275-a,CUST52E49C,2026-05-13,Entertainment,NETFLIX PPV CHARGE,163.17,debit,29109.25,False
ec3cac7f-6,CUST52E49C,2026-05-14,Dining/Restaurants,CAFE PURCHASE,418.92,debit,28690.33,False
485b14ec-4,CUST52E49C,2026-05-14,Entertainment,GAMING STORE PURCHASE,29.5,debit,28660.83,False
6b99808d-a,CUST52E49C,2026-05-14,Shopping,AMAZON.EG ORDER,511.09,debit,28149.74,False
c98a2636-5,CUST52E49C,2026-05-15,Transportation,UBER *TRIP 310,536.5,debit,27613.24,False
ee1c18fa-4,CUST52E49C,2026-05-17,Healthcare,CLINIC VISIT FEE,65.53,debit,27547.71,False
9f2c9c3f-d,CUST52E49C,2026-05-18,Savings Transfer,INTERNAL XFER - SAVINGS,310.91,debit,27236.8,False
4844a6c1-b,CUST52E49C,2026-05-19,Groceries,SPINNEYS #217,524.76,debit,26712.04,False
72ea8c3e-a,CUST52E49C,2026-05-19,Dining/Restaurants,MCDONALDS #726,365.52,debit,26346.52,False
de122d5e-9,CUST52E49C,2026-05-19,Healthcare,CLINIC VISIT FEE,70.56,debit,26275.96,False
81a7b152-4,CUST52E49C,2026-05-19,Healthcare,CLINIC VISIT FEE,309.85,debit,25966.11,False
42f6dfb2-7,CUST52E49C,2026-05-20,Groceries,SPINNEYS #433,698.2,debit,25267.91,False
6cfe6cad-9,CUST52E49C,2026-05-20,Healthcare,PHARMACY PURCHASE,128.51,debit,25139.4,False
573efe26-c,CUST52E49C,2026-05-21,Entertainment,NETFLIX PPV CHARGE,74.26,debit,25065.14,False
725dcf17-1,CUST52E49C,2026-05-21,Shopping,MALL PURCHASE - POS,187.93,debit,24877.21,False
b11e920a-7,CUST52E49C,2026-05-21,Savings Transfer,TRANSFER TO SAVINGS ACCT,273.62,debit,24603.59,False
bc9f8742-f,CUST52E49C,2026-05-22,Groceries,CARREFOUR HYPERMARKET,537.08,debit,24066.51,False
73e76c0d-4,CUST52E49C,2026-05-22,Transportation,UBER *TRIP 563,165.93,debit,23900.58,False
37859ac4-5,CUST52E49C,2026-05-23,Subscriptions,GYM MEMBERSHIP AUTOPAY,378.57,debit,23522.01,False
4269ee74-b,CUST52E49C,2026-05-26,Transportation,UBER *TRIP 875,235.95,debit,23286.06,False
3ce103e2-8,CUST52E49C,2026-05-28,Shopping,ONLINE STORE CHECKOUT,346.02,debit,22940.04,False
b16fe455-4,CUST52E49C,2026-05-28,Healthcare,LAB TEST PAYMENT,117.26,debit,22822.78,False
92a40aea-e,CUST52E49C,2026-05-28,Savings Transfer,INTERNAL XFER - SAVINGS,107.5,debit,22715.28,False
dab05442-a,CUST52E49C,2026-06-01,Healthcare,CLINIC VISIT FEE,246.37,debit,22468.91,False
9bc61c80-c,CUST52E49C,2026-06-02,Groceries,POS PURCHASE - LOCAL MARKET,1388.48,debit,21080.43,False
bb8f7f24-2,CUST52E49C,2026-06-02,Entertainment,GAMING STORE PURCHASE,166.56,debit,20913.87,False
ff2c8178-5,CUST52E49C,2026-06-02,Entertainment,CINEMA TICKET PURCHASE,408.69,debit,20505.18,False
e7e72b71-4,CUST52E49C,2026-06-03,Salary,MONTHLY SALARY CREDIT,21600.0,credit,42105.18,False
a4a7feb4-3,CUST52E49C,2026-06-03,Groceries,CARREFOUR HYPERMARKET,754.73,debit,41350.45,False
d0acd34a-d,CUST52E49C,2026-06-04,Savings Transfer,TRANSFER TO SAVINGS ACCT,133.49,debit,41216.96,False
a86017f5-3,CUST52E49C,2026-06-05,Transportation,FUEL STATION PURCHASE,531.16,debit,40685.8,False
38d7edd7-d,CUST52E49C,2026-06-05,Savings Transfer,INTERNAL XFER - SAVINGS,500.81,debit,40184.99,False
8dfd2710-3,CUST52E49C,2026-06-06,Healthcare,CLINIC VISIT FEE,397.48,debit,39787.51,False
3d946fcf-7,CUST52E49C,2026-06-09,Transportation,UBER *TRIP 859,393.09,debit,39394.42,False
24b8ab86-7,CUST52E49C,2026-06-09,Shopping,ONLINE STORE CHECKOUT,89.62,debit,39304.8,False
e5c3c13a-8,CUST52E49C,2026-06-11,Dining/Restaurants,MCDONALDS #248,968.46,debit,38336.34,False
6215da52-f,CUST52E49C,2026-06-11,Shopping,MALL PURCHASE - POS,306.29,debit,38030.05,False
5a4ce121-4,CUST52E49C,2026-06-16,Groceries,POS PURCHASE - LOCAL MARKET,169.78,debit,37860.27,False
a1025d17-2,CUST52E49C,2026-06-16,Entertainment,NETFLIX PPV CHARGE,147.6,debit,37712.67,False
c5eeaaab-d,CUST52E49C,2026-06-17,Shopping,ONLINE STORE CHECKOUT,14.61,debit,37698.06,False
3126b497-f,CUST52E49C,2026-06-18,Shopping,ONLINE STORE CHECKOUT,538.09,debit,37159.97,False
d918fb5f-d,CUST52E49C,2026-06-19,Rent/Installment,Monthly Rent Transfer,6494.97,debit,30665.0,False
162881de-1,CUST52E49C,2026-06-19,Savings Transfer,TRANSFER TO SAVINGS ACCT,368.17,debit,30296.83,False
0512e41d-d,CUST52E49C,2026-06-20,Groceries,CARREFOUR HYPERMARKET,451.31,debit,29845.52,False
25d59e34-f,CUST52E49C,2026-06-20,Transportation,UBER *TRIP 705,36.13,debit,29809.39,False
a2c68292-0,CUST52E49C,2026-06-20,Shopping,ONLINE STORE CHECKOUT,282.83,debit,29526.56,False
54ed1bce-9,CUST52E49C,2026-06-20,Savings Transfer,TRANSFER TO SAVINGS ACCT,45.62,debit,29480.94,False
5cd20008-1,CUST52E49C,2026-06-22,Entertainment,GAMING STORE PURCHASE,157.48,debit,29323.46,False
080ef98c-9,CUST52E49C,2026-06-22,Subscriptions,GYM MEMBERSHIP AUTOPAY,348.22,debit,28975.24,False
7237053b-e,CUST52E49C,2026-06-22,Healthcare,PHARMACY PURCHASE,120.6,debit,28854.64,False
8148ac55-4,CUST52E49C,2026-06-22,Savings Transfer,TRANSFER TO SAVINGS ACCT,291.93,debit,28562.71,False
b6b621d5-1,CUST52E49C,2026-06-25,Dining/Restaurants,POS - LOCAL RESTAURANT,167.17,debit,28395.54,False
cf1831a8-c,CUST52E49C,2026-06-25,Entertainment,GAMING STORE PURCHASE,115.33,debit,28280.21,False
758554bd-d,CUST52E49C,2026-06-26,Utilities,WATER CO. AUTOPAY,1055.35,debit,27224.86,False
87e82f76-f,CUST52E49C,2026-06-26,Transportation,UBER *TRIP 367,599.19,debit,26625.67,False
d63eef98-2,CUST52E49C,2026-06-27,Dining/Restaurants,MCDONALDS #957,75.89,debit,26549.78,False
1a201a95-3,CUST71F708,2026-01-01,Transportation,CAREEM RIDE,1901.44,debit,2493.98,False
a2f94d07-3,CUST71F708,2026-01-02,Salary,MONTHLY SALARY CREDIT,27000.0,credit,29493.98,False
559981af-0,CUST71F708,2026-01-02,Entertainment,GAMING STORE PURCHASE,288.29,debit,29205.69,False
4fa4d5d1-0,CUST71F708,2026-01-02,Shopping,MALL PURCHASE - POS,764.41,debit,28441.28,False
26205676-8,CUST71F708,2026-01-02,Savings Transfer,INTERNAL XFER - SAVINGS,128.06,debit,28313.22,False
19775273-d,CUST71F708,2026-01-02,Savings Transfer,INTERNAL XFER - SAVINGS,3328.96,debit,24984.26,False
b9a2a026-b,CUST71F708,2026-01-03,Entertainment,GAMING STORE PURCHASE,620.3,debit,24363.96,False
bfc03540-3,CUST71F708,2026-01-04,Entertainment,GAMING STORE PURCHASE,383.36,debit,23980.6,False
8bb0e80b-2,CUST71F708,2026-01-08,Healthcare,CLINIC VISIT FEE,12.9,debit,23967.7,False
0427fbe9-f,CUST71F708,2026-01-09,Dining/Restaurants,MCDONALDS #816,1546.96,debit,22420.74,False
79436956-d,CUST71F708,2026-01-10,Shopping,ONLINE STORE CHECKOUT,618.63,debit,21802.11,False
c750fe17-3,CUST71F708,2026-01-11,Entertainment,GAMING STORE PURCHASE,129.78,debit,21672.33,False
a716b92b-f,CUST71F708,2026-01-13,Rent/Installment,Home Loan Installment - NBE,8522.46,debit,13149.87,False
af094d64-3,CUST71F708,2026-01-13,Dining/Restaurants,CAFE PURCHASE,780.68,debit,12369.19,False
90fd1f76-7,CUST71F708,2026-01-13,Entertainment,GAMING STORE PURCHASE,113.99,debit,12255.2,False
a3e0022b-4,CUST71F708,2026-01-16,Groceries,CARREFOUR HYPERMARKET,492.0,debit,11763.2,False
39187e95-e,CUST71F708,2026-01-16,Healthcare,LAB TEST PAYMENT,5.0,debit,11758.2,False
d9bb0561-e,CUST71F708,2026-01-19,Transportation,FUEL STATION PURCHASE,149.56,debit,11608.64,False
352c9c13-d,CUST71F708,2026-01-21,Groceries,CARREFOUR HYPERMARKET,1074.47,debit,10534.17,False
8a1d4eca-e,CUST71F708,2026-01-21,Shopping,AMAZON.EG ORDER,162.2,debit,10371.97,False
a40b2ac4-f,CUST71F708,2026-01-21,Shopping,ONLINE STORE CHECKOUT,470.71,debit,9901.26,False
9c392999-1,CUST71F708,2026-01-21,Subscriptions,SPOTIFY AB,628.92,debit,9272.34,False
7b75e826-e,CUST71F708,2026-01-25,Groceries,SPINNEYS #323,1190.71,debit,8081.63,False
36b9b8f7-5,CUST71F708,2026-01-26,Healthcare,LAB TEST PAYMENT,493.73,debit,7587.9,False
5caa2ac0-f,CUST71F708,2026-01-27,Utilities,WATER CO. AUTOPAY,829.2,debit,6758.7,False
cee4203c-1,CUST71F708,2026-02-03,Salary,MONTHLY SALARY CREDIT,27000.0,credit,33758.7,False
bd055cf7-4,CUST71F708,2026-02-04,Groceries,SPINNEYS #709,258.99,debit,33499.71,False
78ce4259-5,CUST71F708,2026-02-04,Transportation,FUEL STATION PURCHASE,783.89,debit,32715.82,False
33696b69-5,CUST71F708,2026-02-05,Transportation,CAREEM RIDE,383.45,debit,32332.37,False
824efb3d-9,CUST71F708,2026-02-05,Dining/Restaurants,POS - LOCAL RESTAURANT,287.83,debit,32044.54,False
867dce98-1,CUST71F708,2026-02-06,Groceries,POS PURCHASE - LOCAL MARKET,1343.93,debit,30700.61,False
50b79f42-0,CUST71F708,2026-02-06,Groceries,POS PURCHASE - LOCAL MARKET,834.59,debit,29866.02,False
a60db748-d,CUST71F708,2026-02-06,Entertainment,CINEMA TICKET PURCHASE,8.61,debit,29857.41,False
3707fad2-7,CUST71F708,2026-02-07,Entertainment,CINEMA TICKET PURCHASE,394.34,debit,29463.07,False
2d2f0e58-1,CUST71F708,2026-02-08,Dining/Restaurants,CAFE PURCHASE,1583.99,debit,27879.08,False
9f5e9905-2,CUST71F708,2026-02-08,Subscriptions,NETFLIX.COM SUBSCRIPTION,617.91,debit,27261.17,False
413c67fc-2,CUST71F708,2026-02-09,Healthcare,PHARMACY PURCHASE,213.17,debit,27048.0,False
7a0db91a-6,CUST71F708,2026-02-10,Savings Transfer,TRANSFER TO SAVINGS ACCT,2211.4,debit,24836.6,False
d8fabc61-1,CUST71F708,2026-02-11,Savings Transfer,INTERNAL XFER - SAVINGS,1217.86,debit,23618.74,False
3baa77ed-f,CUST71F708,2026-02-12,Dining/Restaurants,CAFE PURCHASE,511.93,debit,23106.81,False
696992b2-4,CUST71F708,2026-02-15,Rent/Installment,Monthly Rent Transfer,8345.15,debit,14761.66,False
896f0aa7-3,CUST71F708,2026-02-15,Healthcare,LAB TEST PAYMENT,304.61,debit,14457.05,False
ac69de55-4,CUST71F708,2026-02-16,Healthcare,PHARMACY PURCHASE,7.93,debit,14449.12,False
4b266c93-5,CUST71F708,2026-02-17,Entertainment,NETFLIX PPV CHARGE,301.61,debit,14147.51,False
3e7fdb77-a,CUST71F708,2026-02-19,Utilities,ELECTRICITY BILL PMT,810.15,debit,13337.36,False
f30e6b1a-5,CUST71F708,2026-02-19,Entertainment,NETFLIX PPV CHARGE,12.59,debit,13324.77,False
e45f464d-f,CUST71F708,2026-02-21,Shopping,MALL PURCHASE - POS,909.7,debit,12415.07,False
e2f0bb70-d,CUST71F708,2026-02-23,Groceries,POS PURCHASE - LOCAL MARKET,144.69,debit,12270.38,False
736aaf1a-0,CUST71F708,2026-02-23,Shopping,MALL PURCHASE - POS,1343.54,debit,10926.84,False
5eceaa3c-d,CUST71F708,2026-02-24,Transportation,FUEL STATION PURCHASE,867.1,debit,10059.74,False
0b43d324-d,CUST71F708,2026-02-26,Entertainment,NETFLIX PPV CHARGE,639.38,debit,9420.36,False
761e7323-4,CUST71F708,2026-02-26,Healthcare,PHARMACY PURCHASE,74.45,debit,9345.91,False
d99b23ed-2,CUST71F708,2026-02-27,Groceries,CARREFOUR HYPERMARKET,576.89,debit,8769.02,False
da7fadf8-8,CUST71F708,2026-03-01,Entertainment,NETFLIX PPV CHARGE,699.57,debit,8069.45,False
db975843-2,CUST71F708,2026-03-03,Salary,MONTHLY SALARY CREDIT,27000.0,credit,35069.45,False
a0f4f6a2-a,CUST71F708,2026-03-03,Groceries,SPINNEYS #699,303.23,debit,34766.22,False
ebe3b1d9-9,CUST71F708,2026-03-03,Dining/Restaurants,POS - LOCAL RESTAURANT,159.29,debit,34606.93,False
debfddb9-5,CUST71F708,2026-03-03,Healthcare,CLINIC VISIT FEE,10.82,debit,34596.11,False
8b993501-7,CUST71F708,2026-03-04,Utilities,ELECTRICITY BILL PMT,868.73,debit,33727.38,False
6d608cf0-6,CUST71F708,2026-03-04,Groceries,CARREFOUR HYPERMARKET,978.72,debit,32748.66,False
ea0a5091-1,CUST71F708,2026-03-04,Transportation,CAREEM RIDE,141.54,debit,32607.12,False
5d961da2-6,CUST71F708,2026-03-05,Transportation,CAREEM RIDE,284.49,debit,32322.63,False
77ce698e-1,CUST71F708,2026-03-05,Shopping,MALL PURCHASE - POS,598.76,debit,31723.87,False
eb6d6b29-4,CUST71F708,2026-03-08,Groceries,CARREFOUR HYPERMARKET,1250.37,debit,30473.5,False
20b60308-5,CUST71F708,2026-03-08,Entertainment,NETFLIX PPV CHARGE,22.83,debit,30450.67,False
fb34042e-7,CUST71F708,2026-03-08,Entertainment,GAMING STORE PURCHASE,650.97,debit,29799.7,False
d8e16a5d-9,CUST71F708,2026-03-08,Shopping,AMAZON.EG ORDER,849.9,debit,28949.8,False
eadb407b-b,CUST71F708,2026-03-11,Transportation,UBER *TRIP 132,132.8,debit,28817.0,False
10661747-d,CUST71F708,2026-03-11,Savings Transfer,TRANSFER TO SAVINGS ACCT,258.16,debit,28558.84,False
9b7608c2-5,CUST71F708,2026-03-12,Healthcare,LAB TEST PAYMENT,243.27,debit,28315.57,False
7c8a45a4-d,CUST71F708,2026-03-12,Savings Transfer,TRANSFER TO SAVINGS ACCT,2253.63,debit,26061.94,False
a254b692-5,CUST71F708,2026-03-12,Savings Transfer,INTERNAL XFER - SAVINGS,677.01,debit,25384.93,False
ee833ed2-6,CUST71F708,2026-03-16,Dining/Restaurants,MCDONALDS #705,1490.87,debit,23894.06,False
cc0e3f50-3,CUST71F708,2026-03-16,Entertainment,GAMING STORE PURCHASE,200.51,debit,23693.55,False
abf486e7-a,CUST71F708,2026-03-17,Healthcare,PHARMACY PURCHASE,50.62,debit,23642.93,False
ed3e69c9-4,CUST71F708,2026-03-18,Rent/Installment,ACH DEBIT - RENT PAYMENT,7352.16,debit,16290.77,False
9d90d848-4,CUST71F708,2026-03-19,Transportation,UBER *TRIP 387,928.2,debit,15362.57,False
060d84ab-5,CUST71F708,2026-03-19,Dining/Restaurants,CAFE PURCHASE,133.4,debit,15229.17,False
cb1a85c8-9,CUST71F708,2026-03-19,Subscriptions,GYM MEMBERSHIP AUTOPAY,680.28,debit,14548.89,False
55d656d3-e,CUST71F708,2026-03-21,Transportation,CAREEM RIDE,475.76,debit,14073.13,False
711eeeb9-0,CUST71F708,2026-03-21,Shopping,AMAZON.EG ORDER,43.72,debit,14029.41,False
d163d02e-4,CUST71F708,2026-03-21,Healthcare,PHARMACY PURCHASE,219.93,debit,13809.48,False
9b46e982-4,CUST71F708,2026-03-22,Shopping,MALL PURCHASE - POS,335.7,debit,13473.78,False
1fb24e01-5,CUST71F708,2026-03-23,Shopping,ONLINE STORE CHECKOUT,50.4,debit,13423.38,False
52d87dc7-0,CUST71F708,2026-03-25,Healthcare,CLINIC VISIT FEE,75.5,debit,13347.88,False
a871794b-e,CUST71F708,2026-03-26,Dining/Restaurants,CAFE PURCHASE,331.64,debit,13016.24,False
b8ba7e93-0,CUST71F708,2026-03-28,Groceries,CARREFOUR HYPERMARKET,451.39,debit,12564.85,False
9a556f08-c,CUST71F708,2026-04-02,Salary,MONTHLY SALARY CREDIT,27000.0,credit,39564.85,False
eb0ce67f-7,CUST71F708,2026-04-05,Healthcare,CLINIC VISIT FEE,59.69,debit,39505.16,False
877929bb-6,CUST71F708,2026-04-06,Dining/Restaurants,POS - LOCAL RESTAURANT,1882.09,debit,37623.07,False
115876fa-0,CUST71F708,2026-04-06,Healthcare,LAB TEST PAYMENT,180.88,debit,37442.19,False
0b7f3611-d,CUST71F708,2026-04-07,Groceries,POS PURCHASE - LOCAL MARKET,1003.5,debit,36438.69,False
875dc65a-4,CUST71F708,2026-04-07,Shopping,AMAZON.EG ORDER,109.55,debit,36329.14,False
2c3bac67-2,CUST71F708,2026-04-11,Subscriptions,GYM MEMBERSHIP AUTOPAY,673.75,debit,35655.39,False
03623739-5,CUST71F708,2026-04-11,Savings Transfer,TRANSFER TO SAVINGS ACCT,394.78,debit,35260.61,False
16f79ef7-3,CUST71F708,2026-04-12,Transportation,CAREEM RIDE,113.14,debit,35147.47,False
e98d8b70-a,CUST71F708,2026-04-12,Healthcare,CLINIC VISIT FEE,82.79,debit,35064.68,False
b040438c-4,CUST71F708,2026-04-12,Savings Transfer,TRANSFER TO SAVINGS ACCT,149.71,debit,34914.97,False
ecee9ee5-3,CUST71F708,2026-04-15,Dining/Restaurants,MCDONALDS #182,436.77,debit,34478.2,False
133025ca-0,CUST71F708,2026-04-16,Transportation,FUEL STATION PURCHASE,167.52,debit,34310.68,False
50147191-5,CUST71F708,2026-04-16,Entertainment,CINEMA TICKET PURCHASE,958.93,debit,33351.75,False
bb1355b5-5,CUST71F708,2026-04-17,Transportation,FUEL STATION PURCHASE,765.49,debit,32586.26,False
0c203434-a,CUST71F708,2026-04-17,Entertainment,GAMING STORE PURCHASE,416.71,debit,32169.55,False
a1c47d49-e,CUST71F708,2026-04-18,Healthcare,CLINIC VISIT FEE,55.58,debit,32113.97,False
138d8c5e-f,CUST71F708,2026-04-21,Rent/Installment,Monthly Rent Transfer,7859.23,debit,24254.74,False
3ed745e2-6,CUST71F708,2026-04-23,Savings Transfer,TRANSFER TO SAVINGS ACCT,2832.07,debit,21422.67,False
3451b4ef-3,CUST71F708,2026-04-24,Groceries,POS PURCHASE - LOCAL MARKET,1855.8,debit,19566.87,False
df51c84a-0,CUST71F708,2026-04-24,Shopping,ONLINE STORE CHECKOUT,855.86,debit,18711.01,False
09488594-b,CUST71F708,2026-04-25,Utilities,ELECTRICITY BILL PMT,881.92,debit,17829.09,False
edcee806-9,CUST71F708,2026-04-26,Healthcare,CLINIC VISIT FEE,167.47,debit,17661.62,False
8270262f-4,CUST71F708,2026-04-27,Transportation,FUEL STATION PURCHASE,1031.34,debit,16630.28,False
9d795a8d-5,CUST71F708,2026-04-27,Shopping,ONLINE STORE CHECKOUT,1071.73,debit,15558.55,False
3a3e613c-7,CUST71F708,2026-05-01,Utilities,WATER CO. AUTOPAY,836.75,debit,14721.8,False
24316901-1,CUST71F708,2026-05-02,Salary,MONTHLY SALARY CREDIT,27000.0,credit,41721.8,False
043d13c2-8,CUST71F708,2026-05-02,Transportation,FUEL STATION PURCHASE,482.79,debit,41239.01,False
383ff6a9-b,CUST71F708,2026-05-02,Healthcare,CLINIC VISIT FEE,25.14,debit,41213.87,False
f46e434d-f,CUST71F708,2026-05-05,Healthcare,CLINIC VISIT FEE,125.39,debit,41088.48,False
f792a9b0-5,CUST71F708,2026-05-07,Transportation,UBER *TRIP 185,198.43,debit,40890.05,False
fcac8561-6,CUST71F708,2026-05-10,Groceries,SPINNEYS #396,1282.32,debit,39607.73,False
3a09346c-f,CUST71F708,2026-05-10,Shopping,MALL PURCHASE - POS,372.98,debit,39234.75,False
13d78cb9-2,CUST71F708,2026-05-10,Healthcare,CLINIC VISIT FEE,268.57,debit,38966.18,False
c5271908-e,CUST71F708,2026-05-11,Shopping,AMAZON.EG ORDER,224.76,debit,38741.42,False
d11a454a-e,CUST71F708,2026-05-12,Entertainment,NETFLIX PPV CHARGE,47.98,debit,38693.44,False
6b811903-d,CUST71F708,2026-05-13,Transportation,FUEL STATION PURCHASE,277.14,debit,38416.3,False
73800a9b-2,CUST71F708,2026-05-13,Dining/Restaurants,MCDONALDS #602,2363.81,debit,36052.49,False
55ddaf2a-e,CUST71F708,2026-05-13,Entertainment,NETFLIX PPV CHARGE,634.09,debit,35418.4,False
b62b382f-8,CUST71F708,2026-05-13,Healthcare,CLINIC VISIT FEE,70.15,debit,35348.25,False
05336665-9,CUST71F708,2026-05-14,Subscriptions,GYM MEMBERSHIP AUTOPAY,629.41,debit,34718.84,False
eabe62a9-7,CUST71F708,2026-05-15,Rent/Installment,Monthly Rent Transfer,7506.37,debit,27212.47,False
4cad1758-2,CUST71F708,2026-05-15,Transportation,CAREEM RIDE,335.26,debit,26877.21,False
914f2d7b-8,CUST71F708,2026-05-15,Healthcare,PHARMACY PURCHASE,23.05,debit,26854.16,False
e41515af-e,CUST71F708,2026-05-17,Groceries,SPINNEYS #762,512.98,debit,26341.18,False
33b014d0-b,CUST71F708,2026-05-19,Transportation,FUEL STATION PURCHASE,694.17,debit,25647.01,False
49c33899-9,CUST71F708,2026-05-19,Savings Transfer,INTERNAL XFER - SAVINGS,1275.88,debit,24371.13,False
065cee6d-1,CUST71F708,2026-05-20,Dining/Restaurants,CAFE PURCHASE,58.52,debit,24312.61,False
b77cf40e-4,CUST71F708,2026-05-20,Shopping,AMAZON.EG ORDER,1239.89,debit,23072.72,False
bccbab27-4,CUST71F708,2026-05-20,Savings Transfer,INTERNAL XFER - SAVINGS,365.39,debit,22707.33,False
f70f7751-d,CUST71F708,2026-05-21,Savings Transfer,INTERNAL XFER - SAVINGS,1126.98,debit,21580.35,False
6064d9e1-e,CUST71F708,2026-05-22,Groceries,CARREFOUR HYPERMARKET,1393.79,debit,20186.56,False
6cb302db-6,CUST71F708,2026-05-23,Savings Transfer,TRANSFER TO SAVINGS ACCT,418.89,debit,19767.67,False
db13089c-c,CUST71F708,2026-05-24,Groceries,SPINNEYS #446,98.12,debit,19669.55,False
1925eb91-b,CUST71F708,2026-05-24,Entertainment,NETFLIX PPV CHARGE,453.02,debit,19216.53,False
a1f82434-9,CUST71F708,2026-05-24,Shopping,MALL PURCHASE - POS,359.94,debit,18856.59,False
44f687e4-0,CUST71F708,2026-05-25,Savings Transfer,INTERNAL XFER - SAVINGS,186.19,debit,18670.4,False
22abf92c-1,CUST71F708,2026-05-28,Entertainment,GAMING STORE PURCHASE,459.86,debit,18210.54,False
66d9a8c8-b,CUST71F708,2026-06-01,Entertainment,NETFLIX PPV CHARGE,916.07,debit,17294.47,False
a7a09805-e,CUST71F708,2026-06-02,Salary,MONTHLY SALARY CREDIT,27000.0,credit,44294.47,False
08cfd725-f,CUST71F708,2026-06-02,Utilities,ELECTRICITY BILL PMT,812.57,debit,43481.9,False
a8fd1a0b-0,CUST71F708,2026-06-02,Groceries,SPINNEYS #398,988.18,debit,42493.72,False
85c813b7-8,CUST71F708,2026-06-02,Healthcare,PHARMACY PURCHASE,9.57,debit,42484.15,False
5448f83c-a,CUST71F708,2026-06-03,Entertainment,CINEMA TICKET PURCHASE,656.16,debit,41827.99,False
4b71f753-9,CUST71F708,2026-06-05,Subscriptions,GYM MEMBERSHIP AUTOPAY,734.81,debit,41093.18,False
d5ba386e-4,CUST71F708,2026-06-06,Transportation,FUEL STATION PURCHASE,1359.01,debit,39734.17,False
a20038b5-d,CUST71F708,2026-06-06,Dining/Restaurants,MCDONALDS #323,1112.53,debit,38621.64,False
4ae93a62-5,CUST71F708,2026-06-06,Shopping,ONLINE STORE CHECKOUT,156.34,debit,38465.3,False
8d16458c-9,CUST71F708,2026-06-09,Transportation,FUEL STATION PURCHASE,534.08,debit,37931.22,False
b2fa600e-a,CUST71F708,2026-06-09,Savings Transfer,TRANSFER TO SAVINGS ACCT,1570.15,debit,36361.07,False
d85d8356-5,CUST71F708,2026-06-12,Groceries,SPINNEYS #751,171.64,debit,36189.43,False
698148ac-e,CUST71F708,2026-06-12,Dining/Restaurants,POS - LOCAL RESTAURANT,28.4,debit,36161.03,False
deafb644-4,CUST71F708,2026-06-17,Dining/Restaurants,MCDONALDS #951,671.88,debit,35489.15,False
5a808f8a-4,CUST71F708,2026-06-19,Rent/Installment,ACH DEBIT - RENT PAYMENT,8095.16,debit,27393.99,False
dc913a0b-e,CUST71F708,2026-06-20,Shopping,ONLINE STORE CHECKOUT,1757.36,debit,25636.63,False
c1debb47-a,CUST71F708,2026-06-21,Groceries,CARREFOUR HYPERMARKET,2085.47,debit,23551.16,False
3521fba1-9,CUST71F708,2026-06-22,Savings Transfer,TRANSFER TO SAVINGS ACCT,1777.14,debit,21774.02,False
157f573d-7,CUST71F708,2026-06-24,Shopping,AMAZON.EG ORDER,237.19,debit,21536.83,False
632bf6fd-9,CUST71F708,2026-06-25,Healthcare,PHARMACY PURCHASE,215.32,debit,21321.51,False
93739003-6,CUST71F708,2026-06-25,Healthcare,CLINIC VISIT FEE,281.97,debit,21039.54,False
78d16752-8,CUST71F708,2026-06-26,Dining/Restaurants,CAFE PURCHASE,389.03,debit,20650.51,False
42de309c-b,CUST71F708,2026-06-27,Transportation,FUEL STATION PURCHASE,376.6,debit,20273.91,False
fcd1b70b-4,CUST825C9D,2026-01-01,Savings Transfer,TRANSFER TO SAVINGS ACCT,498.48,debit,11672.34,False
7d9f3be0-8,CUST825C9D,2026-01-03,Salary,MONTHLY SALARY CREDIT,28500.0,credit,40172.34,False
814d7424-0,CUST825C9D,2026-01-04,Groceries,CARREFOUR HYPERMARKET,2111.13,debit,38061.21,False
7a7c000e-1,CUST825C9D,2026-01-05,Healthcare,CLINIC VISIT FEE,92.65,debit,37968.56,False
f3ef9150-0,CUST825C9D,2026-01-06,Shopping,AMAZON.EG ORDER,1984.41,debit,35984.15,False
0280b8ad-3,CUST825C9D,2026-01-09,Healthcare,CLINIC VISIT FEE,36.98,debit,35947.17,False
60d8ab73-0,CUST825C9D,2026-01-10,Dining/Restaurants,POS - LOCAL RESTAURANT,942.09,debit,35005.08,False
5a36da21-3,CUST825C9D,2026-01-11,Dining/Restaurants,POS - LOCAL RESTAURANT,13.41,debit,34991.67,False
c6741cfe-f,CUST825C9D,2026-01-11,Shopping,AMAZON.EG ORDER,692.05,debit,34299.62,False
2bec2d1c-4,CUST825C9D,2026-01-12,Transportation,CAREEM RIDE,261.09,debit,34038.53,False
d9d4b34f-b,CUST825C9D,2026-01-12,Healthcare,CLINIC VISIT FEE,492.61,debit,33545.92,False
a6e6d596-e,CUST825C9D,2026-01-13,Entertainment,NETFLIX PPV CHARGE,951.69,debit,32594.23,False
3d4e6d43-a,CUST825C9D,2026-01-13,Healthcare,CLINIC VISIT FEE,29.1,debit,32565.13,False
e7c1e6f4-3,CUST825C9D,2026-01-16,Groceries,SPINNEYS #814,95.2,debit,32469.93,False
73c5a0bc-2,CUST825C9D,2026-01-17,Transportation,UBER *TRIP 517,1182.63,debit,31287.3,False
79fc9956-b,CUST825C9D,2026-01-18,Dining/Restaurants,CAFE PURCHASE,14.5,debit,31272.8,False
0ffa2bee-1,CUST825C9D,2026-01-20,Rent/Installment,ACH DEBIT - RENT PAYMENT,6947.52,debit,24325.28,False
e8426c39-9,CUST825C9D,2026-01-22,Entertainment,NETFLIX PPV CHARGE,309.96,debit,24015.32,False
7d8588ee-3,CUST825C9D,2026-01-22,Entertainment,NETFLIX PPV CHARGE,35.33,debit,23979.99,False
4046b14a-4,CUST825C9D,2026-01-22,Entertainment,CINEMA TICKET PURCHASE,25.69,debit,23954.3,False
6e10a427-0,CUST825C9D,2026-01-22,Savings Transfer,INTERNAL XFER - SAVINGS,184.59,debit,23769.71,False
33cf674d-3,CUST825C9D,2026-01-25,Groceries,POS PURCHASE - LOCAL MARKET,457.59,debit,23312.12,False
43f4ef56-7,CUST825C9D,2026-01-25,Dining/Restaurants,POS - LOCAL RESTAURANT,120.27,debit,23191.85,False
d977c625-e,CUST825C9D,2026-01-27,Utilities,Internet Bill - NBE,1485.17,debit,21706.68,False
1f7b901a-9,CUST825C9D,2026-01-27,Subscriptions,SPOTIFY AB,763.51,debit,20943.17,False
763c5532-f,CUST825C9D,2026-01-27,Savings Transfer,TRANSFER TO SAVINGS ACCT,20.93,debit,20922.24,False
46c58e10-6,CUST825C9D,2026-01-28,Entertainment,CINEMA TICKET PURCHASE,385.93,debit,20536.31,False
b1038516-0,CUST825C9D,2026-02-01,Groceries,CARREFOUR HYPERMARKET,1380.37,debit,19155.94,False
fdc0350b-c,CUST825C9D,2026-02-03,Salary,MONTHLY SALARY CREDIT,28500.0,credit,47655.94,False
f8bbc191-2,CUST825C9D,2026-02-03,Shopping,MALL PURCHASE - POS,2562.7,debit,45093.24,False
f05589b6-b,CUST825C9D,2026-02-04,Healthcare,LAB TEST PAYMENT,329.44,debit,44763.8,False
97325eb4-4,CUST825C9D,2026-02-05,Dining/Restaurants,POS - LOCAL RESTAURANT,589.82,debit,44173.98,False
c36d7e69-6,CUST825C9D,2026-02-06,Groceries,POS PURCHASE - LOCAL MARKET,730.23,debit,43443.75,False
ddd3180b-6,CUST825C9D,2026-02-06,Shopping,AMAZON.EG ORDER,252.25,debit,43191.5,False
b8600378-d,CUST825C9D,2026-02-07,Savings Transfer,INTERNAL XFER - SAVINGS,48.27,debit,43143.23,False
5a0530fc-7,CUST825C9D,2026-02-10,Savings Transfer,INTERNAL XFER - SAVINGS,40.5,debit,43102.73,False
fff8e0f8-6,CUST825C9D,2026-02-11,Healthcare,CLINIC VISIT FEE,15.02,debit,43087.71,False
ca13eeb8-1,CUST825C9D,2026-02-11,Healthcare,LAB TEST PAYMENT,5.0,debit,43082.71,False
c7e8c429-3,CUST825C9D,2026-02-11,Healthcare,CLINIC VISIT FEE,390.43,debit,42692.28,False
a0b679a4-c,CUST825C9D,2026-02-12,Entertainment,NETFLIX PPV CHARGE,735.98,debit,41956.3,False
a6071ee4-8,CUST825C9D,2026-02-13,Groceries,SPINNEYS #422,97.72,debit,41858.58,False
7d9c3639-6,CUST825C9D,2026-02-15,Groceries,SPINNEYS #136,5.22,debit,41853.36,False
92250354-2,CUST825C9D,2026-02-16,Transportation,FUEL STATION PURCHASE,539.93,debit,41313.43,False
8ec76aff-5,CUST825C9D,2026-02-16,Transportation,FUEL STATION PURCHASE,21.34,debit,41292.09,False
39063812-0,CUST825C9D,2026-02-17,Transportation,UBER *TRIP 500,246.53,debit,41045.56,False
9d2aca8d-3,CUST825C9D,2026-02-19,Dining/Restaurants,MCDONALDS #883,409.09,debit,40636.47,False
6fab3003-b,CUST825C9D,2026-02-20,Savings Transfer,TRANSFER TO SAVINGS ACCT,334.21,debit,40302.26,False
40db085d-6,CUST825C9D,2026-02-22,Transportation,FUEL STATION PURCHASE,156.21,debit,40146.05,False
2a233311-6,CUST825C9D,2026-02-22,Transportation,CAREEM RIDE,464.1,debit,39681.95,False
cf5fbf8b-0,CUST825C9D,2026-02-22,Entertainment,CINEMA TICKET PURCHASE,983.01,debit,38698.94,False
bb5ac4ad-2,CUST825C9D,2026-02-22,Subscriptions,SPOTIFY AB,749.4,debit,37949.54,False
8b8e6004-f,CUST825C9D,2026-02-23,Groceries,CARREFOUR HYPERMARKET,520.97,debit,37428.57,False
1080c09d-8,CUST825C9D,2026-02-25,Rent/Installment,ACH DEBIT - RENT PAYMENT,6740.22,debit,30688.35,False
e25b646d-5,CUST825C9D,2026-02-26,Utilities,WATER CO. AUTOPAY,1712.49,debit,28975.86,False
0b5fdf45-3,CUST825C9D,2026-02-28,Savings Transfer,TRANSFER TO SAVINGS ACCT,241.38,debit,28734.48,False
b2a1d664-4,CUST825C9D,2026-03-01,Salary,MONTHLY SALARY CREDIT,28500.0,credit,57234.48,False
232839b4-2,CUST825C9D,2026-03-07,Utilities,WATER CO. AUTOPAY,1617.46,debit,55617.02,False
47264eb8-f,CUST825C9D,2026-03-07,Entertainment,CINEMA TICKET PURCHASE,191.79,debit,55425.23,False
46522f33-7,CUST825C9D,2026-03-08,Healthcare,PHARMACY PURCHASE,425.15,debit,55000.08,False
5501f78e-f,CUST825C9D,2026-03-08,Savings Transfer,TRANSFER TO SAVINGS ACCT,328.14,debit,54671.94,False
0d42f214-d,CUST825C9D,2026-03-09,Rent/Installment,ACH DEBIT - RENT PAYMENT,6698.95,debit,47972.99,False
bbf78c07-5,CUST825C9D,2026-03-09,Groceries,POS PURCHASE - LOCAL MARKET,558.69,debit,47414.3,False
d67f0867-8,CUST825C9D,2026-03-09,Dining/Restaurants,POS - LOCAL RESTAURANT,263.89,debit,47150.41,False
f42e8ba6-4,CUST825C9D,2026-03-09,Shopping,ONLINE STORE CHECKOUT,74.25,debit,47076.16,False
aeb3751d-4,CUST825C9D,2026-03-10,Subscriptions,NETFLIX.COM SUBSCRIPTION,795.08,debit,46281.08,False
d1b7556e-6,CUST825C9D,2026-03-11,Groceries,CARREFOUR HYPERMARKET,818.42,debit,45462.66,False
cf07fc6e-c,CUST825C9D,2026-03-14,Dining/Restaurants,POS - LOCAL RESTAURANT,231.16,debit,45231.5,False
3600b513-0,CUST825C9D,2026-03-14,Entertainment,GAMING STORE PURCHASE,1003.42,debit,44228.08,False
26b21ae3-c,CUST825C9D,2026-03-15,Transportation,CAREEM RIDE,1033.79,debit,43194.29,False
1818a810-d,CUST825C9D,2026-03-15,Entertainment,NETFLIX PPV CHARGE,493.67,debit,42700.62,False
3e776459-d,CUST825C9D,2026-03-19,Transportation,FUEL STATION PURCHASE,275.48,debit,42425.14,False
1f53ff86-c,CUST825C9D,2026-03-21,Groceries,POS PURCHASE - LOCAL MARKET,918.4,debit,41506.74,False
f16f1f92-e,CUST825C9D,2026-03-21,Dining/Restaurants,MCDONALDS #966,295.51,debit,41211.23,False
ab2fd818-6,CUST825C9D,2026-03-21,Shopping,AMAZON.EG ORDER,1937.61,debit,39273.62,False
ece3839a-3,CUST825C9D,2026-03-22,Groceries,POS PURCHASE - LOCAL MARKET,433.4,debit,38840.22,False
4e9f1095-5,CUST825C9D,2026-03-25,Dining/Restaurants,POS - LOCAL RESTAURANT,250.16,debit,38590.06,False
59d093f1-f,CUST825C9D,2026-03-26,Transportation,FUEL STATION PURCHASE,255.16,debit,38334.9,False
40607525-d,CUST825C9D,2026-03-26,Shopping,AMAZON.EG ORDER,535.86,debit,37799.04,False
2d3b5322-4,CUST825C9D,2026-03-27,Healthcare,LAB TEST PAYMENT,279.78,debit,37519.26,False
a8b52ad7-7,CUST825C9D,2026-03-27,Savings Transfer,INTERNAL XFER - SAVINGS,358.28,debit,37160.98,False
91b02265-4,CUST825C9D,2026-04-02,Salary,MONTHLY SALARY CREDIT,28500.0,credit,65660.98,False
1aa1f4d1-c,CUST825C9D,2026-04-02,Savings Transfer,INTERNAL XFER - SAVINGS,50.32,debit,65610.66,False
f427bf53-9,CUST825C9D,2026-04-04,Groceries,SPINNEYS #658,458.58,debit,65152.08,False
4e300244-a,CUST825C9D,2026-04-06,Healthcare,CLINIC VISIT FEE,41.23,debit,65110.85,False
ec2b6fed-e,CUST825C9D,2026-04-07,Healthcare,PHARMACY PURCHASE,184.23,debit,64926.62,False
fa0623f1-7,CUST825C9D,2026-04-07,Savings Transfer,INTERNAL XFER - SAVINGS,678.23,debit,64248.39,False
8182a3fe-1,CUST825C9D,2026-04-09,Healthcare,PHARMACY PURCHASE,229.14,debit,64019.25,False
b95f6719-d,CUST825C9D,2026-04-11,Shopping,ONLINE STORE CHECKOUT,1588.47,debit,62430.78,False
a7e26c93-2,CUST825C9D,2026-04-12,Entertainment,NETFLIX PPV CHARGE,360.36,debit,62070.42,False
37e59d78-7,CUST825C9D,2026-04-13,Dining/Restaurants,POS - LOCAL RESTAURANT,372.07,debit,61698.35,False
84d2901a-2,CUST825C9D,2026-04-13,Shopping,AMAZON.EG ORDER,1165.52,debit,60532.83,False
7a1dd844-e,CUST825C9D,2026-04-14,Utilities,ELECTRICITY BILL PMT,1704.82,debit,58828.01,False
6c726b2f-8,CUST825C9D,2026-04-16,Groceries,POS PURCHASE - LOCAL MARKET,629.8,debit,58198.21,False
213e5182-f,CUST825C9D,2026-04-16,Groceries,POS PURCHASE - LOCAL MARKET,371.5,debit,57826.71,False
9142e716-0,CUST825C9D,2026-04-16,Entertainment,NETFLIX PPV CHARGE,137.0,debit,57689.71,False
6265fa36-6,CUST825C9D,2026-04-17,Subscriptions,GYM MEMBERSHIP AUTOPAY,769.3,debit,56920.41,False
0fc2ef67-a,CUST825C9D,2026-04-18,Transportation,CAREEM RIDE,580.19,debit,56340.22,False
7d1648b1-7,CUST825C9D,2026-04-20,Savings Transfer,INTERNAL XFER - SAVINGS,19.35,debit,56320.87,False
d3c356bf-c,CUST825C9D,2026-04-21,Shopping,AMAZON.EG ORDER,79.46,debit,56241.41,False
87c5e814-f,CUST825C9D,2026-04-23,Transportation,FUEL STATION PURCHASE,939.8,debit,55301.61,False
db7c15ba-3,CUST825C9D,2026-04-23,Transportation,CAREEM RIDE,53.35,debit,55248.26,False
6da65e77-a,CUST825C9D,2026-04-23,Entertainment,NETFLIX PPV CHARGE,16.87,debit,55231.39,False
6547cf58-5,CUST825C9D,2026-04-24,Rent/Installment,Home Loan Installment - ONLINE,7015.31,debit,48216.08,False
75ed5932-9,CUST825C9D,2026-04-26,Groceries,CARREFOUR HYPERMARKET,1016.68,debit,47199.4,False
08020d83-a,CUST825C9D,2026-04-26,Shopping,ONLINE STORE CHECKOUT,71.9,debit,47127.5,False
326ccf08-9,CUST825C9D,2026-04-27,Transportation,FUEL STATION PURCHASE,33.87,debit,47093.63,False
940facdd-4,CUST825C9D,2026-04-27,Dining/Restaurants,MCDONALDS #404,449.37,debit,46644.26,False
be703148-2,CUST825C9D,2026-04-27,Entertainment,NETFLIX PPV CHARGE,331.73,debit,46312.53,False
bb9fe97c-3,CUST825C9D,2026-04-27,Entertainment,CINEMA TICKET PURCHASE,864.49,debit,45448.04,False
529c3535-d,CUST825C9D,2026-04-27,Healthcare,CLINIC VISIT FEE,114.04,debit,45334.0,False
de5b11c3-7,CUST825C9D,2026-04-27,Healthcare,LAB TEST PAYMENT,148.76,debit,45185.24,False
32d73101-a,CUST825C9D,2026-04-28,Dining/Restaurants,MCDONALDS #549,136.34,debit,45048.9,False
b2ee87ff-9,CUST825C9D,2026-05-02,Salary,MONTHLY SALARY CREDIT,28500.0,credit,73548.9,False
fc6e8ff8-2,CUST825C9D,2026-05-02,Savings Transfer,INTERNAL XFER - SAVINGS,339.03,debit,73209.87,False
b4a2c47a-c,CUST825C9D,2026-05-05,Savings Transfer,TRANSFER TO SAVINGS ACCT,56.99,debit,73152.88,False
b661b4fd-c,CUST825C9D,2026-05-08,Transportation,CAREEM RIDE,909.91,debit,72242.97,False
ecc9b1a1-2,CUST825C9D,2026-05-08,Dining/Restaurants,POS - LOCAL RESTAURANT,26.36,debit,72216.61,False
7d7c8bfa-2,CUST825C9D,2026-05-09,Transportation,UBER *TRIP 732,15.23,debit,72201.38,False
fb79dee6-c,CUST825C9D,2026-05-09,Shopping,AMAZON.EG ORDER,1735.6,debit,70465.78,False
c5e53e9c-a,CUST825C9D,2026-05-11,Shopping,MALL PURCHASE - POS,1254.31,debit,69211.47,False
5bb2ec67-c,CUST825C9D,2026-05-13,Dining/Restaurants,CAFE PURCHASE,218.51,debit,68992.96,False
95882915-8,CUST825C9D,2026-05-13,Entertainment,GAMING STORE PURCHASE,1920.99,debit,67071.97,False
7a56b3b7-1,CUST825C9D,2026-05-14,Healthcare,CLINIC VISIT FEE,13.52,debit,67058.45,False
ecda2c3f-3,CUST825C9D,2026-05-16,Groceries,SPINNEYS #233,1383.67,debit,65674.78,False
d855e8c3-d,CUST825C9D,2026-05-16,Healthcare,CLINIC VISIT FEE,615.79,debit,65058.99,False
383b494e-9,CUST825C9D,2026-05-17,Entertainment,GAMING STORE PURCHASE,10.35,debit,65048.64,False
7a47db2c-4,CUST825C9D,2026-05-17,Subscriptions,SPOTIFY AB,795.64,debit,64253.0,False
f313cb5c-5,CUST825C9D,2026-05-18,Dining/Restaurants,MCDONALDS #153,593.95,debit,63659.05,False
7cbbea47-3,CUST825C9D,2026-05-18,Savings Transfer,INTERNAL XFER - SAVINGS,190.07,debit,63468.98,False
3ad10df3-c,CUST825C9D,2026-05-19,Rent/Installment,ACH DEBIT - RENT PAYMENT,6144.1,debit,57324.88,False
67fbea0a-6,CUST825C9D,2026-05-20,Dining/Restaurants,POS - LOCAL RESTAURANT,190.83,debit,57134.05,False
f9179e23-2,CUST825C9D,2026-05-21,Transportation,CAREEM RIDE,462.78,debit,56671.27,False
fd6e3cf4-1,CUST825C9D,2026-05-24,Savings Transfer,INTERNAL XFER - SAVINGS,115.8,debit,56555.47,False
752976b3-2,CUST825C9D,2026-05-25,Utilities,WATER CO. AUTOPAY,1633.9,debit,54921.57,False
dfa6595a-5,CUST825C9D,2026-05-26,Transportation,UBER *TRIP 129,305.43,debit,54616.14,False
54a9e3f0-e,CUST825C9D,2026-05-28,Groceries,SPINNEYS #394,504.09,debit,54112.05,False
06e971ff-9,CUST825C9D,2026-05-28,Groceries,CARREFOUR HYPERMARKET,757.78,debit,53354.27,False
87bbde9a-0,CUST825C9D,2026-06-03,Salary,MONTHLY SALARY CREDIT,28500.0,credit,81854.27,False
a0cdbfc7-a,CUST825C9D,2026-06-04,Rent/Installment,Home Loan Installment - AUTOPAY,6534.85,debit,75319.42,False
03c68799-a,CUST825C9D,2026-06-08,Transportation,CAREEM RIDE,742.49,debit,74576.93,False
048045cd-8,CUST825C9D,2026-06-09,Healthcare,PHARMACY PURCHASE,327.03,debit,74249.9,False
96603864-6,CUST825C9D,2026-06-10,Savings Transfer,TRANSFER TO SAVINGS ACCT,102.65,debit,74147.25,False
5a31bc4f-7,CUST825C9D,2026-06-15,Shopping,MALL PURCHASE - POS,1616.65,debit,72530.6,False
6e0ce80f-e,CUST825C9D,2026-06-16,Savings Transfer,INTERNAL XFER - SAVINGS,388.42,debit,72142.18,False
bcf62030-1,CUST825C9D,2026-06-19,Groceries,POS PURCHASE - LOCAL MARKET,2317.87,debit,69824.31,False
85427545-6,CUST825C9D,2026-06-19,Transportation,UBER *TRIP 526,824.0,debit,69000.31,False
2bb4f241-1,CUST825C9D,2026-06-19,Dining/Restaurants,MCDONALDS #957,799.01,debit,68201.3,False
a31ea7ab-f,CUST825C9D,2026-06-20,Healthcare,CLINIC VISIT FEE,395.14,debit,67806.16,False
3789e984-f,CUST825C9D,2026-06-21,Entertainment,NETFLIX PPV CHARGE,891.92,debit,66914.24,False
642bf2a2-9,CUST825C9D,2026-06-22,Dining/Restaurants,MCDONALDS #503,317.37,debit,66596.87,False
8d4d863c-d,CUST825C9D,2026-06-22,Savings Transfer,TRANSFER TO SAVINGS ACCT,138.92,debit,66457.95,False
3b75a3bd-9,CUST825C9D,2026-06-23,Utilities,Internet Bill - AUTOPAY,1578.86,debit,64879.09,False
807bbde1-7,CUST825C9D,2026-06-23,Entertainment,GAMING STORE PURCHASE,760.5,debit,64118.59,False
22b6e51f-f,CUST825C9D,2026-06-24,Groceries,POS PURCHASE - LOCAL MARKET,79.55,debit,64039.04,False
ffd1ce93-0,CUST825C9D,2026-06-26,Shopping,ONLINE STORE CHECKOUT,847.11,debit,63191.93,False
e5882a99-3,CUST825C9D,2026-06-26,Subscriptions,GYM MEMBERSHIP AUTOPAY,885.81,debit,62306.12,False
c76c1c46-f,CUST825C9D,2026-06-28,Groceries,SPINNEYS #284,247.51,debit,62058.61,False
3f433c28-1,CUST5A28E8,2026-01-01,Salary,MONTHLY SALARY CREDIT,15500.0,credit,18749.45,False
58f64adc-b,CUST5A28E8,2026-01-01,Dining/Restaurants,MCDONALDS #858,414.31,debit,18335.14,False
0d86ab69-1,CUST5A28E8,2026-01-02,Transportation,FUEL STATION PURCHASE,251.11,debit,18084.03,False
3616f35d-a,CUST5A28E8,2026-01-02,Savings Transfer,TRANSFER TO SAVINGS ACCT,426.55,debit,17657.48,False
8154ebeb-6,CUST5A28E8,2026-01-03,Entertainment,GAMING STORE PURCHASE,41.98,debit,17615.5,False
f72514a4-1,CUST5A28E8,2026-01-04,Entertainment,CINEMA TICKET PURCHASE,74.28,debit,17541.22,False
f8c5c557-c,CUST5A28E8,2026-01-05,Shopping,AMAZON.EG ORDER,89.19,debit,17452.03,False
fbcb4053-1,CUST5A28E8,2026-01-05,Healthcare,LAB TEST PAYMENT,84.57,debit,17367.46,False
ffc339c9-9,CUST5A28E8,2026-01-07,Subscriptions,SPOTIFY AB,288.48,debit,17078.98,False
2621dee9-5,CUST5A28E8,2026-01-10,Groceries,CARREFOUR HYPERMARKET,1208.73,debit,15870.25,False
9759eb74-f,CUST5A28E8,2026-01-11,Rent/Installment,Home Loan Installment - NBE,3237.06,debit,12633.19,False
5ea50393-b,CUST5A28E8,2026-01-13,Savings Transfer,INTERNAL XFER - SAVINGS,861.53,debit,11771.66,False
04313f2f-f,CUST5A28E8,2026-01-14,Groceries,CARREFOUR HYPERMARKET,495.39,debit,11276.27,False
ef412f80-8,CUST5A28E8,2026-01-14,Transportation,UBER *TRIP 575,405.29,debit,10870.98,False
3957961a-0,CUST5A28E8,2026-01-14,Dining/Restaurants,CAFE PURCHASE,269.66,debit,10601.32,False
e1dcd103-e,CUST5A28E8,2026-01-14,Healthcare,PHARMACY PURCHASE,126.08,debit,10475.24,False
7393cb61-c,CUST5A28E8,2026-01-14,Savings Transfer,INTERNAL XFER - SAVINGS,11.71,debit,10463.53,False
5b4ba6e8-7,CUST5A28E8,2026-01-15,Dining/Restaurants,MCDONALDS #905,268.21,debit,10195.32,False
550596cc-a,CUST5A28E8,2026-01-16,Healthcare,CLINIC VISIT FEE,5.0,debit,10190.32,False
678fc4aa-f,CUST5A28E8,2026-01-17,Transportation,UBER *TRIP 622,193.43,debit,9996.89,False
f25f17b3-5,CUST5A28E8,2026-01-18,Entertainment,CINEMA TICKET PURCHASE,19.51,debit,9977.38,False
5b25ab8c-d,CUST5A28E8,2026-01-19,Healthcare,PHARMACY PURCHASE,39.51,debit,9937.87,False
df56d522-3,CUST5A28E8,2026-01-20,Shopping,ONLINE STORE CHECKOUT,447.41,debit,9490.46,False
10307de3-b,CUST5A28E8,2026-01-20,Savings Transfer,INTERNAL XFER - SAVINGS,64.0,debit,9426.46,False
68a46168-8,CUST5A28E8,2026-01-22,Shopping,ONLINE STORE CHECKOUT,105.86,debit,9320.6,False
cdbb40f8-7,CUST5A28E8,2026-01-23,Utilities,ELECTRICITY BILL PMT,691.97,debit,8628.63,False
0b79032a-e,CUST5A28E8,2026-01-24,Savings Transfer,INTERNAL XFER - SAVINGS,122.93,debit,8505.7,False
3292929f-7,CUST5A28E8,2026-01-25,Healthcare,CLINIC VISIT FEE,23.99,debit,8481.71,False
78c9db28-7,CUST5A28E8,2026-01-26,Shopping,MALL PURCHASE - POS,245.34,debit,8236.37,False
02d971fd-4,CUST5A28E8,2026-01-27,Dining/Restaurants,POS - LOCAL RESTAURANT,213.39,debit,8022.98,False
3e5d7b5a-2,CUST5A28E8,2026-01-27,Shopping,AMAZON.EG ORDER,31.43,debit,7991.55,False
7533275c-b,CUST5A28E8,2026-01-28,Entertainment,CINEMA TICKET PURCHASE,131.94,debit,7859.61,False
c06a069a-5,CUST5A28E8,2026-01-28,Entertainment,GAMING STORE PURCHASE,118.83,debit,7740.78,False
171d8fc5-6,CUST5A28E8,2026-02-02,Salary,MONTHLY SALARY CREDIT,15500.0,credit,23240.78,False
5895116a-1,CUST5A28E8,2026-02-02,Shopping,MALL PURCHASE - POS,19.74,debit,23221.04,False
43ede9ef-6,CUST5A28E8,2026-02-04,Subscriptions,NETFLIX.COM SUBSCRIPTION,244.5,debit,22976.54,False
8401fe58-1,CUST5A28E8,2026-02-05,Dining/Restaurants,MCDONALDS #304,712.28,debit,22264.26,False
30464428-c,CUST5A28E8,2026-02-05,Healthcare,LAB TEST PAYMENT,39.26,debit,22225.0,False
207ca384-7,CUST5A28E8,2026-02-06,Entertainment,GAMING STORE PURCHASE,11.96,debit,22213.04,False
557e30db-9,CUST5A28E8,2026-02-08,Entertainment,CINEMA TICKET PURCHASE,38.97,debit,22174.07,False
89ac7d77-a,CUST5A28E8,2026-02-09,Rent/Installment,Monthly Rent Transfer,3602.67,debit,18571.4,False
efcabaad-1,CUST5A28E8,2026-02-09,Entertainment,NETFLIX PPV CHARGE,7.5,debit,18563.9,False
e990362b-9,CUST5A28E8,2026-02-11,Entertainment,NETFLIX PPV CHARGE,67.16,debit,18496.74,False
d57f97e5-f,CUST5A28E8,2026-02-14,Savings Transfer,TRANSFER TO SAVINGS ACCT,43.3,debit,18453.44,False
f9a8afc6-7,CUST5A28E8,2026-02-14,Savings Transfer,INTERNAL XFER - SAVINGS,184.51,debit,18268.93,False
9eb88afb-8,CUST5A28E8,2026-02-15,Groceries,CARREFOUR HYPERMARKET,1448.12,debit,16820.81,False
da30bd08-f,CUST5A28E8,2026-02-15,Transportation,UBER *TRIP 400,572.34,debit,16248.47,False
423635ae-c,CUST5A28E8,2026-02-15,Healthcare,CLINIC VISIT FEE,162.3,debit,16086.17,False
11e5fdfe-1,CUST5A28E8,2026-02-16,Entertainment,NETFLIX PPV CHARGE,288.0,debit,15798.17,False
b599008d-4,CUST5A28E8,2026-02-17,Healthcare,CLINIC VISIT FEE,45.64,debit,15752.53,False
dae84640-d,CUST5A28E8,2026-02-20,Utilities,Internet Bill - AUTOPAY,620.64,debit,15131.89,False
870f8efe-5,CUST5A28E8,2026-02-20,Dining/Restaurants,POS - LOCAL RESTAURANT,355.52,debit,14776.37,False
5d96058f-5,CUST5A28E8,2026-02-20,Shopping,ONLINE STORE CHECKOUT,830.54,debit,13945.83,False
3155c546-3,CUST5A28E8,2026-02-20,Shopping,AMAZON.EG ORDER,100.9,debit,13844.93,False
b63cd556-a,CUST5A28E8,2026-02-21,Transportation,FUEL STATION PURCHASE,54.64,debit,13790.29,False
ff79af55-e,CUST5A28E8,2026-02-22,Savings Transfer,TRANSFER TO SAVINGS ACCT,356.38,debit,13433.91,False
3b8fbb02-9,CUST5A28E8,2026-02-23,Transportation,CAREEM RIDE,110.64,debit,13323.27,False
e774719d-f,CUST5A28E8,2026-02-24,Groceries,CARREFOUR HYPERMARKET,278.57,debit,13044.7,False
32ed087b-5,CUST5A28E8,2026-02-25,Savings Transfer,INTERNAL XFER - SAVINGS,118.62,debit,12926.08,False
bbe622e7-3,CUST5A28E8,2026-02-26,Transportation,UBER *TRIP 736,62.63,debit,12863.45,False
d397daf2-f,CUST5A28E8,2026-02-26,Savings Transfer,INTERNAL XFER - SAVINGS,688.84,debit,12174.61,False
a3cb35b5-7,CUST5A28E8,2026-02-27,Shopping,AMAZON.EG ORDER,22.02,debit,12152.59,False
5441811c-8,CUST5A28E8,2026-02-27,Healthcare,PHARMACY PURCHASE,43.42,debit,12109.17,False
06df3133-f,CUST5A28E8,2026-03-01,Salary,MONTHLY SALARY CREDIT,15500.0,credit,27609.17,False
967bd4b4-b,CUST5A28E8,2026-03-07,Dining/Restaurants,POS - LOCAL RESTAURANT,486.58,debit,27122.59,False
930cdf33-5,CUST5A28E8,2026-03-08,Healthcare,PHARMACY PURCHASE,134.95,debit,26987.64,False
ddbf5169-e,CUST5A28E8,2026-03-11,Transportation,CAREEM RIDE,238.02,debit,26749.62,False
3953a3cc-4,CUST5A28E8,2026-03-11,Shopping,AMAZON.EG ORDER,268.85,debit,26480.77,False
13b79299-d,CUST5A28E8,2026-03-13,Utilities,ELECTRICITY BILL PMT,650.39,debit,25830.38,False
18806968-1,CUST5A28E8,2026-03-13,Transportation,CAREEM RIDE,96.58,debit,25733.8,False
07411744-7,CUST5A28E8,2026-03-15,Healthcare,PHARMACY PURCHASE,74.18,debit,25659.62,False
d737fa3d-9,CUST5A28E8,2026-03-15,Savings Transfer,TRANSFER TO SAVINGS ACCT,89.84,debit,25569.78,False
ebe2dcd7-c,CUST5A28E8,2026-03-15,Savings Transfer,INTERNAL XFER - SAVINGS,161.05,debit,25408.73,False
afa484d1-2,CUST5A28E8,2026-03-17,Transportation,FUEL STATION PURCHASE,156.42,debit,25252.31,False
2f2856ec-1,CUST5A28E8,2026-03-17,Dining/Restaurants,CAFE PURCHASE,135.12,debit,25117.19,False
2491557a-0,CUST5A28E8,2026-03-17,Entertainment,CINEMA TICKET PURCHASE,40.34,debit,25076.85,False
8c2fafb2-c,CUST5A28E8,2026-03-17,Savings Transfer,INTERNAL XFER - SAVINGS,28.53,debit,25048.32,False
b6d5f7ce-6,CUST5A28E8,2026-03-17,Savings Transfer,INTERNAL XFER - SAVINGS,569.59,debit,24478.73,False
ec3e007c-b,CUST5A28E8,2026-03-18,Dining/Restaurants,POS - LOCAL RESTAURANT,352.41,debit,24126.32,False
3f81c558-3,CUST5A28E8,2026-03-18,Dining/Restaurants,POS - LOCAL RESTAURANT,127.64,debit,23998.68,False
c16b693d-4,CUST5A28E8,2026-03-18,Entertainment,GAMING STORE PURCHASE,8.61,debit,23990.07,False
cefa51d2-3,CUST5A28E8,2026-03-19,Shopping,ONLINE STORE CHECKOUT,302.61,debit,23687.46,False
4e980f8a-a,CUST5A28E8,2026-03-19,Shopping,ONLINE STORE CHECKOUT,367.99,debit,23319.47,False
8f38bdbb-8,CUST5A28E8,2026-03-19,Healthcare,PHARMACY PURCHASE,50.56,debit,23268.91,False
55baf00f-d,CUST5A28E8,2026-03-19,Savings Transfer,INTERNAL XFER - SAVINGS,595.52,debit,22673.39,False
196e3ce3-1,CUST5A28E8,2026-03-21,Groceries,CARREFOUR HYPERMARKET,1073.2,debit,21600.19,False
4c4c971c-c,CUST5A28E8,2026-03-21,Groceries,POS PURCHASE - LOCAL MARKET,552.42,debit,21047.77,False
1ccc4f39-d,CUST5A28E8,2026-03-21,Shopping,AMAZON.EG ORDER,47.09,debit,21000.68,False
68f30599-d,CUST5A28E8,2026-03-23,Rent/Installment,Monthly Rent Transfer,3757.3,debit,17243.38,False
5f4fb99a-f,CUST5A28E8,2026-03-24,Dining/Restaurants,CAFE PURCHASE,101.16,debit,17142.22,False
3ea734fe-1,CUST5A28E8,2026-03-27,Entertainment,NETFLIX PPV CHARGE,318.86,debit,16823.36,False
0cee3732-a,CUST5A28E8,2026-03-28,Transportation,CAREEM RIDE,354.55,debit,16468.81,False
0427a42e-0,CUST5A28E8,2026-03-28,Subscriptions,GYM MEMBERSHIP AUTOPAY,278.06,debit,16190.75,False
be7f26fa-8,CUST5A28E8,2026-04-01,Salary,MONTHLY SALARY CREDIT,15500.0,credit,31690.75,False
70c8dd5c-b,CUST5A28E8,2026-04-01,Transportation,UBER *TRIP 245,496.57,debit,31194.18,False
1f82350a-1,CUST5A28E8,2026-04-02,Shopping,ONLINE STORE CHECKOUT,307.39,debit,30886.79,False
9404cb49-e,CUST5A28E8,2026-04-05,Rent/Installment,Home Loan Installment - AUTOPAY,3311.14,debit,27575.65,False
3cc37bec-f,CUST5A28E8,2026-04-05,Entertainment,GAMING STORE PURCHASE,97.23,debit,27478.42,False
f6016e57-e,CUST5A28E8,2026-04-06,Groceries,POS PURCHASE - LOCAL MARKET,50.03,debit,27428.39,False
a488c3bd-1,CUST5A28E8,2026-04-09,Shopping,ONLINE STORE CHECKOUT,508.92,debit,26919.47,False
9db40558-7,CUST5A28E8,2026-04-12,Groceries,POS PURCHASE - LOCAL MARKET,835.47,debit,26084.0,False
08a96972-8,CUST5A28E8,2026-04-12,Transportation,CAREEM RIDE,293.47,debit,25790.53,False
94ff7a72-b,CUST5A28E8,2026-04-12,Dining/Restaurants,MCDONALDS #991,663.23,debit,25127.3,False
271066a1-5,CUST5A28E8,2026-04-14,Dining/Restaurants,POS - LOCAL RESTAURANT,76.85,debit,25050.45,False
97cd7528-9,CUST5A28E8,2026-04-15,Entertainment,NETFLIX PPV CHARGE,190.82,debit,24859.63,False
2b55dd3c-0,CUST5A28E8,2026-04-16,Dining/Restaurants,MCDONALDS #225,236.9,debit,24622.73,False
c6e8f19f-7,CUST5A28E8,2026-04-18,Savings Transfer,TRANSFER TO SAVINGS ACCT,176.47,debit,24446.26,False
89129289-7,CUST5A28E8,2026-04-19,Dining/Restaurants,POS - LOCAL RESTAURANT,121.92,debit,24324.34,False
82af1e61-f,CUST5A28E8,2026-04-19,Healthcare,LAB TEST PAYMENT,202.04,debit,24122.3,False
8e36e0eb-2,CUST5A28E8,2026-04-20,Groceries,SPINNEYS #212,648.69,debit,23473.61,False
daad16b3-a,CUST5A28E8,2026-04-20,Healthcare,LAB TEST PAYMENT,48.14,debit,23425.47,False
92f65cda-2,CUST5A28E8,2026-04-23,Utilities,Internet Bill - ONLINE,622.31,debit,22803.16,False
4415b83f-4,CUST5A28E8,2026-04-23,Shopping,AMAZON.EG ORDER,90.45,debit,22712.71,False
012c5eaa-b,CUST5A28E8,2026-04-23,Subscriptions,SPOTIFY AB,285.1,debit,22427.61,False
1c8b5871-5,CUST5A28E8,2026-04-26,Entertainment,GAMING STORE PURCHASE,89.99,debit,22337.62,False
da574e63-f,CUST5A28E8,2026-04-26,Savings Transfer,TRANSFER TO SAVINGS ACCT,1290.65,debit,21046.97,False
5e467422-d,CUST5A28E8,2026-05-02,Utilities,WATER CO. AUTOPAY,658.93,debit,20388.04,False
07127cf6-4,CUST5A28E8,2026-05-02,Dining/Restaurants,MCDONALDS #345,267.36,debit,20120.68,False
20790168-4,CUST5A28E8,2026-05-03,Salary,MONTHLY SALARY CREDIT,15500.0,credit,35620.68,False
32b8c861-b,CUST5A28E8,2026-05-03,Shopping,ONLINE STORE CHECKOUT,258.88,debit,35361.8,False
c4e68280-7,CUST5A28E8,2026-05-04,Groceries,CARREFOUR HYPERMARKET,715.06,debit,34646.74,False
9ee2088b-0,CUST5A28E8,2026-05-06,Transportation,UBER *TRIP 729,254.23,debit,34392.51,False
6f9353e5-c,CUST5A28E8,2026-05-06,Transportation,UBER *TRIP 830,83.27,debit,34309.24,False
69a89ef2-8,CUST5A28E8,2026-05-06,Shopping,AMAZON.EG ORDER,504.18,debit,33805.06,False
3b6b365e-1,CUST5A28E8,2026-05-09,Dining/Restaurants,MCDONALDS #425,60.56,debit,33744.5,False
c7006f9e-3,CUST5A28E8,2026-05-09,Entertainment,GAMING STORE PURCHASE,198.06,debit,33546.44,False
1dc183dc-0,CUST5A28E8,2026-05-10,Groceries,CARREFOUR HYPERMARKET,225.67,debit,33320.77,False
7dfeb8b1-6,CUST5A28E8,2026-05-10,Transportation,CAREEM RIDE,491.17,debit,32829.6,False
1d93d37c-e,CUST5A28E8,2026-05-11,Groceries,SPINNEYS #363,667.18,debit,32162.42,False
a522cd39-6,CUST5A28E8,2026-05-13,Savings Transfer,TRANSFER TO SAVINGS ACCT,410.99,debit,31751.43,False
51076099-c,CUST5A28E8,2026-05-14,Entertainment,GAMING STORE PURCHASE,185.9,debit,31565.53,False
bdba1f83-f,CUST5A28E8,2026-05-16,Healthcare,CLINIC VISIT FEE,17.3,debit,31548.23,False
0a231ef4-0,CUST5A28E8,2026-05-18,Subscriptions,SPOTIFY AB,293.99,debit,31254.24,False
a17cb298-d,CUST5A28E8,2026-05-19,Dining/Restaurants,MCDONALDS #604,665.01,debit,30589.23,False
c73fb428-e,CUST5A28E8,2026-05-24,Savings Transfer,INTERNAL XFER - SAVINGS,956.06,debit,29633.17,False
9b9cb749-5,CUST5A28E8,2026-05-25,Dining/Restaurants,CAFE PURCHASE,43.61,debit,29589.56,False
7cc83068-d,CUST5A28E8,2026-05-26,Rent/Installment,Monthly Rent Transfer,3524.94,debit,26064.62,False
d6ca7bf0-c,CUST5A28E8,2026-05-26,Shopping,AMAZON.EG ORDER,86.8,debit,25977.82,False
745ea708-9,CUST5A28E8,2026-05-27,Healthcare,LAB TEST PAYMENT,30.82,debit,25947.0,False
f6182cdc-7,CUST5A28E8,2026-05-27,Healthcare,LAB TEST PAYMENT,139.61,debit,25807.39,False
3c7faaed-4,CUST5A28E8,2026-05-27,Healthcare,LAB TEST PAYMENT,99.73,debit,25707.66,False
47584cd9-0,CUST5A28E8,2026-06-01,Salary,MONTHLY SALARY CREDIT,15500.0,credit,41207.66,False
2a34aa93-4,CUST5A28E8,2026-06-01,Groceries,POS PURCHASE - LOCAL MARKET,538.64,debit,40669.02,False
134b39f1-2,CUST5A28E8,2026-06-01,Groceries,POS PURCHASE - LOCAL MARKET,186.31,debit,40482.71,False
dd980d2c-8,CUST5A28E8,2026-06-01,Groceries,POS PURCHASE - LOCAL MARKET,220.28,debit,40262.43,False
b24723ed-8,CUST5A28E8,2026-06-01,Transportation,FUEL STATION PURCHASE,176.06,debit,40086.37,False
6ce51db1-f,CUST5A28E8,2026-06-01,Entertainment,CINEMA TICKET PURCHASE,204.18,debit,39882.19,False
d167c3e8-a,CUST5A28E8,2026-06-02,Savings Transfer,INTERNAL XFER - SAVINGS,5.7,debit,39876.49,False
ba6ebb08-3,CUST5A28E8,2026-06-03,Dining/Restaurants,CAFE PURCHASE,178.1,debit,39698.39,False
f1ca048b-6,CUST5A28E8,2026-06-03,Shopping,ONLINE STORE CHECKOUT,15.66,debit,39682.73,False
d5cf1d54-0,CUST5A28E8,2026-06-03,Shopping,AMAZON.EG ORDER,389.64,debit,39293.09,False
99d48d54-f,CUST5A28E8,2026-06-08,Dining/Restaurants,CAFE PURCHASE,423.24,debit,38869.85,False
4933f08d-0,CUST5A28E8,2026-06-09,Healthcare,LAB TEST PAYMENT,5.0,debit,38864.85,False
4caf2316-3,CUST5A28E8,2026-06-12,Dining/Restaurants,MCDONALDS #555,186.62,debit,38678.23,False
6ac504ab-2,CUST5A28E8,2026-06-12,Entertainment,CINEMA TICKET PURCHASE,94.49,debit,38583.74,False
15a3e705-a,CUST5A28E8,2026-06-14,Savings Transfer,INTERNAL XFER - SAVINGS,68.47,debit,38515.27,False
c1071634-8,CUST5A28E8,2026-06-15,Savings Transfer,INTERNAL XFER - SAVINGS,75.16,debit,38440.11,False
93c6ba25-d,CUST5A28E8,2026-06-17,Subscriptions,GYM MEMBERSHIP AUTOPAY,288.29,debit,38151.82,False
cdc1da28-e,CUST5A28E8,2026-06-17,Savings Transfer,TRANSFER TO SAVINGS ACCT,393.17,debit,37758.65,False
fda1987a-8,CUST5A28E8,2026-06-18,Groceries,POS PURCHASE - LOCAL MARKET,631.43,debit,37127.22,False
6d074880-a,CUST5A28E8,2026-06-21,Transportation,FUEL STATION PURCHASE,651.68,debit,36475.54,False
84e28d10-1,CUST5A28E8,2026-06-22,Dining/Restaurants,CAFE PURCHASE,61.42,debit,36414.12,False
505ceb55-4,CUST5A28E8,2026-06-22,Shopping,ONLINE STORE CHECKOUT,446.71,debit,35967.41,False
fff870ef-3,CUST5A28E8,2026-06-22,Shopping,ONLINE STORE CHECKOUT,52.24,debit,35915.17,False
d527067e-7,CUST5A28E8,2026-06-22,Savings Transfer,INTERNAL XFER - SAVINGS,777.78,debit,35137.39,False
6d685fd2-3,CUST5A28E8,2026-06-23,Dining/Restaurants,MCDONALDS #227,182.91,debit,34954.48,False
57466c4c-8,CUST5A28E8,2026-06-23,Entertainment,GAMING STORE PURCHASE,104.69,debit,34849.79,False
e699ac5b-d,CUST5A28E8,2026-06-23,Healthcare,LAB TEST PAYMENT,251.83,debit,34597.96,False
d74f700c-9,CUST5A28E8,2026-06-25,Utilities,Internet Bill - AUTOPAY,690.3,debit,33907.66,False
6f67b226-d,CUST5A28E8,2026-06-26,Rent/Installment,Home Loan Installment - AUTOPAY,3643.44,debit,30264.22,False
046b8b7b-6,CUST1F20C2,2026-01-01,Salary,MONTHLY SALARY CREDIT,28800.0,credit,33329.91,False
3d5aa27c-f,CUST1F20C2,2026-01-02,Transportation,CAREEM RIDE,1466.43,debit,31863.48,False
2bbfd083-c,CUST1F20C2,2026-01-03,Groceries,CARREFOUR HYPERMARKET,459.62,debit,31403.86,False
1e2cb424-f,CUST1F20C2,2026-01-04,Entertainment,NETFLIX PPV CHARGE,1096.19,debit,30307.67,False
57c67ff8-8,CUST1F20C2,2026-01-05,Healthcare,CLINIC VISIT FEE,122.46,debit,30185.21,False
0e048077-7,CUST1F20C2,2026-01-05,Healthcare,PHARMACY PURCHASE,45.17,debit,30140.04,False
48688980-d,CUST1F20C2,2026-01-07,Savings Transfer,TRANSFER TO SAVINGS ACCT,1212.88,debit,28927.16,False
6cd2153e-0,CUST1F20C2,2026-01-08,Groceries,CARREFOUR HYPERMARKET,1426.14,debit,27501.02,False
80a537c0-4,CUST1F20C2,2026-01-08,Shopping,AMAZON.EG ORDER,549.14,debit,26951.88,False
efa31522-1,CUST1F20C2,2026-01-09,Shopping,MALL PURCHASE - POS,545.17,debit,26406.71,False
554f11e0-7,CUST1F20C2,2026-01-10,Dining/Restaurants,POS - LOCAL RESTAURANT,1438.59,debit,24968.12,False
21d784d2-a,CUST1F20C2,2026-01-10,Subscriptions,GYM MEMBERSHIP AUTOPAY,435.65,debit,24532.47,False
171f55ea-9,CUST1F20C2,2026-01-11,Healthcare,CLINIC VISIT FEE,182.72,debit,24349.75,False
6dd264e7-1,CUST1F20C2,2026-01-15,Entertainment,NETFLIX PPV CHARGE,909.32,debit,23440.43,False
d0b86b59-7,CUST1F20C2,2026-01-17,Healthcare,LAB TEST PAYMENT,43.18,debit,23397.25,False
25c1a50f-9,CUST1F20C2,2026-01-19,Shopping,AMAZON.EG ORDER,127.52,debit,23269.73,False
e025eb32-2,CUST1F20C2,2026-01-20,Groceries,SPINNEYS #882,828.66,debit,22441.07,False
095bbf12-b,CUST1F20C2,2026-01-20,Transportation,FUEL STATION PURCHASE,407.25,debit,22033.82,False
5f717c65-c,CUST1F20C2,2026-01-20,Dining/Restaurants,POS - LOCAL RESTAURANT,1133.72,debit,20900.1,False
e01f974b-1,CUST1F20C2,2026-01-21,Groceries,SPINNEYS #692,29.87,debit,20870.23,False
c7da0e0d-c,CUST1F20C2,2026-01-23,Shopping,AMAZON.EG ORDER,16.37,debit,20853.86,False
f1d2c357-b,CUST1F20C2,2026-01-24,Shopping,ONLINE STORE CHECKOUT,94.06,debit,20759.8,False
9f5970bc-c,CUST1F20C2,2026-01-26,Rent/Installment,ACH DEBIT - RENT PAYMENT,9212.09,debit,11547.71,False
272b3964-0,CUST1F20C2,2026-01-26,Savings Transfer,TRANSFER TO SAVINGS ACCT,1660.83,debit,9886.88,False
d970c3fb-5,CUST1F20C2,2026-01-27,Utilities,WATER CO. AUTOPAY,1869.21,debit,8017.67,False
8f4ddbee-3,CUST1F20C2,2026-02-02,Groceries,SPINNEYS #324,429.77,debit,7587.9,False
98561be3-7,CUST1F20C2,2026-02-02,Transportation,UBER *TRIP 303,1295.49,debit,6292.41,False
86d1bea6-2,CUST1F20C2,2026-02-02,Shopping,ONLINE STORE CHECKOUT,391.14,debit,5901.27,False
8544a164-5,CUST1F20C2,2026-02-03,Salary,MONTHLY SALARY CREDIT,28800.0,credit,34701.27,False
964bbd58-6,CUST1F20C2,2026-02-03,Transportation,CAREEM RIDE,380.64,debit,34320.63,False
3eb6d60e-d,CUST1F20C2,2026-02-03,Entertainment,CINEMA TICKET PURCHASE,72.38,debit,34248.25,False
abfe04bc-3,CUST1F20C2,2026-02-04,Transportation,UBER *TRIP 397,43.53,debit,34204.72,False
6ed65e29-0,CUST1F20C2,2026-02-06,Dining/Restaurants,POS - LOCAL RESTAURANT,571.73,debit,33632.99,False
965c28af-7,CUST1F20C2,2026-02-07,Transportation,FUEL STATION PURCHASE,325.39,debit,33307.6,False
aa88406c-7,CUST1F20C2,2026-02-07,Savings Transfer,INTERNAL XFER - SAVINGS,606.85,debit,32700.75,False
e066de2a-f,CUST1F20C2,2026-02-09,Healthcare,LAB TEST PAYMENT,69.02,debit,32631.73,False
7a645aaf-e,CUST1F20C2,2026-02-10,Transportation,UBER *TRIP 324,20.91,debit,32610.82,False
4ba3fc91-4,CUST1F20C2,2026-02-10,Dining/Restaurants,POS - LOCAL RESTAURANT,444.77,debit,32166.05,False
66264e17-b,CUST1F20C2,2026-02-11,Shopping,AMAZON.EG ORDER,254.16,debit,31911.89,False
55ad71f2-c,CUST1F20C2,2026-02-13,Savings Transfer,TRANSFER TO SAVINGS ACCT,2321.97,debit,29589.92,False
9d658b3a-1,CUST1F20C2,2026-02-15,Groceries,POS PURCHASE - LOCAL MARKET,886.89,debit,28703.03,False
8cbe80f8-e,CUST1F20C2,2026-02-16,Groceries,POS PURCHASE - LOCAL MARKET,558.29,debit,28144.74,False
19ff1097-9,CUST1F20C2,2026-02-16,Healthcare,LAB TEST PAYMENT,58.16,debit,28086.58,False
8e57fed2-3,CUST1F20C2,2026-02-17,Healthcare,CLINIC VISIT FEE,72.87,debit,28013.71,False
2bec9325-f,CUST1F20C2,2026-02-19,Utilities,Internet Bill - ONLINE,1661.52,debit,26352.19,False
0a25cf96-c,CUST1F20C2,2026-02-19,Subscriptions,SPOTIFY AB,511.21,debit,25840.98,False
55e690af-a,CUST1F20C2,2026-02-20,Entertainment,NETFLIX PPV CHARGE,1895.37,debit,23945.61,False
db44b413-8,CUST1F20C2,2026-02-21,Groceries,CARREFOUR HYPERMARKET,773.37,debit,23172.24,False
88788b6d-1,CUST1F20C2,2026-02-21,Dining/Restaurants,MCDONALDS #446,1754.9,debit,21417.34,False
df510d76-c,CUST1F20C2,2026-02-21,Healthcare,LAB TEST PAYMENT,55.29,debit,21362.05,False
7fb564b8-3,CUST1F20C2,2026-02-23,Rent/Installment,Home Loan Installment - ONLINE,9204.24,debit,12157.81,False
178e33a3-f,CUST1F20C2,2026-02-23,Healthcare,CLINIC VISIT FEE,74.88,debit,12082.93,False
96fc3f5b-f,CUST1F20C2,2026-02-26,Entertainment,CINEMA TICKET PURCHASE,46.11,debit,12036.82,False
34bc1ef9-a,CUST1F20C2,2026-02-26,Shopping,MALL PURCHASE - POS,447.61,debit,11589.21,False
9afb364b-d,CUST1F20C2,2026-02-27,Dining/Restaurants,CAFE PURCHASE,145.79,debit,11443.42,False
9f365709-a,CUST1F20C2,2026-02-28,Shopping,ONLINE STORE CHECKOUT,137.28,debit,11306.14,False
783eb472-8,CUST1F20C2,2026-03-01,Healthcare,CLINIC VISIT FEE,58.66,debit,11247.48,False
8364fed0-1,CUST1F20C2,2026-03-02,Salary,MONTHLY SALARY CREDIT,28800.0,credit,40047.48,False
7af64679-5,CUST1F20C2,2026-03-02,Savings Transfer,TRANSFER TO SAVINGS ACCT,1479.85,debit,38567.63,False
36a0cf96-7,CUST1F20C2,2026-03-03,Transportation,CAREEM RIDE,504.84,debit,38062.79,False
92d51fa7-d,CUST1F20C2,2026-03-03,Subscriptions,SPOTIFY AB,462.41,debit,37600.38,False
2bdeddc2-b,CUST1F20C2,2026-03-08,Shopping,ONLINE STORE CHECKOUT,725.79,debit,36874.59,False
e6263888-d,CUST1F20C2,2026-03-09,Entertainment,CINEMA TICKET PURCHASE,95.09,debit,36779.5,False
63b87615-f,CUST1F20C2,2026-03-10,Entertainment,NETFLIX PPV CHARGE,744.79,debit,36034.71,False
a17d6b84-b,CUST1F20C2,2026-03-11,Dining/Restaurants,MCDONALDS #791,2673.62,debit,33361.09,False
f06c4e76-b,CUST1F20C2,2026-03-12,Dining/Restaurants,MCDONALDS #659,359.72,debit,33001.37,False
9f0447cd-c,CUST1F20C2,2026-03-13,Entertainment,GAMING STORE PURCHASE,713.4,debit,32287.97,False
cc5db628-5,CUST1F20C2,2026-03-14,Healthcare,CLINIC VISIT FEE,38.54,debit,32249.43,False
186ee913-3,CUST1F20C2,2026-03-15,Groceries,SPINNEYS #518,328.74,debit,31920.69,False
5e7076b3-6,CUST1F20C2,2026-03-19,Healthcare,PHARMACY PURCHASE,74.46,debit,31846.23,False
38a7e338-9,CUST1F20C2,2026-03-19,Savings Transfer,INTERNAL XFER - SAVINGS,1127.46,debit,30718.77,False
5f755510-5,CUST1F20C2,2026-03-20,Groceries,SPINNEYS #536,1288.4,debit,29430.37,False
595d0dde-4,CUST1F20C2,2026-03-21,Transportation,UBER *TRIP 904,1061.11,debit,28369.26,False
6238eb34-5,CUST1F20C2,2026-03-24,Shopping,ONLINE STORE CHECKOUT,258.94,debit,28110.32,False
67bb8a9f-e,CUST1F20C2,2026-03-25,Utilities,ELECTRICITY BILL PMT,1576.78,debit,26533.54,False
d45d8851-e,CUST1F20C2,2026-03-25,Shopping,MALL PURCHASE - POS,153.07,debit,26380.47,False
1092d291-a,CUST1F20C2,2026-03-25,Healthcare,LAB TEST PAYMENT,156.87,debit,26223.6,False
6205d0e6-1,CUST1F20C2,2026-03-26,Groceries,SPINNEYS #424,1152.11,debit,25071.49,False
abd601a8-e,CUST1F20C2,2026-03-27,Rent/Installment,Home Loan Installment - ONLINE,9381.17,debit,15690.32,False
b37bde7d-1,CUST1F20C2,2026-03-27,Transportation,FUEL STATION PURCHASE,334.62,debit,15355.7,False
a938fe57-b,CUST1F20C2,2026-03-27,Healthcare,CLINIC VISIT FEE,26.74,debit,15328.96,False
fade688b-1,CUST1F20C2,2026-03-28,Entertainment,GAMING STORE PURCHASE,248.39,debit,15080.57,False
82feaace-7,CUST1F20C2,2026-04-01,Transportation,UBER *TRIP 434,655.82,debit,14424.75,False
1d60b10f-8,CUST1F20C2,2026-04-02,Salary,MONTHLY SALARY CREDIT,28800.0,credit,43224.75,False
05992a3b-f,CUST1F20C2,2026-04-03,Groceries,SPINNEYS #390,1693.37,debit,41531.38,False
dda77696-6,CUST1F20C2,2026-04-03,Healthcare,PHARMACY PURCHASE,194.21,debit,41337.17,False
3f5d0d30-4,CUST1F20C2,2026-04-03,Savings Transfer,INTERNAL XFER - SAVINGS,1175.38,debit,40161.79,False
ae23be98-6,CUST1F20C2,2026-04-06,Dining/Restaurants,CAFE PURCHASE,997.02,debit,39164.77,False
d2749e1f-f,CUST1F20C2,2026-04-06,Shopping,ONLINE STORE CHECKOUT,53.5,debit,39111.27,False
1c0bd925-d,CUST1F20C2,2026-04-08,Groceries,SPINNEYS #775,801.56,debit,38309.71,False
60fad65f-0,CUST1F20C2,2026-04-13,Rent/Installment,ACH DEBIT - RENT PAYMENT,8442.08,debit,29867.63,False
557f38f9-8,CUST1F20C2,2026-04-13,Transportation,UBER *TRIP 213,1123.15,debit,28744.48,False
82ddcabc-d,CUST1F20C2,2026-04-14,Healthcare,CLINIC VISIT FEE,35.63,debit,28708.85,False
cdee940b-e,CUST1F20C2,2026-04-15,Utilities,Internet Bill - NBE,1660.72,debit,27048.13,False
3b27d32a-8,CUST1F20C2,2026-04-15,Shopping,MALL PURCHASE - POS,484.49,debit,26563.64,False
3e2833f1-c,CUST1F20C2,2026-04-16,Groceries,CARREFOUR HYPERMARKET,82.63,debit,26481.01,False
acd712f9-1,CUST1F20C2,2026-04-19,Dining/Restaurants,MCDONALDS #614,451.69,debit,26029.32,False
20e7b4d6-c,CUST1F20C2,2026-04-19,Entertainment,NETFLIX PPV CHARGE,647.7,debit,25381.62,False
e82bf5e5-d,CUST1F20C2,2026-04-19,Entertainment,CINEMA TICKET PURCHASE,299.9,debit,25081.72,False
7dabc681-c,CUST1F20C2,2026-04-20,Entertainment,CINEMA TICKET PURCHASE,762.04,debit,24319.68,False
f4c8bed5-1,CUST1F20C2,2026-04-21,Subscriptions,GYM MEMBERSHIP AUTOPAY,456.02,debit,23863.66,False
93e4e9a7-9,CUST1F20C2,2026-04-22,Dining/Restaurants,POS - LOCAL RESTAURANT,271.43,debit,23592.23,False
3ac21b33-5,CUST1F20C2,2026-04-23,Shopping,ONLINE STORE CHECKOUT,60.72,debit,23531.51,False
95fc4ac3-2,CUST1F20C2,2026-04-23,Shopping,AMAZON.EG ORDER,190.0,debit,23341.51,False
a0dcbb94-3,CUST1F20C2,2026-04-24,Savings Transfer,INTERNAL XFER - SAVINGS,1367.8,debit,21973.71,False
5ddf3520-2,CUST1F20C2,2026-04-25,Healthcare,LAB TEST PAYMENT,160.56,debit,21813.15,False
4865cf9b-1,CUST1F20C2,2026-04-27,Dining/Restaurants,CAFE PURCHASE,513.82,debit,21299.33,False
1093adf9-a,CUST1F20C2,2026-04-27,Shopping,AMAZON.EG ORDER,418.71,debit,20880.62,False
6a7df2b6-a,CUST1F20C2,2026-04-28,Dining/Restaurants,MCDONALDS #417,581.29,debit,20299.33,False
cb9aca0d-d,CUST1F20C2,2026-05-01,Dining/Restaurants,MCDONALDS #890,4329.11,debit,15970.22,True
0410eed6-7,CUST1F20C2,2026-05-01,Entertainment,CINEMA TICKET PURCHASE,124.74,debit,15845.48,True
253cf185-e,CUST1F20C2,2026-05-02,Salary,MONTHLY SALARY CREDIT,28800.0,credit,44645.48,False
e69f5f56-a,CUST1F20C2,2026-05-02,Transportation,FUEL STATION PURCHASE,482.36,debit,44163.12,False
0f8bf1fe-d,CUST1F20C2,2026-05-04,Entertainment,GAMING STORE PURCHASE,5512.71,debit,38650.41,True
95012772-2,CUST1F20C2,2026-05-06,Groceries,CARREFOUR HYPERMARKET,695.34,debit,37955.07,False
f6b999a3-8,CUST1F20C2,2026-05-06,Groceries,SPINNEYS #227,721.95,debit,37233.12,False
f42ce95e-3,CUST1F20C2,2026-05-06,Entertainment,CINEMA TICKET PURCHASE,709.68,debit,36523.44,True
59c8264e-f,CUST1F20C2,2026-05-06,Shopping,AMAZON.EG ORDER,228.22,debit,36295.22,True
da98aa77-0,CUST1F20C2,2026-05-06,Healthcare,CLINIC VISIT FEE,581.18,debit,35714.04,True
61b03c15-8,CUST1F20C2,2026-05-07,Shopping,AMAZON.EG ORDER,1076.08,debit,34637.96,True
27911b9d-c,CUST1F20C2,2026-05-09,Rent/Installment,ACH DEBIT - RENT PAYMENT,8394.11,debit,26243.85,False
8a858652-5,CUST1F20C2,2026-05-10,Dining/Restaurants,POS - LOCAL RESTAURANT,2775.0,debit,23468.85,True
83e591cd-1,CUST1F20C2,2026-05-11,Healthcare,LAB TEST PAYMENT,140.33,debit,23328.52,True
1c075b0f-f,CUST1F20C2,2026-05-12,Transportation,UBER *TRIP 321,1399.69,debit,21928.83,False
398de162-8,CUST1F20C2,2026-05-13,Shopping,MALL PURCHASE - POS,2170.81,debit,19758.02,True
cb310487-3,CUST1F20C2,2026-05-13,Subscriptions,NETFLIX.COM SUBSCRIPTION,460.08,debit,19297.94,False
ef344071-9,CUST1F20C2,2026-05-16,Groceries,SPINNEYS #961,1103.34,debit,18194.6,False
0f1ade91-e,CUST1F20C2,2026-05-16,Savings Transfer,TRANSFER TO SAVINGS ACCT,848.46,debit,17346.14,False
88bf7312-3,CUST1F20C2,2026-05-20,Savings Transfer,INTERNAL XFER - SAVINGS,1020.05,debit,16326.09,False
2efe8f9f-3,CUST1F20C2,2026-05-22,Transportation,CAREEM RIDE,158.3,debit,16167.79,False
7515e855-0,CUST1F20C2,2026-05-22,Entertainment,GAMING STORE PURCHASE,1430.71,debit,14737.08,True
73bd4263-f,CUST1F20C2,2026-05-23,Healthcare,LAB TEST PAYMENT,449.83,debit,14287.25,True
310ec347-2,CUST1F20C2,2026-05-23,Savings Transfer,INTERNAL XFER - SAVINGS,928.86,debit,13358.39,False
4d78f197-5,CUST1F20C2,2026-05-24,Utilities,WATER CO. AUTOPAY,1660.13,debit,11698.26,False
d878c106-6,CUST1F20C2,2026-05-25,Healthcare,LAB TEST PAYMENT,53.83,debit,11644.43,True
e98660a2-7,CUST1F20C2,2026-06-01,Dining/Restaurants,MCDONALDS #990,658.11,debit,10986.32,False
33998001-0,CUST1F20C2,2026-06-01,Savings Transfer,INTERNAL XFER - SAVINGS,435.91,debit,10550.41,False
839f2e50-8,CUST1F20C2,2026-06-02,Groceries,CARREFOUR HYPERMARKET,1098.93,debit,9451.48,False
77d104ad-c,CUST1F20C2,2026-06-03,Salary,MONTHLY SALARY CREDIT,28800.0,credit,38251.48,False
3a8523cd-6,CUST1F20C2,2026-06-03,Dining/Restaurants,MCDONALDS #153,1138.42,debit,37113.06,False
dd1e4b5c-3,CUST1F20C2,2026-06-03,Entertainment,NETFLIX PPV CHARGE,100.23,debit,37012.83,False
bb92df13-3,CUST1F20C2,2026-06-05,Groceries,SPINNEYS #309,1618.03,debit,35394.8,False
4e144fe5-a,CUST1F20C2,2026-06-08,Transportation,FUEL STATION PURCHASE,672.82,debit,34721.98,False
29ffdb31-f,CUST1F20C2,2026-06-08,Transportation,UBER *TRIP 652,204.37,debit,34517.61,False
50a035d9-0,CUST1F20C2,2026-06-09,Shopping,MALL PURCHASE - POS,362.27,debit,34155.34,False
2016fa91-d,CUST1F20C2,2026-06-10,Entertainment,CINEMA TICKET PURCHASE,1721.31,debit,32434.03,False
d4ec33f1-7,CUST1F20C2,2026-06-10,Healthcare,LAB TEST PAYMENT,7.51,debit,32426.52,False
65d47b11-8,CUST1F20C2,2026-06-10,Healthcare,CLINIC VISIT FEE,36.09,debit,32390.43,False
1d062ebc-0,CUST1F20C2,2026-06-11,Dining/Restaurants,MCDONALDS #552,1108.06,debit,31282.37,False
6086f2fa-f,CUST1F20C2,2026-06-12,Groceries,SPINNEYS #403,173.19,debit,31109.18,False
9f50b9c4-7,CUST1F20C2,2026-06-13,Shopping,MALL PURCHASE - POS,471.63,debit,30637.55,False
36af8d03-a,CUST1F20C2,2026-06-13,Healthcare,CLINIC VISIT FEE,143.11,debit,30494.44,False
27a28c11-3,CUST1F20C2,2026-06-13,Savings Transfer,INTERNAL XFER - SAVINGS,2283.11,debit,28211.33,False
4a377f15-1,CUST1F20C2,2026-06-14,Savings Transfer,INTERNAL XFER - SAVINGS,98.33,debit,28113.0,False
5868e9b3-2,CUST1F20C2,2026-06-16,Healthcare,PHARMACY PURCHASE,55.34,debit,28057.66,False
ef6a0c27-6,CUST1F20C2,2026-06-17,Rent/Installment,Monthly Rent Transfer,9696.46,debit,18361.2,False
8cc12c88-0,CUST1F20C2,2026-06-17,Subscriptions,GYM MEMBERSHIP AUTOPAY,472.03,debit,17889.17,False
13282801-5,CUST1F20C2,2026-06-18,Entertainment,CINEMA TICKET PURCHASE,261.55,debit,17627.62,False
1989b62a-8,CUST1F20C2,2026-06-18,Healthcare,LAB TEST PAYMENT,137.11,debit,17490.51,False
702db317-7,CUST1F20C2,2026-06-19,Shopping,MALL PURCHASE - POS,362.68,debit,17127.83,False
04399a54-7,CUST1F20C2,2026-06-20,Utilities,ELECTRICITY BILL PMT,1627.63,debit,15500.2,False
ff50a36f-e,CUST1F20C2,2026-06-21,Transportation,CAREEM RIDE,108.03,debit,15392.17,False
b384e678-8,CUST1F20C2,2026-06-22,Transportation,UBER *TRIP 920,557.09,debit,14835.08,False
5ac3548f-2,CUST1F20C2,2026-06-25,Transportation,UBER *TRIP 633,594.23,debit,14240.85,False
d385e6b7-f,CUST71E783,2026-01-01,Dining/Restaurants,MCDONALDS #935,403.81,debit,14433.98,True
c6bf16ca-3,CUST71E783,2026-01-01,Dining/Restaurants,MCDONALDS #171,4961.28,debit,9472.7,True
bf024d03-8,CUST71E783,2026-01-01,Shopping,ONLINE STORE CHECKOUT,1308.29,debit,8164.41,True
ee0b0a81-1,CUST71E783,2026-01-01,Shopping,AMAZON.EG ORDER,581.79,debit,7582.62,True
a6d78ea4-5,CUST71E783,2026-01-01,Savings Transfer,TRANSFER TO SAVINGS ACCT,1330.33,debit,6252.29,False
f020d2f2-6,CUST71E783,2026-01-02,Entertainment,GAMING STORE PURCHASE,1208.3,debit,5043.99,True
6a82d8f3-3,CUST71E783,2026-01-03,Salary,MONTHLY SALARY CREDIT,21700.0,credit,26743.99,False
b04500ac-4,CUST71E783,2026-01-03,Shopping,MALL PURCHASE - POS,729.98,debit,26014.01,True
76f63c6d-b,CUST71E783,2026-01-04,Shopping,MALL PURCHASE - POS,2216.33,debit,23797.68,True
45b0435b-8,CUST71E783,2026-01-06,Entertainment,GAMING STORE PURCHASE,923.42,debit,22874.26,True
bbf2d83c-2,CUST71E783,2026-01-07,Transportation,CAREEM RIDE,422.96,debit,22451.3,False
c08ad1a1-2,CUST71E783,2026-01-08,Groceries,POS PURCHASE - LOCAL MARKET,60.16,debit,22391.14,False
3e8d47aa-3,CUST71E783,2026-01-09,Transportation,FUEL STATION PURCHASE,128.56,debit,22262.58,False
8b347496-5,CUST71E783,2026-01-10,Transportation,FUEL STATION PURCHASE,334.86,debit,21927.72,False
8fdc5399-b,CUST71E783,2026-01-11,Healthcare,CLINIC VISIT FEE,178.48,debit,21749.24,True
67affcbb-1,CUST71E783,2026-01-12,Healthcare,LAB TEST PAYMENT,601.34,debit,21147.9,True
c9b315a7-2,CUST71E783,2026-01-14,Healthcare,CLINIC VISIT FEE,441.64,debit,20706.26,True
b8550820-8,CUST71E783,2026-01-15,Groceries,POS PURCHASE - LOCAL MARKET,129.98,debit,20576.28,False
7ea1e051-0,CUST71E783,2026-01-16,Shopping,ONLINE STORE CHECKOUT,1848.67,debit,18727.61,True
6faac28d-3,CUST71E783,2026-01-18,Transportation,FUEL STATION PURCHASE,71.92,debit,18655.69,False
f2d41589-e,CUST71E783,2026-01-19,Entertainment,CINEMA TICKET PURCHASE,1622.14,debit,17033.55,True
dd6260a5-0,CUST71E783,2026-01-20,Healthcare,PHARMACY PURCHASE,88.94,debit,16944.61,True
31eb4655-7,CUST71E783,2026-01-21,Groceries,CARREFOUR HYPERMARKET,1803.56,debit,15141.05,False
1f637803-9,CUST71E783,2026-01-23,Rent/Installment,ACH DEBIT - RENT PAYMENT,7855.89,debit,7285.16,False
59306ed5-6,CUST71E783,2026-01-23,Entertainment,CINEMA TICKET PURCHASE,772.32,debit,6512.84,True
34833774-c,CUST71E783,2026-01-23,Savings Transfer,INTERNAL XFER - SAVINGS,1119.27,debit,5393.57,False
bc587a96-e,CUST71E783,2026-01-24,Utilities,ELECTRICITY BILL PMT,794.48,debit,4599.09,False
1ca90274-8,CUST71E783,2026-01-24,Dining/Restaurants,POS - LOCAL RESTAURANT,1422.09,debit,3177.0,True
05245e77-8,CUST71E783,2026-01-26,Subscriptions,NETFLIX.COM SUBSCRIPTION,561.14,debit,2615.86,False
3066e1f1-d,CUST71E783,2026-01-27,Groceries,CARREFOUR HYPERMARKET,864.77,debit,1751.09,False
eeed88f3-0,CUST71E783,2026-01-28,Transportation,UBER *TRIP 211,105.3,debit,1645.79,False
0563c64a-d,CUST71E783,2026-02-01,Savings Transfer,INTERNAL XFER - SAVINGS,680.43,debit,965.36,False
921a3a04-a,CUST71E783,2026-02-02,Salary,MONTHLY SALARY CREDIT,21700.0,credit,22665.36,False
3c14eeea-3,CUST71E783,2026-02-03,Shopping,ONLINE STORE CHECKOUT,83.44,debit,22581.92,False
d1340514-2,CUST71E783,2026-02-03,Healthcare,CLINIC VISIT FEE,46.96,debit,22534.96,False
48b474e1-6,CUST71E783,2026-02-06,Dining/Restaurants,POS - LOCAL RESTAURANT,1170.39,debit,21364.57,False
07afae25-1,CUST71E783,2026-02-07,Healthcare,LAB TEST PAYMENT,15.0,debit,21349.57,False
7740c044-d,CUST71E783,2026-02-10,Healthcare,PHARMACY PURCHASE,102.59,debit,21246.98,False
ce839272-2,CUST71E783,2026-02-11,Entertainment,NETFLIX PPV CHARGE,1150.36,debit,20096.62,False
4d76f1a1-c,CUST71E783,2026-02-11,Shopping,AMAZON.EG ORDER,483.33,debit,19613.29,False
29fd2a3c-c,CUST71E783,2026-02-12,Groceries,CARREFOUR HYPERMARKET,44.95,debit,19568.34,False
ec8cc479-9,CUST71E783,2026-02-12,Transportation,CAREEM RIDE,227.42,debit,19340.92,False
a8e6d268-9,CUST71E783,2026-02-12,Healthcare,PHARMACY PURCHASE,57.77,debit,19283.15,False
e9e4ee8b-0,CUST71E783,2026-02-13,Transportation,CAREEM RIDE,247.98,debit,19035.17,False
69a5a53b-f,CUST71E783,2026-02-13,Healthcare,LAB TEST PAYMENT,313.25,debit,18721.92,False
7b19bf0a-1,CUST71E783,2026-02-14,Entertainment,GAMING STORE PURCHASE,110.87,debit,18611.05,False
362b290e-d,CUST71E783,2026-02-16,Savings Transfer,INTERNAL XFER - SAVINGS,43.63,debit,18567.42,False
c22add25-7,CUST71E783,2026-02-19,Transportation,FUEL STATION PURCHASE,200.62,debit,18366.8,False
b9d6f876-f,CUST71E783,2026-02-20,Savings Transfer,TRANSFER TO SAVINGS ACCT,98.25,debit,18268.55,False
49df850a-8,CUST71E783,2026-02-22,Utilities,WATER CO. AUTOPAY,749.36,debit,17519.19,False
0b45dc62-6,CUST71E783,2026-02-22,Dining/Restaurants,CAFE PURCHASE,504.82,debit,17014.37,False
12c6b775-d,CUST71E783,2026-02-22,Entertainment,GAMING STORE PURCHASE,259.12,debit,16755.25,False
06bb7ed3-4,CUST71E783,2026-02-22,Shopping,AMAZON.EG ORDER,1145.82,debit,15609.43,False
48bc1fb6-4,CUST71E783,2026-02-23,Transportation,UBER *TRIP 990,53.32,debit,15556.11,False
033c6766-6,CUST71E783,2026-02-24,Shopping,MALL PURCHASE - POS,8.03,debit,15548.08,False
fd80f86c-f,CUST71E783,2026-02-24,Subscriptions,GYM MEMBERSHIP AUTOPAY,587.74,debit,14960.34,False
3072cc45-e,CUST71E783,2026-02-25,Rent/Installment,ACH DEBIT - RENT PAYMENT,8253.45,debit,6706.89,False
d123f336-c,CUST71E783,2026-02-26,Savings Transfer,TRANSFER TO SAVINGS ACCT,692.04,debit,6014.85,False
599b8932-e,CUST71E783,2026-02-27,Groceries,SPINNEYS #117,3207.96,debit,2806.89,False
7e828b58-f,CUST71E783,2026-02-27,Savings Transfer,INTERNAL XFER - SAVINGS,650.7,debit,2156.19,False
9dfb6736-0,CUST71E783,2026-02-28,Transportation,FUEL STATION PURCHASE,244.38,debit,1911.81,False
6b387c55-9,CUST71E783,2026-03-01,Savings Transfer,INTERNAL XFER - SAVINGS,398.35,debit,1513.46,False
54de0708-1,CUST71E783,2026-03-02,Salary,MONTHLY SALARY CREDIT,21700.0,credit,23213.46,False
320a68fa-b,CUST71E783,2026-03-02,Groceries,SPINNEYS #256,747.44,debit,22466.02,False
8b7253f0-3,CUST71E783,2026-03-03,Healthcare,PHARMACY PURCHASE,66.9,debit,22399.12,False
d6e914a1-f,CUST71E783,2026-03-04,Shopping,AMAZON.EG ORDER,832.69,debit,21566.43,False
dcab635c-d,CUST71E783,2026-03-05,Transportation,CAREEM RIDE,257.73,debit,21308.7,False
e0e8f852-2,CUST71E783,2026-03-07,Groceries,POS PURCHASE - LOCAL MARKET,262.62,debit,21046.08,False
28014318-5,CUST71E783,2026-03-07,Dining/Restaurants,CAFE PURCHASE,235.24,debit,20810.84,False
b36a1a8b-e,CUST71E783,2026-03-09,Healthcare,LAB TEST PAYMENT,159.37,debit,20651.47,False
b0d9dc75-6,CUST71E783,2026-03-10,Groceries,POS PURCHASE - LOCAL MARKET,116.1,debit,20535.37,False
063f28c5-3,CUST71E783,2026-03-10,Transportation,CAREEM RIDE,377.27,debit,20158.1,False
78ca79b9-5,CUST71E783,2026-03-10,Shopping,ONLINE STORE CHECKOUT,584.39,debit,19573.71,False
b5426f46-9,CUST71E783,2026-03-13,Transportation,UBER *TRIP 640,373.86,debit,19199.85,False
86e9078c-3,CUST71E783,2026-03-16,Dining/Restaurants,POS - LOCAL RESTAURANT,768.44,debit,18431.41,False
43755ac4-1,CUST71E783,2026-03-17,Utilities,Internet Bill - AUTOPAY,705.7,debit,17725.71,False
cb68e13b-f,CUST71E783,2026-03-19,Shopping,MALL PURCHASE - POS,92.87,debit,17632.84,False
59f4ab58-9,CUST71E783,2026-03-19,Healthcare,LAB TEST PAYMENT,51.35,debit,17581.49,False
97f79ce3-9,CUST71E783,2026-03-21,Dining/Restaurants,MCDONALDS #470,735.32,debit,16846.17,False
bddb17ca-b,CUST71E783,2026-03-21,Shopping,ONLINE STORE CHECKOUT,34.91,debit,16811.26,False
20853f6c-1,CUST71E783,2026-03-22,Rent/Installment,Monthly Rent Transfer,7034.31,debit,9776.95,False
3547d247-a,CUST71E783,2026-03-22,Entertainment,CINEMA TICKET PURCHASE,507.4,debit,9269.55,False
b9d8d92e-7,CUST71E783,2026-03-22,Subscriptions,GYM MEMBERSHIP AUTOPAY,596.54,debit,8673.01,False
3249cd4c-f,CUST71E783,2026-03-22,Healthcare,LAB TEST PAYMENT,86.53,debit,8586.48,False
9926fa98-f,CUST71E783,2026-03-22,Savings Transfer,TRANSFER TO SAVINGS ACCT,658.6,debit,7927.88,False
9d1c27d7-5,CUST71E783,2026-03-23,Groceries,POS PURCHASE - LOCAL MARKET,1176.69,debit,6751.19,False
33dc5df1-e,CUST71E783,2026-03-23,Transportation,FUEL STATION PURCHASE,88.44,debit,6662.75,False
2775f30f-4,CUST71E783,2026-03-24,Shopping,MALL PURCHASE - POS,225.06,debit,6437.69,False
f8ad2c0b-f,CUST71E783,2026-03-26,Healthcare,LAB TEST PAYMENT,193.34,debit,6244.35,False
d49fdeee-b,CUST71E783,2026-03-26,Savings Transfer,INTERNAL XFER - SAVINGS,61.82,debit,6182.53,False
1e01699a-1,CUST71E783,2026-03-27,Savings Transfer,TRANSFER TO SAVINGS ACCT,894.0,debit,5288.53,False
e06fbe0a-2,CUST71E783,2026-03-28,Groceries,SPINNEYS #844,1162.26,debit,4126.27,False
85f036c7-b,CUST71E783,2026-03-28,Transportation,UBER *TRIP 970,10.73,debit,4115.54,False
93b0c3bf-6,CUST71E783,2026-03-28,Entertainment,CINEMA TICKET PURCHASE,1069.93,debit,3045.61,False
6f96b1d1-7,CUST71E783,2026-03-28,Savings Transfer,TRANSFER TO SAVINGS ACCT,288.16,debit,2757.45,False
ad9eeadb-3,CUST71E783,2026-04-02,Healthcare,PHARMACY PURCHASE,105.91,debit,2651.54,False
9f9d427a-a,CUST71E783,2026-04-03,Salary,MONTHLY SALARY CREDIT,21700.0,credit,24351.54,False
497dc120-6,CUST71E783,2026-04-03,Shopping,MALL PURCHASE - POS,606.08,debit,23745.46,False
88061b63-4,CUST71E783,2026-04-04,Transportation,FUEL STATION PURCHASE,170.18,debit,23575.28,False
cac9d75b-6,CUST71E783,2026-04-04,Entertainment,GAMING STORE PURCHASE,865.36,debit,22709.92,False
f314c85e-9,CUST71E783,2026-04-05,Utilities,Internet Bill - ONLINE,676.85,debit,22033.07,False
f36bcdee-2,CUST71E783,2026-04-05,Shopping,AMAZON.EG ORDER,1234.11,debit,20798.96,False
c5d525a5-c,CUST71E783,2026-04-05,Savings Transfer,TRANSFER TO SAVINGS ACCT,22.7,debit,20776.26,False
8d388b8d-c,CUST71E783,2026-04-06,Groceries,SPINNEYS #773,2398.99,debit,18377.27,False
d9fdd9db-e,CUST71E783,2026-04-06,Healthcare,CLINIC VISIT FEE,93.87,debit,18283.4,False
ee03ebd6-e,CUST71E783,2026-04-06,Savings Transfer,INTERNAL XFER - SAVINGS,1162.72,debit,17120.68,False
9556896d-5,CUST71E783,2026-04-08,Groceries,SPINNEYS #147,377.51,debit,16743.17,False
4178d431-b,CUST71E783,2026-04-08,Transportation,UBER *TRIP 292,172.06,debit,16571.11,False
75920924-5,CUST71E783,2026-04-08,Subscriptions,SPOTIFY AB,499.51,debit,16071.6,False
794483d7-1,CUST71E783,2026-04-10,Transportation,UBER *TRIP 237,290.28,debit,15781.32,False
17a831e2-c,CUST71E783,2026-04-12,Healthcare,LAB TEST PAYMENT,46.42,debit,15734.9,False
37c23aec-8,CUST71E783,2026-04-13,Dining/Restaurants,POS - LOCAL RESTAURANT,128.59,debit,15606.31,False
1e2e2bf3-7,CUST71E783,2026-04-17,Groceries,SPINNEYS #472,102.86,debit,15503.45,False
965732f6-a,CUST71E783,2026-04-18,Rent/Installment,Home Loan Installment - AUTOPAY,7085.89,debit,8417.56,False
1765c61b-3,CUST71E783,2026-04-18,Transportation,FUEL STATION PURCHASE,351.35,debit,8066.21,False
c80c43f5-f,CUST71E783,2026-04-18,Transportation,UBER *TRIP 705,13.95,debit,8052.26,False
0898ab94-3,CUST71E783,2026-04-18,Dining/Restaurants,MCDONALDS #172,219.31,debit,7832.95,False
f13aff60-9,CUST71E783,2026-04-18,Healthcare,CLINIC VISIT FEE,239.67,debit,7593.28,False
0dd0bc87-2,CUST71E783,2026-04-19,Savings Transfer,INTERNAL XFER - SAVINGS,282.23,debit,7311.05,False
b44b9f24-3,CUST71E783,2026-04-20,Entertainment,CINEMA TICKET PURCHASE,396.95,debit,6914.1,False
c94c148e-3,CUST71E783,2026-04-21,Dining/Restaurants,MCDONALDS #831,166.6,debit,6747.5,False
54331fda-b,CUST71E783,2026-04-21,Savings Transfer,INTERNAL XFER - SAVINGS,834.91,debit,5912.59,False
0a9fba83-d,CUST71E783,2026-04-22,Dining/Restaurants,POS - LOCAL RESTAURANT,312.33,debit,5600.26,False
6c9434c1-a,CUST71E783,2026-04-22,Savings Transfer,INTERNAL XFER - SAVINGS,87.73,debit,5512.53,False
47aa5da2-3,CUST71E783,2026-04-24,Dining/Restaurants,POS - LOCAL RESTAURANT,902.5,debit,4610.03,False
db78f311-7,CUST71E783,2026-04-26,Groceries,SPINNEYS #774,58.98,debit,4551.05,False
d46b4447-d,CUST71E783,2026-04-26,Entertainment,NETFLIX PPV CHARGE,228.88,debit,4322.17,False
3330bc9a-e,CUST71E783,2026-05-01,Transportation,FUEL STATION PURCHASE,54.6,debit,4267.57,False
9c0a3b2d-8,CUST71E783,2026-05-01,Shopping,ONLINE STORE CHECKOUT,1384.67,debit,2882.9,False
5cf40281-c,CUST71E783,2026-05-02,Dining/Restaurants,CAFE PURCHASE,901.62,debit,1981.28,False
52549425-a,CUST71E783,2026-05-03,Salary,MONTHLY SALARY CREDIT,21700.0,credit,23681.28,False
4c349b26-1,CUST71E783,2026-05-03,Groceries,POS PURCHASE - LOCAL MARKET,2108.69,debit,21572.59,False
79c33e47-b,CUST71E783,2026-05-03,Dining/Restaurants,POS - LOCAL RESTAURANT,89.53,debit,21483.06,False
d717e774-f,CUST71E783,2026-05-03,Healthcare,LAB TEST PAYMENT,91.5,debit,21391.56,False
78d229ed-4,CUST71E783,2026-05-04,Healthcare,PHARMACY PURCHASE,5.0,debit,21386.56,False
0ba7717f-8,CUST71E783,2026-05-04,Healthcare,CLINIC VISIT FEE,136.04,debit,21250.52,False
5733a594-b,CUST71E783,2026-05-04,Savings Transfer,INTERNAL XFER - SAVINGS,157.3,debit,21093.22,False
191b25f9-8,CUST71E783,2026-05-06,Groceries,POS PURCHASE - LOCAL MARKET,1213.78,debit,19879.44,False
3977cf69-d,CUST71E783,2026-05-06,Healthcare,CLINIC VISIT FEE,29.15,debit,19850.29,False
72a6a891-5,CUST71E783,2026-05-06,Savings Transfer,TRANSFER TO SAVINGS ACCT,206.49,debit,19643.8,False
1ee6d0f4-3,CUST71E783,2026-05-10,Subscriptions,GYM MEMBERSHIP AUTOPAY,531.63,debit,19112.17,False
b7edfbc1-0,CUST71E783,2026-05-11,Entertainment,GAMING STORE PURCHASE,852.34,debit,18259.83,False
866b4497-2,CUST71E783,2026-05-13,Entertainment,CINEMA TICKET PURCHASE,624.14,debit,17635.69,False
b9343412-5,CUST71E783,2026-05-14,Rent/Installment,Monthly Rent Transfer,7247.72,debit,10387.97,False
2977c41c-4,CUST71E783,2026-05-14,Healthcare,PHARMACY PURCHASE,304.8,debit,10083.17,False
b11d3578-1,CUST71E783,2026-05-14,Savings Transfer,TRANSFER TO SAVINGS ACCT,485.93,debit,9597.24,False
5fac1ea5-3,CUST71E783,2026-05-14,Savings Transfer,TRANSFER TO SAVINGS ACCT,1299.52,debit,8297.72,False
5d3445ec-e,CUST71E783,2026-05-16,Shopping,MALL PURCHASE - POS,565.75,debit,7731.97,False
80ad79d2-a,CUST71E783,2026-05-17,Transportation,FUEL STATION PURCHASE,705.02,debit,7026.95,False
b23c6d9b-c,CUST71E783,2026-05-20,Transportation,UBER *TRIP 951,148.18,debit,6878.77,False
3b23acb2-6,CUST71E783,2026-05-22,Dining/Restaurants,CAFE PURCHASE,386.13,debit,6492.64,False
ca64da66-9,CUST71E783,2026-05-23,Transportation,UBER *TRIP 515,138.94,debit,6353.7,False
fb950d05-2,CUST71E783,2026-05-24,Transportation,UBER *TRIP 591,11.32,debit,6342.38,False
07511de7-c,CUST71E783,2026-05-27,Dining/Restaurants,CAFE PURCHASE,445.07,debit,5897.31,False
5601b2ea-f,CUST71E783,2026-05-28,Utilities,ELECTRICITY BILL PMT,703.51,debit,5193.8,False
f504e742-b,CUST71E783,2026-06-01,Salary,MONTHLY SALARY CREDIT,21700.0,credit,26893.8,False
80dc4390-a,CUST71E783,2026-06-02,Entertainment,NETFLIX PPV CHARGE,199.82,debit,26693.98,False
03f663ae-1,CUST71E783,2026-06-02,Shopping,ONLINE STORE CHECKOUT,406.22,debit,26287.76,False
6ca89035-a,CUST71E783,2026-06-02,Shopping,MALL PURCHASE - POS,374.21,debit,25913.55,False
0e2482ae-4,CUST71E783,2026-06-03,Transportation,CAREEM RIDE,402.98,debit,25510.57,False
ac6bef58-c,CUST71E783,2026-06-03,Entertainment,CINEMA TICKET PURCHASE,1163.95,debit,24346.62,False
80dec917-8,CUST71E783,2026-06-04,Groceries,CARREFOUR HYPERMARKET,68.81,debit,24277.81,False
a990894d-7,CUST71E783,2026-06-04,Healthcare,CLINIC VISIT FEE,99.14,debit,24178.67,False
2b48a7e3-4,CUST71E783,2026-06-04,Healthcare,PHARMACY PURCHASE,204.1,debit,23974.57,False
e3fa4404-b,CUST71E783,2026-06-05,Transportation,FUEL STATION PURCHASE,160.02,debit,23814.55,False
00e0a121-3,CUST71E783,2026-06-06,Dining/Restaurants,MCDONALDS #975,647.9,debit,23166.65,False
e4644d62-3,CUST71E783,2026-06-08,Transportation,CAREEM RIDE,385.09,debit,22781.56,False
6c9eda30-7,CUST71E783,2026-06-08,Savings Transfer,INTERNAL XFER - SAVINGS,1313.44,debit,21468.12,False
1f24c147-5,CUST71E783,2026-06-10,Rent/Installment,ACH DEBIT - RENT PAYMENT,6981.01,debit,14487.11,False
f377fdb9-4,CUST71E783,2026-06-11,Utilities,ELECTRICITY BILL PMT,720.48,debit,13766.63,False
3bb66d77-7,CUST71E783,2026-06-11,Groceries,SPINNEYS #613,1096.82,debit,12669.81,False
efef0f6d-2,CUST71E783,2026-06-11,Subscriptions,NETFLIX.COM SUBSCRIPTION,534.28,debit,12135.53,False
a464ffe1-b,CUST71E783,2026-06-12,Groceries,POS PURCHASE - LOCAL MARKET,50.57,debit,12084.96,False
599c8190-9,CUST71E783,2026-06-12,Shopping,MALL PURCHASE - POS,1051.23,debit,11033.73,False
7b3473da-6,CUST71E783,2026-06-13,Savings Transfer,TRANSFER TO SAVINGS ACCT,35.24,debit,10998.49,False
293b1ce3-9,CUST71E783,2026-06-14,Entertainment,CINEMA TICKET PURCHASE,146.64,debit,10851.85,False
e71cbc9e-c,CUST71E783,2026-06-16,Groceries,POS PURCHASE - LOCAL MARKET,351.88,debit,10499.97,False
a61b5af2-c,CUST71E783,2026-06-16,Transportation,CAREEM RIDE,7.67,debit,10492.3,False
e18bc003-3,CUST71E783,2026-06-16,Dining/Restaurants,CAFE PURCHASE,833.32,debit,9658.98,False
f11e7719-c,CUST71E783,2026-06-16,Healthcare,CLINIC VISIT FEE,121.63,debit,9537.35,False
5dc87a83-7,CUST71E783,2026-06-21,Savings Transfer,TRANSFER TO SAVINGS ACCT,308.27,debit,9229.08,False
b709fd2d-a,CUST71E783,2026-06-21,Savings Transfer,TRANSFER TO SAVINGS ACCT,573.34,debit,8655.74,False
be772031-f,CUST71E783,2026-06-22,Healthcare,LAB TEST PAYMENT,42.8,debit,8612.94,False
fcf610a0-e,CUST71E783,2026-06-23,Dining/Restaurants,CAFE PURCHASE,460.53,debit,8152.41,False
c7fc5e2d-5,CUST71E783,2026-06-24,Groceries,SPINNEYS #234,1394.08,debit,6758.33,False
19740830-a,CUSTC0E2A0,2026-01-01,Shopping,MALL PURCHASE - POS,165.54,debit,7629.47,False
fb44f38f-b,CUSTC0E2A0,2026-01-02,Groceries,POS PURCHASE - LOCAL MARKET,1307.5,debit,6321.97,False
30da736d-6,CUSTC0E2A0,2026-01-02,Dining/Restaurants,CAFE PURCHASE,76.52,debit,6245.45,False
76179c01-b,CUSTC0E2A0,2026-01-02,Dining/Restaurants,CAFE PURCHASE,372.91,debit,5872.54,False
8fda67ab-0,CUSTC0E2A0,2026-01-03,Salary,MONTHLY SALARY CREDIT,13800.0,credit,19672.54,False
7a99fe0a-a,CUSTC0E2A0,2026-01-03,Entertainment,GAMING STORE PURCHASE,5.0,debit,19667.54,False
0843716e-e,CUSTC0E2A0,2026-01-04,Entertainment,CINEMA TICKET PURCHASE,82.5,debit,19585.04,False
de64d903-c,CUSTC0E2A0,2026-01-04,Shopping,ONLINE STORE CHECKOUT,48.8,debit,19536.24,False
6159c785-9,CUSTC0E2A0,2026-01-05,Dining/Restaurants,POS - LOCAL RESTAURANT,268.74,debit,19267.5,False
b05d29e7-7,CUSTC0E2A0,2026-01-05,Healthcare,CLINIC VISIT FEE,114.47,debit,19153.03,False
d406fb66-c,CUSTC0E2A0,2026-01-05,Savings Transfer,TRANSFER TO SAVINGS ACCT,98.04,debit,19054.99,False
c5cc3046-7,CUSTC0E2A0,2026-01-06,Transportation,FUEL STATION PURCHASE,17.31,debit,19037.68,False
a1d05a98-f,CUSTC0E2A0,2026-01-06,Healthcare,CLINIC VISIT FEE,71.05,debit,18966.63,False
19ae4070-c,CUSTC0E2A0,2026-01-06,Savings Transfer,INTERNAL XFER - SAVINGS,312.24,debit,18654.39,False
a8c47c30-1,CUSTC0E2A0,2026-01-07,Savings Transfer,TRANSFER TO SAVINGS ACCT,175.91,debit,18478.48,False
d93eb6ae-9,CUSTC0E2A0,2026-01-09,Groceries,POS PURCHASE - LOCAL MARKET,262.0,debit,18216.48,False
be6dae17-5,CUSTC0E2A0,2026-01-09,Transportation,UBER *TRIP 288,16.83,debit,18199.65,False
3c406e19-d,CUSTC0E2A0,2026-01-09,Shopping,AMAZON.EG ORDER,185.84,debit,18013.81,False
81a50058-1,CUSTC0E2A0,2026-01-12,Rent/Installment,Home Loan Installment - ONLINE,4425.38,debit,13588.43,False
6451821e-b,CUSTC0E2A0,2026-01-13,Shopping,ONLINE STORE CHECKOUT,8.27,debit,13580.16,False
a8036f48-e,CUSTC0E2A0,2026-01-13,Healthcare,PHARMACY PURCHASE,102.19,debit,13477.97,False
f8f246a8-2,CUSTC0E2A0,2026-01-13,Savings Transfer,TRANSFER TO SAVINGS ACCT,1095.9,debit,12382.07,False
dcfeae61-b,CUSTC0E2A0,2026-01-14,Utilities,ELECTRICITY BILL PMT,497.58,debit,11884.49,False
1d7b4485-5,CUSTC0E2A0,2026-01-14,Savings Transfer,TRANSFER TO SAVINGS ACCT,48.66,debit,11835.83,False
d157ee45-7,CUSTC0E2A0,2026-01-15,Transportation,FUEL STATION PURCHASE,68.37,debit,11767.46,False
5ba3580a-e,CUSTC0E2A0,2026-01-18,Dining/Restaurants,MCDONALDS #275,202.96,debit,11564.5,False
550fca28-4,CUSTC0E2A0,2026-01-18,Shopping,ONLINE STORE CHECKOUT,152.9,debit,11411.6,False
2d291fd9-3,CUSTC0E2A0,2026-01-18,Subscriptions,NETFLIX.COM SUBSCRIPTION,260.23,debit,11151.37,False
3fb9811a-8,CUSTC0E2A0,2026-01-21,Entertainment,GAMING STORE PURCHASE,306.31,debit,10845.06,False
c9bfb49f-f,CUSTC0E2A0,2026-01-23,Transportation,UBER *TRIP 909,426.31,debit,10418.75,False
cb822f9f-5,CUSTC0E2A0,2026-01-24,Healthcare,LAB TEST PAYMENT,213.43,debit,10205.32,False
03ffd387-3,CUSTC0E2A0,2026-01-25,Transportation,CAREEM RIDE,383.01,debit,9822.31,False
b8fd5b52-c,CUSTC0E2A0,2026-02-01,Groceries,CARREFOUR HYPERMARKET,1180.27,debit,8642.04,False
8a770762-3,CUSTC0E2A0,2026-02-02,Salary,MONTHLY SALARY CREDIT,13800.0,credit,22442.04,False
f48eeee7-d,CUSTC0E2A0,2026-02-03,Subscriptions,NETFLIX.COM SUBSCRIPTION,234.08,debit,22207.96,False
fc1ec744-4,CUSTC0E2A0,2026-02-04,Rent/Installment,ACH DEBIT - RENT PAYMENT,3947.58,debit,18260.38,False
c6da5648-d,CUSTC0E2A0,2026-02-04,Dining/Restaurants,CAFE PURCHASE,773.38,debit,17487.0,False
8975d246-0,CUSTC0E2A0,2026-02-04,Shopping,AMAZON.EG ORDER,274.22,debit,17212.78,False
0aa9e84d-9,CUSTC0E2A0,2026-02-04,Savings Transfer,INTERNAL XFER - SAVINGS,433.81,debit,16778.97,False
78be7d8f-f,CUSTC0E2A0,2026-02-05,Utilities,ELECTRICITY BILL PMT,585.65,debit,16193.32,False
45cf47e8-e,CUSTC0E2A0,2026-02-05,Savings Transfer,INTERNAL XFER - SAVINGS,286.17,debit,15907.15,False
17aced88-c,CUSTC0E2A0,2026-02-09,Healthcare,CLINIC VISIT FEE,39.64,debit,15867.51,False
ddaaa442-a,CUSTC0E2A0,2026-02-09,Healthcare,LAB TEST PAYMENT,159.2,debit,15708.31,False
09918b59-b,CUSTC0E2A0,2026-02-10,Entertainment,CINEMA TICKET PURCHASE,319.79,debit,15388.52,False
ce71b582-9,CUSTC0E2A0,2026-02-12,Shopping,AMAZON.EG ORDER,283.34,debit,15105.18,False
5b6e0aa9-7,CUSTC0E2A0,2026-02-13,Entertainment,CINEMA TICKET PURCHASE,93.74,debit,15011.44,False
c8cb03b5-b,CUSTC0E2A0,2026-02-15,Transportation,UBER *TRIP 414,428.24,debit,14583.2,False
2c24a0ec-7,CUSTC0E2A0,2026-02-16,Transportation,UBER *TRIP 349,73.47,debit,14509.73,False
48ea19e7-b,CUSTC0E2A0,2026-02-17,Dining/Restaurants,POS - LOCAL RESTAURANT,164.14,debit,14345.59,False
0b8db4cf-f,CUSTC0E2A0,2026-02-18,Transportation,FUEL STATION PURCHASE,389.67,debit,13955.92,False
8783019a-2,CUSTC0E2A0,2026-02-22,Healthcare,LAB TEST PAYMENT,74.6,debit,13881.32,False
3c4db860-6,CUSTC0E2A0,2026-02-26,Savings Transfer,INTERNAL XFER - SAVINGS,1232.23,debit,12649.09,False
4b8a3b02-b,CUSTC0E2A0,2026-02-27,Groceries,SPINNEYS #973,309.22,debit,12339.87,False
13c78ebf-f,CUSTC0E2A0,2026-02-27,Healthcare,CLINIC VISIT FEE,223.18,debit,12116.69,False
6a582279-6,CUSTC0E2A0,2026-03-01,Salary,MONTHLY SALARY CREDIT,13800.0,credit,25916.69,False
d41209ba-0,CUSTC0E2A0,2026-03-01,Transportation,UBER *TRIP 971,232.18,debit,25684.51,False
7e1e8d02-d,CUSTC0E2A0,2026-03-03,Shopping,AMAZON.EG ORDER,16.15,debit,25668.36,False
35a7a0e1-4,CUSTC0E2A0,2026-03-04,Transportation,UBER *TRIP 457,293.11,debit,25375.25,False
fdd26965-0,CUSTC0E2A0,2026-03-04,Entertainment,GAMING STORE PURCHASE,107.8,debit,25267.45,False
eb74ad75-b,CUSTC0E2A0,2026-03-05,Rent/Installment,ACH DEBIT - RENT PAYMENT,3710.32,debit,21557.13,False
6ca10e97-0,CUSTC0E2A0,2026-03-05,Dining/Restaurants,MCDONALDS #812,701.24,debit,20855.89,False
68fe1f9b-b,CUSTC0E2A0,2026-03-05,Healthcare,PHARMACY PURCHASE,147.27,debit,20708.62,False
8d6f4244-b,CUSTC0E2A0,2026-03-07,Dining/Restaurants,MCDONALDS #157,149.69,debit,20558.93,False
93699e4d-0,CUSTC0E2A0,2026-03-07,Savings Transfer,INTERNAL XFER - SAVINGS,77.35,debit,20481.58,False
812071c9-6,CUSTC0E2A0,2026-03-08,Savings Transfer,INTERNAL XFER - SAVINGS,206.5,debit,20275.08,False
57c0fb67-1,CUSTC0E2A0,2026-03-10,Subscriptions,SPOTIFY AB,254.82,debit,20020.26,False
884435f2-6,CUSTC0E2A0,2026-03-12,Transportation,FUEL STATION PURCHASE,461.92,debit,19558.34,False
24efd7b5-9,CUSTC0E2A0,2026-03-13,Groceries,SPINNEYS #662,236.33,debit,19322.01,False
9dda747e-0,CUSTC0E2A0,2026-03-14,Entertainment,NETFLIX PPV CHARGE,246.96,debit,19075.05,False
7476ec84-e,CUSTC0E2A0,2026-03-14,Savings Transfer,TRANSFER TO SAVINGS ACCT,209.37,debit,18865.68,False
ea85e850-4,CUSTC0E2A0,2026-03-16,Utilities,WATER CO. AUTOPAY,522.93,debit,18342.75,False
932ffe97-c,CUSTC0E2A0,2026-03-16,Shopping,ONLINE STORE CHECKOUT,339.59,debit,18003.16,False
e002f8da-5,CUSTC0E2A0,2026-03-17,Savings Transfer,INTERNAL XFER - SAVINGS,249.11,debit,17754.05,False
2fabb766-8,CUSTC0E2A0,2026-03-18,Groceries,POS PURCHASE - LOCAL MARKET,1339.43,debit,16414.62,False
9e39ca89-6,CUSTC0E2A0,2026-03-18,Groceries,CARREFOUR HYPERMARKET,38.34,debit,16376.28,False
102713ac-8,CUSTC0E2A0,2026-03-19,Groceries,POS PURCHASE - LOCAL MARKET,95.7,debit,16280.58,False
38e03ca4-6,CUSTC0E2A0,2026-03-19,Shopping,MALL PURCHASE - POS,179.25,debit,16101.33,False
de193122-5,CUSTC0E2A0,2026-03-19,Savings Transfer,INTERNAL XFER - SAVINGS,922.69,debit,15178.64,False
f7c4bba9-a,CUSTC0E2A0,2026-03-20,Healthcare,PHARMACY PURCHASE,366.27,debit,14812.37,False
42aad018-0,CUSTC0E2A0,2026-03-28,Dining/Restaurants,CAFE PURCHASE,143.31,debit,14669.06,False
cb361303-0,CUSTC0E2A0,2026-04-01,Groceries,CARREFOUR HYPERMARKET,125.81,debit,14543.25,False
4960777c-1,CUSTC0E2A0,2026-04-02,Transportation,FUEL STATION PURCHASE,552.3,debit,13990.95,False
5aa4ae3d-b,CUSTC0E2A0,2026-04-02,Transportation,UBER *TRIP 422,329.56,debit,13661.39,False
e0a8c68c-e,CUSTC0E2A0,2026-04-03,Salary,MONTHLY SALARY CREDIT,13800.0,credit,27461.39,False
33a6b46a-a,CUSTC0E2A0,2026-04-03,Rent/Installment,Monthly Rent Transfer,4126.29,debit,23335.1,False
6cc95998-d,CUSTC0E2A0,2026-04-03,Groceries,SPINNEYS #717,157.98,debit,23177.12,False
d75fd2fc-a,CUSTC0E2A0,2026-04-05,Shopping,ONLINE STORE CHECKOUT,167.44,debit,23009.68,False
7ecda74d-3,CUSTC0E2A0,2026-04-05,Savings Transfer,INTERNAL XFER - SAVINGS,877.31,debit,22132.37,False
e25840df-5,CUSTC0E2A0,2026-04-06,Savings Transfer,INTERNAL XFER - SAVINGS,567.86,debit,21564.51,False
0c801a29-3,CUSTC0E2A0,2026-04-07,Dining/Restaurants,POS - LOCAL RESTAURANT,19.69,debit,21544.82,False
e6d01df0-0,CUSTC0E2A0,2026-04-09,Transportation,UBER *TRIP 683,29.5,debit,21515.32,False
d80731be-b,CUSTC0E2A0,2026-04-11,Healthcare,CLINIC VISIT FEE,5.0,debit,21510.32,False
5015ee73-3,CUSTC0E2A0,2026-04-14,Entertainment,GAMING STORE PURCHASE,38.88,debit,21471.44,False
1f4b598b-0,CUSTC0E2A0,2026-04-16,Savings Transfer,TRANSFER TO SAVINGS ACCT,59.09,debit,21412.35,False
5b84b056-a,CUSTC0E2A0,2026-04-17,Entertainment,CINEMA TICKET PURCHASE,241.67,debit,21170.68,False
b4f75844-7,CUSTC0E2A0,2026-04-18,Groceries,CARREFOUR HYPERMARKET,658.61,debit,20512.07,False
5f73f49a-c,CUSTC0E2A0,2026-04-20,Groceries,CARREFOUR HYPERMARKET,514.96,debit,19997.11,False
8692cb9f-0,CUSTC0E2A0,2026-04-20,Savings Transfer,TRANSFER TO SAVINGS ACCT,79.1,debit,19918.01,False
8744cbd7-1,CUSTC0E2A0,2026-04-21,Utilities,WATER CO. AUTOPAY,518.68,debit,19399.33,False
ad1246c2-3,CUSTC0E2A0,2026-04-21,Shopping,AMAZON.EG ORDER,409.69,debit,18989.64,False
eb719815-d,CUSTC0E2A0,2026-04-21,Savings Transfer,INTERNAL XFER - SAVINGS,393.61,debit,18596.03,False
fa2c5043-8,CUSTC0E2A0,2026-04-24,Healthcare,LAB TEST PAYMENT,280.58,debit,18315.45,False
991579cc-9,CUSTC0E2A0,2026-04-25,Dining/Restaurants,POS - LOCAL RESTAURANT,992.17,debit,17323.28,False
404967ca-d,CUSTC0E2A0,2026-04-25,Healthcare,CLINIC VISIT FEE,275.08,debit,17048.2,False
c64a833f-e,CUSTC0E2A0,2026-04-26,Entertainment,NETFLIX PPV CHARGE,118.72,debit,16929.48,False
c49aa9b5-9,CUSTC0E2A0,2026-04-26,Subscriptions,GYM MEMBERSHIP AUTOPAY,272.91,debit,16656.57,False
ac0b9b73-5,CUSTC0E2A0,2026-05-02,Salary,MONTHLY SALARY CREDIT,13800.0,credit,30456.57,False
c61461ce-4,CUSTC0E2A0,2026-05-02,Groceries,SPINNEYS #979,203.84,debit,30252.73,False
e9281f47-3,CUSTC0E2A0,2026-05-02,Shopping,MALL PURCHASE - POS,172.69,debit,30080.04,True
86afe559-8,CUSTC0E2A0,2026-05-03,Groceries,POS PURCHASE - LOCAL MARKET,575.02,debit,29505.02,False
183ac147-8,CUSTC0E2A0,2026-05-05,Shopping,ONLINE STORE CHECKOUT,218.15,debit,29286.87,True
06bc45a1-b,CUSTC0E2A0,2026-05-06,Savings Transfer,TRANSFER TO SAVINGS ACCT,1569.14,debit,27717.73,False
83dc0ccd-3,CUSTC0E2A0,2026-05-08,Dining/Restaurants,POS - LOCAL RESTAURANT,1665.61,debit,26052.12,True
1d7640f3-5,CUSTC0E2A0,2026-05-09,Subscriptions,GYM MEMBERSHIP AUTOPAY,249.52,debit,25802.6,False
0fa87a58-a,CUSTC0E2A0,2026-05-11,Entertainment,CINEMA TICKET PURCHASE,80.53,debit,25722.07,True
bb5bed8f-0,CUSTC0E2A0,2026-05-12,Rent/Installment,ACH DEBIT - RENT PAYMENT,4103.19,debit,21618.88,False
363b1d07-5,CUSTC0E2A0,2026-05-13,Groceries,SPINNEYS #977,27.1,debit,21591.78,False
55311d5c-4,CUSTC0E2A0,2026-05-13,Entertainment,NETFLIX PPV CHARGE,895.12,debit,20696.66,True
e556200f-f,CUSTC0E2A0,2026-05-14,Savings Transfer,INTERNAL XFER - SAVINGS,159.83,debit,20536.83,False
bd74fdc0-0,CUSTC0E2A0,2026-05-15,Utilities,WATER CO. AUTOPAY,561.51,debit,19975.32,False
28734747-f,CUSTC0E2A0,2026-05-15,Dining/Restaurants,CAFE PURCHASE,427.03,debit,19548.29,True
a300c4bf-1,CUSTC0E2A0,2026-05-16,Shopping,AMAZON.EG ORDER,769.84,debit,18778.45,True
eb4ae5d8-b,CUSTC0E2A0,2026-05-17,Groceries,POS PURCHASE - LOCAL MARKET,134.11,debit,18644.34,False
d6eceb37-4,CUSTC0E2A0,2026-05-17,Healthcare,PHARMACY PURCHASE,1006.46,debit,17637.88,True
eed88ce2-0,CUSTC0E2A0,2026-05-19,Shopping,AMAZON.EG ORDER,649.24,debit,16988.64,True
adca7936-7,CUSTC0E2A0,2026-05-21,Transportation,UBER *TRIP 858,597.25,debit,16391.39,False
38e47f1f-a,CUSTC0E2A0,2026-05-22,Groceries,CARREFOUR HYPERMARKET,704.23,debit,15687.16,False
8c1144a3-4,CUSTC0E2A0,2026-05-22,Dining/Restaurants,MCDONALDS #457,828.8,debit,14858.36,True
4f4f214d-3,CUSTC0E2A0,2026-05-23,Transportation,FUEL STATION PURCHASE,365.11,debit,14493.25,False
a0b56a26-4,CUSTC0E2A0,2026-05-23,Healthcare,CLINIC VISIT FEE,427.93,debit,14065.32,True
6f4d44d9-0,CUSTC0E2A0,2026-05-28,Shopping,AMAZON.EG ORDER,98.2,debit,13967.12,True
f14f935b-1,CUSTC0E2A0,2026-06-01,Entertainment,NETFLIX PPV CHARGE,6.98,debit,13960.14,False
7794638a-1,CUSTC0E2A0,2026-06-02,Salary,MONTHLY SALARY CREDIT,13800.0,credit,27760.14,False
17f26791-9,CUSTC0E2A0,2026-06-14,Shopping,MALL PURCHASE - POS,222.69,debit,27537.45,False
505c5d0c-9,CUSTC0E2A0,2026-06-14,Healthcare,PHARMACY PURCHASE,300.27,debit,27237.18,False
5c5a8f15-c,CUSTC0E2A0,2026-06-15,Shopping,MALL PURCHASE - POS,34.5,debit,27202.68,False
bcc5e5e1-a,CUSTC0E2A0,2026-06-17,Transportation,FUEL STATION PURCHASE,192.03,debit,27010.65,False
1fa190dd-9,CUSTC0E2A0,2026-06-18,Dining/Restaurants,MCDONALDS #715,920.39,debit,26090.26,False
ca37e311-2,CUSTC0E2A0,2026-06-18,Shopping,ONLINE STORE CHECKOUT,6.53,debit,26083.73,False
57acf95f-c,CUSTC0E2A0,2026-06-19,Entertainment,CINEMA TICKET PURCHASE,343.18,debit,25740.55,False
121c0a7f-a,CUSTC0E2A0,2026-06-20,Groceries,CARREFOUR HYPERMARKET,123.02,debit,25617.53,False
f136146b-9,CUSTC0E2A0,2026-06-20,Subscriptions,NETFLIX.COM SUBSCRIPTION,242.44,debit,25375.09,False
66fb7dfd-d,CUSTC0E2A0,2026-06-23,Rent/Installment,ACH DEBIT - RENT PAYMENT,4021.55,debit,21353.54,False
1ba55865-b,CUSTC0E2A0,2026-06-23,Utilities,Internet Bill - NBE,523.15,debit,20830.39,False
1e479d93-7,CUSTC0E2A0,2026-06-23,Shopping,ONLINE STORE CHECKOUT,95.1,debit,20735.29,False
eab1d2a3-9,CUSTC0E2A0,2026-06-24,Groceries,SPINNEYS #114,524.98,debit,20210.31,False
f0875e1e-7,CUSTC0E2A0,2026-06-24,Dining/Restaurants,MCDONALDS #530,34.85,debit,20175.46,False
1fb7b20d-a,CUSTC0E2A0,2026-06-25,Shopping,MALL PURCHASE - POS,194.68,debit,19980.78,False
6127c68d-c,CUSTC0E2A0,2026-06-25,Healthcare,LAB TEST PAYMENT,186.97,debit,19793.81,False
906f378c-f,CUSTC0E2A0,2026-06-25,Savings Transfer,INTERNAL XFER - SAVINGS,629.65,debit,19164.16,False
ebb374b9-2,CUSTC0E2A0,2026-06-26,Transportation,FUEL STATION PURCHASE,331.96,debit,18832.2,False
a145b975-d,CUSTC0E2A0,2026-06-27,Groceries,POS PURCHASE - LOCAL MARKET,933.09,debit,17899.11,False
67aa3dfc-0,CUSTC0E2A0,2026-06-27,Transportation,UBER *TRIP 749,525.16,debit,17373.95,False
27cc8f83-f,CUSTC0E2A0,2026-06-27,Entertainment,CINEMA TICKET PURCHASE,10.18,debit,17363.77,False
8dc0391f-3,CUSTC0E2A0,2026-06-28,Savings Transfer,INTERNAL XFER - SAVINGS,1265.22,debit,16098.55,False
0c360a87-0,CUSTEBAC93,2026-01-01,Utilities,WATER CO. AUTOPAY,553.38,debit,2935.13,False
f6a276d9-9,CUSTEBAC93,2026-01-01,Dining/Restaurants,CAFE PURCHASE,160.55,debit,2774.58,False
2932dc2e-d,CUSTEBAC93,2026-01-01,Shopping,MALL PURCHASE - POS,474.25,debit,2300.33,False
ed9bf79f-5,CUSTEBAC93,2026-01-01,Savings Transfer,TRANSFER TO SAVINGS ACCT,313.11,debit,1987.22,False
3151efd2-d,CUSTEBAC93,2026-01-03,Salary,MONTHLY SALARY CREDIT,13200.0,credit,15187.22,False
162f6bec-4,CUSTEBAC93,2026-01-03,Entertainment,NETFLIX PPV CHARGE,46.87,debit,15140.35,False
df085c54-c,CUSTEBAC93,2026-01-06,Transportation,CAREEM RIDE,17.26,debit,15123.09,False
9756acea-6,CUSTEBAC93,2026-01-06,Dining/Restaurants,MCDONALDS #768,172.37,debit,14950.72,False
9d33466d-9,CUSTEBAC93,2026-01-07,Groceries,POS PURCHASE - LOCAL MARKET,161.22,debit,14789.5,False
38eafcc5-b,CUSTEBAC93,2026-01-10,Dining/Restaurants,MCDONALDS #648,260.9,debit,14528.6,False
f420cb1d-7,CUSTEBAC93,2026-01-10,Entertainment,NETFLIX PPV CHARGE,118.64,debit,14409.96,False
5e4f55a7-7,CUSTEBAC93,2026-01-11,Groceries,SPINNEYS #274,840.66,debit,13569.3,False
78b8879e-5,CUSTEBAC93,2026-01-12,Healthcare,CLINIC VISIT FEE,16.12,debit,13553.18,False
52b4c920-5,CUSTEBAC93,2026-01-14,Groceries,CARREFOUR HYPERMARKET,360.07,debit,13193.11,False
c30bb8bd-5,CUSTEBAC93,2026-01-14,Transportation,UBER *TRIP 201,132.37,debit,13060.74,False
62de9908-7,CUSTEBAC93,2026-01-14,Shopping,MALL PURCHASE - POS,617.64,debit,12443.1,False
b646d493-9,CUSTEBAC93,2026-01-15,Dining/Restaurants,CAFE PURCHASE,527.61,debit,11915.49,False
6868fb2e-4,CUSTEBAC93,2026-01-18,Dining/Restaurants,MCDONALDS #685,13.09,debit,11902.4,False
84f09746-8,CUSTEBAC93,2026-01-18,Healthcare,PHARMACY PURCHASE,192.83,debit,11709.57,False
c715bf56-a,CUSTEBAC93,2026-01-20,Entertainment,CINEMA TICKET PURCHASE,80.11,debit,11629.46,False
7b5e1e7f-d,CUSTEBAC93,2026-01-21,Transportation,FUEL STATION PURCHASE,294.81,debit,11334.65,False
8e81253f-b,CUSTEBAC93,2026-01-21,Entertainment,CINEMA TICKET PURCHASE,198.2,debit,11136.45,False
94a3248c-a,CUSTEBAC93,2026-01-21,Shopping,AMAZON.EG ORDER,121.64,debit,11014.81,False
2dec1fcc-6,CUSTEBAC93,2026-01-22,Rent/Installment,Home Loan Installment - AUTOPAY,4326.38,debit,6688.43,False
092c3df2-6,CUSTEBAC93,2026-01-25,Savings Transfer,TRANSFER TO SAVINGS ACCT,1310.5,debit,5377.93,False
9139a2e3-d,CUSTEBAC93,2026-01-26,Transportation,UBER *TRIP 616,261.79,debit,5116.14,False
49b6ed04-5,CUSTEBAC93,2026-01-26,Subscriptions,NETFLIX.COM SUBSCRIPTION,255.81,debit,4860.33,False
f6b028d4-7,CUSTEBAC93,2026-01-27,Groceries,CARREFOUR HYPERMARKET,257.93,debit,4602.4,False
5a1435e5-e,CUSTEBAC93,2026-01-27,Transportation,FUEL STATION PURCHASE,55.77,debit,4546.63,False
27a36914-2,CUSTEBAC93,2026-01-28,Entertainment,CINEMA TICKET PURCHASE,277.01,debit,4269.62,False
e9c3e4c5-6,CUSTEBAC93,2026-01-28,Healthcare,PHARMACY PURCHASE,357.63,debit,3911.99,False
caa7ea0f-3,CUSTEBAC93,2026-02-01,Salary,MONTHLY SALARY CREDIT,13200.0,credit,17111.99,False
80ec5889-0,CUSTEBAC93,2026-02-01,Rent/Installment,Home Loan Installment - NBE,4882.57,debit,12229.42,False
95dc1476-8,CUSTEBAC93,2026-02-02,Healthcare,CLINIC VISIT FEE,30.06,debit,12199.36,False
87135e90-8,CUSTEBAC93,2026-02-02,Savings Transfer,TRANSFER TO SAVINGS ACCT,140.77,debit,12058.59,False
e2b3224d-f,CUSTEBAC93,2026-02-03,Entertainment,CINEMA TICKET PURCHASE,199.67,debit,11858.92,False
4abcf610-9,CUSTEBAC93,2026-02-04,Transportation,FUEL STATION PURCHASE,43.96,debit,11814.96,False
48356c85-c,CUSTEBAC93,2026-02-04,Entertainment,CINEMA TICKET PURCHASE,134.42,debit,11680.54,False
9caec332-7,CUSTEBAC93,2026-02-04,Healthcare,CLINIC VISIT FEE,89.87,debit,11590.67,False
b5deddd4-7,CUSTEBAC93,2026-02-07,Shopping,AMAZON.EG ORDER,248.7,debit,11341.97,False
8edecf58-5,CUSTEBAC93,2026-02-08,Shopping,ONLINE STORE CHECKOUT,216.2,debit,11125.77,False
87c94385-d,CUSTEBAC93,2026-02-09,Dining/Restaurants,CAFE PURCHASE,543.77,debit,10582.0,False
1342c88e-7,CUSTEBAC93,2026-02-10,Transportation,UBER *TRIP 913,631.4,debit,9950.6,False
ecbd5cc4-0,CUSTEBAC93,2026-02-10,Shopping,ONLINE STORE CHECKOUT,109.01,debit,9841.59,False
402c2432-6,CUSTEBAC93,2026-02-10,Savings Transfer,TRANSFER TO SAVINGS ACCT,1452.48,debit,8389.11,False
c2853542-d,CUSTEBAC93,2026-02-11,Dining/Restaurants,CAFE PURCHASE,365.96,debit,8023.15,False
bb540df3-2,CUSTEBAC93,2026-02-11,Healthcare,LAB TEST PAYMENT,179.02,debit,7844.13,False
d55c3bc4-c,CUSTEBAC93,2026-02-12,Dining/Restaurants,POS - LOCAL RESTAURANT,17.09,debit,7827.04,False
31ef2def-d,CUSTEBAC93,2026-02-12,Entertainment,CINEMA TICKET PURCHASE,289.13,debit,7537.91,False
5dcb18f8-e,CUSTEBAC93,2026-02-13,Dining/Restaurants,POS - LOCAL RESTAURANT,217.95,debit,7319.96,False
7cfe391e-7,CUSTEBAC93,2026-02-14,Entertainment,CINEMA TICKET PURCHASE,80.71,debit,7239.25,False
28d2d6eb-6,CUSTEBAC93,2026-02-15,Dining/Restaurants,MCDONALDS #134,202.29,debit,7036.96,False
8c513e1c-5,CUSTEBAC93,2026-02-18,Groceries,POS PURCHASE - LOCAL MARKET,621.41,debit,6415.55,False
ca020b99-2,CUSTEBAC93,2026-02-19,Healthcare,PHARMACY PURCHASE,306.29,debit,6109.26,False
99fc987e-b,CUSTEBAC93,2026-02-21,Subscriptions,SPOTIFY AB,216.38,debit,5892.88,False
4585a7ac-9,CUSTEBAC93,2026-02-23,Utilities,ELECTRICITY BILL PMT,490.28,debit,5402.6,False
e37612c2-3,CUSTEBAC93,2026-02-23,Shopping,ONLINE STORE CHECKOUT,437.44,debit,4965.16,False
f2cc4ae9-6,CUSTEBAC93,2026-02-24,Groceries,SPINNEYS #546,1161.42,debit,3803.74,False
836242b8-0,CUSTEBAC93,2026-02-28,Transportation,FUEL STATION PURCHASE,166.61,debit,3637.13,False
2934b90c-a,CUSTEBAC93,2026-03-01,Salary,MONTHLY SALARY CREDIT,13200.0,credit,16837.13,False
b4e744f2-3,CUSTEBAC93,2026-03-01,Groceries,CARREFOUR HYPERMARKET,353.56,debit,16483.57,False
a268aa62-6,CUSTEBAC93,2026-03-01,Transportation,FUEL STATION PURCHASE,16.93,debit,16466.64,False
d397f7ef-7,CUSTEBAC93,2026-03-04,Rent/Installment,Home Loan Installment - AUTOPAY,4132.7,debit,12333.94,False
814709c3-2,CUSTEBAC93,2026-03-04,Groceries,SPINNEYS #732,454.89,debit,11879.05,False
190160a2-4,CUSTEBAC93,2026-03-05,Groceries,CARREFOUR HYPERMARKET,916.0,debit,10963.05,False
34fcca2f-6,CUSTEBAC93,2026-03-05,Savings Transfer,TRANSFER TO SAVINGS ACCT,454.8,debit,10508.25,False
dc3590cd-5,CUSTEBAC93,2026-03-07,Healthcare,CLINIC VISIT FEE,200.61,debit,10307.64,False
76abda89-7,CUSTEBAC93,2026-03-07,Savings Transfer,TRANSFER TO SAVINGS ACCT,349.33,debit,9958.31,False
0e967e93-3,CUSTEBAC93,2026-03-09,Transportation,UBER *TRIP 213,653.24,debit,9305.07,False
7675a921-c,CUSTEBAC93,2026-03-09,Dining/Restaurants,CAFE PURCHASE,990.6,debit,8314.47,False
e4779c8d-1,CUSTEBAC93,2026-03-09,Shopping,MALL PURCHASE - POS,669.61,debit,7644.86,False
c48ad126-9,CUSTEBAC93,2026-03-12,Savings Transfer,INTERNAL XFER - SAVINGS,207.4,debit,7437.46,False
efc3fc23-b,CUSTEBAC93,2026-03-15,Groceries,SPINNEYS #969,85.18,debit,7352.28,False
92236ad5-3,CUSTEBAC93,2026-03-16,Shopping,AMAZON.EG ORDER,96.62,debit,7255.66,False
8bdae95b-2,CUSTEBAC93,2026-03-16,Healthcare,PHARMACY PURCHASE,49.42,debit,7206.24,False
ef012aa6-3,CUSTEBAC93,2026-03-17,Savings Transfer,TRANSFER TO SAVINGS ACCT,446.98,debit,6759.26,False
29e5e21b-7,CUSTEBAC93,2026-03-22,Healthcare,PHARMACY PURCHASE,407.64,debit,6351.62,False
00a51b21-8,CUSTEBAC93,2026-03-23,Dining/Restaurants,CAFE PURCHASE,354.83,debit,5996.79,False
8a42b4ae-4,CUSTEBAC93,2026-03-25,Utilities,WATER CO. AUTOPAY,510.74,debit,5486.05,False
314e7e47-2,CUSTEBAC93,2026-03-25,Shopping,MALL PURCHASE - POS,392.49,debit,5093.56,False
edadcc9f-e,CUSTEBAC93,2026-03-26,Transportation,CAREEM RIDE,137.45,debit,4956.11,False
8af087e2-a,CUSTEBAC93,2026-03-27,Subscriptions,NETFLIX.COM SUBSCRIPTION,229.54,debit,4726.57,False
527c12bb-a,CUSTEBAC93,2026-03-28,Entertainment,CINEMA TICKET PURCHASE,88.54,debit,4638.03,False
706549a7-a,CUSTEBAC93,2026-03-28,Entertainment,NETFLIX PPV CHARGE,612.58,debit,4025.45,False
08fc2495-1,CUSTEBAC93,2026-04-01,Salary,MONTHLY SALARY CREDIT,13200.0,credit,17225.45,False
7129c7e0-0,CUSTEBAC93,2026-04-02,Transportation,UBER *TRIP 689,61.89,debit,17163.56,False
64ab661f-d,CUSTEBAC93,2026-04-04,Utilities,Internet Bill - NBE,497.11,debit,16666.45,False
1f60866a-4,CUSTEBAC93,2026-04-04,Transportation,FUEL STATION PURCHASE,9.66,debit,16656.79,False
6dd9e98b-3,CUSTEBAC93,2026-04-05,Entertainment,CINEMA TICKET PURCHASE,369.39,debit,16287.4,False
46579100-0,CUSTEBAC93,2026-04-05,Healthcare,PHARMACY PURCHASE,106.5,debit,16180.9,False
eeed2658-6,CUSTEBAC93,2026-04-06,Entertainment,CINEMA TICKET PURCHASE,123.01,debit,16057.89,False
f7db3146-1,CUSTEBAC93,2026-04-08,Transportation,UBER *TRIP 324,5.0,debit,16052.89,False
3ad9231e-9,CUSTEBAC93,2026-04-08,Transportation,UBER *TRIP 644,546.53,debit,15506.36,False
60992646-d,CUSTEBAC93,2026-04-09,Groceries,CARREFOUR HYPERMARKET,46.21,debit,15460.15,False
a17d03ab-5,CUSTEBAC93,2026-04-09,Dining/Restaurants,POS - LOCAL RESTAURANT,119.49,debit,15340.66,False
95377dba-6,CUSTEBAC93,2026-04-09,Healthcare,LAB TEST PAYMENT,104.81,debit,15235.85,False
4ab2a551-3,CUSTEBAC93,2026-04-10,Dining/Restaurants,CAFE PURCHASE,403.42,debit,14832.43,False
45ed7833-9,CUSTEBAC93,2026-04-10,Savings Transfer,INTERNAL XFER - SAVINGS,1247.18,debit,13585.25,False
13cb306a-a,CUSTEBAC93,2026-04-11,Groceries,CARREFOUR HYPERMARKET,338.23,debit,13247.02,False
0158e689-5,CUSTEBAC93,2026-04-12,Groceries,SPINNEYS #317,256.11,debit,12990.91,False
06d97fbf-3,CUSTEBAC93,2026-04-12,Groceries,CARREFOUR HYPERMARKET,546.54,debit,12444.37,False
0a1e866f-c,CUSTEBAC93,2026-04-13,Groceries,POS PURCHASE - LOCAL MARKET,429.34,debit,12015.03,False
164b5176-a,CUSTEBAC93,2026-04-14,Entertainment,NETFLIX PPV CHARGE,230.18,debit,11784.85,False
ddc63ed3-8,CUSTEBAC93,2026-04-16,Shopping,ONLINE STORE CHECKOUT,1017.82,debit,10767.03,False
682b1e3a-8,CUSTEBAC93,2026-04-16,Subscriptions,NETFLIX.COM SUBSCRIPTION,254.15,debit,10512.88,False
5e3b09bc-9,CUSTEBAC93,2026-04-16,Healthcare,LAB TEST PAYMENT,197.39,debit,10315.49,False
a8041a4d-d,CUSTEBAC93,2026-04-17,Dining/Restaurants,CAFE PURCHASE,142.1,debit,10173.39,False
064e5e4c-3,CUSTEBAC93,2026-04-20,Transportation,CAREEM RIDE,133.33,debit,10040.06,False
da166f7f-3,CUSTEBAC93,2026-04-24,Dining/Restaurants,MCDONALDS #196,171.74,debit,9868.32,False
eb1bba25-6,CUSTEBAC93,2026-04-25,Shopping,AMAZON.EG ORDER,209.54,debit,9658.78,False
e50b3ba1-1,CUSTEBAC93,2026-04-26,Dining/Restaurants,MCDONALDS #455,342.78,debit,9316.0,False
39ab81c8-d,CUSTEBAC93,2026-04-26,Healthcare,LAB TEST PAYMENT,227.87,debit,9088.13,False
3a8d8751-a,CUSTEBAC93,2026-04-28,Rent/Installment,Monthly Rent Transfer,4690.55,debit,4397.58,False
34c7a265-7,CUSTEBAC93,2026-04-28,Savings Transfer,INTERNAL XFER - SAVINGS,259.53,debit,4138.05,False
f4f7b6bf-9,CUSTEBAC93,2026-05-01,Transportation,CAREEM RIDE,527.99,debit,3610.06,False
64c6e13f-9,CUSTEBAC93,2026-05-02,Dining/Restaurants,POS - LOCAL RESTAURANT,589.1,debit,3020.96,False
489c67ae-7,CUSTEBAC93,2026-05-03,Salary,MONTHLY SALARY CREDIT,13200.0,credit,16220.96,False
04e41605-4,CUSTEBAC93,2026-05-04,Healthcare,PHARMACY PURCHASE,284.01,debit,15936.95,False
854cb7b7-2,CUSTEBAC93,2026-05-05,Entertainment,GAMING STORE PURCHASE,457.89,debit,15479.06,False
cf47f30a-e,CUSTEBAC93,2026-05-05,Savings Transfer,INTERNAL XFER - SAVINGS,58.85,debit,15420.21,False
78baff8c-6,CUSTEBAC93,2026-05-06,Groceries,SPINNEYS #795,624.2,debit,14796.01,False
e6cbb677-a,CUSTEBAC93,2026-05-09,Groceries,SPINNEYS #295,73.27,debit,14722.74,False
047eb1eb-5,CUSTEBAC93,2026-05-09,Subscriptions,NETFLIX.COM SUBSCRIPTION,249.15,debit,14473.59,False
e39802b5-6,CUSTEBAC93,2026-05-10,Transportation,FUEL STATION PURCHASE,130.22,debit,14343.37,False
fd395c75-d,CUSTEBAC93,2026-05-10,Dining/Restaurants,CAFE PURCHASE,17.96,debit,14325.41,False
3171ab04-c,CUSTEBAC93,2026-05-10,Dining/Restaurants,CAFE PURCHASE,230.58,debit,14094.83,False
f572054b-a,CUSTEBAC93,2026-05-11,Groceries,SPINNEYS #703,341.25,debit,13753.58,False
2a7e6d71-6,CUSTEBAC93,2026-05-12,Dining/Restaurants,CAFE PURCHASE,284.81,debit,13468.77,False
7678a5bf-e,CUSTEBAC93,2026-05-13,Shopping,AMAZON.EG ORDER,252.74,debit,13216.03,False
bfdcbc50-5,CUSTEBAC93,2026-05-14,Shopping,ONLINE STORE CHECKOUT,296.97,debit,12919.06,False
d0af7332-4,CUSTEBAC93,2026-05-15,Transportation,FUEL STATION PURCHASE,30.5,debit,12888.56,False
015d78dd-3,CUSTEBAC93,2026-05-16,Dining/Restaurants,POS - LOCAL RESTAURANT,29.21,debit,12859.35,False
0f4e0d85-a,CUSTEBAC93,2026-05-18,Healthcare,PHARMACY PURCHASE,50.53,debit,12808.82,False
21477168-a,CUSTEBAC93,2026-05-18,Savings Transfer,INTERNAL XFER - SAVINGS,74.62,debit,12734.2,False
ad57f2fe-a,CUSTEBAC93,2026-05-19,Transportation,CAREEM RIDE,96.56,debit,12637.64,False
0cf39c75-b,CUSTEBAC93,2026-05-19,Entertainment,CINEMA TICKET PURCHASE,184.14,debit,12453.5,False
2745548f-8,CUSTEBAC93,2026-05-19,Savings Transfer,INTERNAL XFER - SAVINGS,688.8,debit,11764.7,False
8d4757c9-6,CUSTEBAC93,2026-05-20,Shopping,MALL PURCHASE - POS,139.73,debit,11624.97,False
1fabc4b2-7,CUSTEBAC93,2026-05-20,Savings Transfer,INTERNAL XFER - SAVINGS,663.75,debit,10961.22,False
007fa2f3-2,CUSTEBAC93,2026-05-21,Rent/Installment,ACH DEBIT - RENT PAYMENT,4539.56,debit,6421.66,False
a745787d-5,CUSTEBAC93,2026-05-21,Groceries,CARREFOUR HYPERMARKET,314.32,debit,6107.34,False
48ba9a6b-3,CUSTEBAC93,2026-05-22,Utilities,ELECTRICITY BILL PMT,572.95,debit,5534.39,False
a69db3d7-1,CUSTEBAC93,2026-05-22,Groceries,POS PURCHASE - LOCAL MARKET,268.49,debit,5265.9,False
9c25c2fe-5,CUSTEBAC93,2026-05-23,Healthcare,CLINIC VISIT FEE,36.4,debit,5229.5,False
278533be-e,CUSTEBAC93,2026-05-23,Healthcare,CLINIC VISIT FEE,219.43,debit,5010.07,False
39093961-a,CUSTEBAC93,2026-05-25,Savings Transfer,INTERNAL XFER - SAVINGS,40.33,debit,4969.74,False
6acd6043-3,CUSTEBAC93,2026-05-26,Shopping,ONLINE STORE CHECKOUT,326.68,debit,4643.06,False
58e7d744-c,CUSTEBAC93,2026-06-01,Transportation,CAREEM RIDE,219.72,debit,4423.34,False
232b68d3-2,CUSTEBAC93,2026-06-02,Salary,MONTHLY SALARY CREDIT,13200.0,credit,17623.34,False
50353e63-e,CUSTEBAC93,2026-06-02,Shopping,ONLINE STORE CHECKOUT,329.94,debit,17293.4,False
04809069-5,CUSTEBAC93,2026-06-02,Subscriptions,SPOTIFY AB,242.16,debit,17051.24,False
fb56d565-7,CUSTEBAC93,2026-06-04,Groceries,POS PURCHASE - LOCAL MARKET,1030.91,debit,16020.33,False
a81af8ee-7,CUSTEBAC93,2026-06-04,Dining/Restaurants,POS - LOCAL RESTAURANT,89.64,debit,15930.69,False
f8392ca7-4,CUSTEBAC93,2026-06-05,Transportation,FUEL STATION PURCHASE,503.21,debit,15427.48,False
176a491d-f,CUSTEBAC93,2026-06-06,Dining/Restaurants,MCDONALDS #961,1017.77,debit,14409.71,False
52e0983f-e,CUSTEBAC93,2026-06-06,Entertainment,CINEMA TICKET PURCHASE,283.86,debit,14125.85,False
4d3b8ea2-5,CUSTEBAC93,2026-06-06,Healthcare,LAB TEST PAYMENT,336.79,debit,13789.06,False
bad0a867-3,CUSTEBAC93,2026-06-07,Transportation,UBER *TRIP 168,7.3,debit,13781.76,False
cfe26672-9,CUSTEBAC93,2026-06-09,Utilities,Internet Bill - AUTOPAY,490.41,debit,13291.35,False
62b6286e-a,CUSTEBAC93,2026-06-10,Shopping,MALL PURCHASE - POS,309.76,debit,12981.59,False
1c445a92-d,CUSTEBAC93,2026-06-11,Savings Transfer,INTERNAL XFER - SAVINGS,113.26,debit,12868.33,False
6536cbfc-a,CUSTEBAC93,2026-06-13,Shopping,AMAZON.EG ORDER,334.43,debit,12533.9,False
19633020-7,CUSTEBAC93,2026-06-14,Shopping,MALL PURCHASE - POS,117.13,debit,12416.77,False
60feed43-4,CUSTEBAC93,2026-06-15,Healthcare,LAB TEST PAYMENT,12.34,debit,12404.43,False
8c7459fa-b,CUSTEBAC93,2026-06-16,Entertainment,NETFLIX PPV CHARGE,146.49,debit,12257.94,False
ab900513-9,CUSTEBAC93,2026-06-16,Savings Transfer,INTERNAL XFER - SAVINGS,100.96,debit,12156.98,False
25c3c188-5,CUSTEBAC93,2026-06-17,Groceries,POS PURCHASE - LOCAL MARKET,228.17,debit,11928.81,False
aa0675b6-4,CUSTEBAC93,2026-06-17,Dining/Restaurants,POS - LOCAL RESTAURANT,28.0,debit,11900.81,False
9a5ef07a-e,CUSTEBAC93,2026-06-17,Healthcare,PHARMACY PURCHASE,187.23,debit,11713.58,False
646ca742-c,CUSTEBAC93,2026-06-17,Healthcare,CLINIC VISIT FEE,54.66,debit,11658.92,False
9c9090d1-a,CUSTEBAC93,2026-06-17,Savings Transfer,INTERNAL XFER - SAVINGS,124.55,debit,11534.37,False
04f604aa-d,CUSTEBAC93,2026-06-18,Groceries,POS PURCHASE - LOCAL MARKET,247.38,debit,11286.99,False
9740178f-9,CUSTEBAC93,2026-06-21,Healthcare,LAB TEST PAYMENT,85.14,debit,11201.85,False
29724613-8,CUSTEBAC93,2026-06-22,Entertainment,CINEMA TICKET PURCHASE,121.33,debit,11080.52,False
85c9b45c-a,CUSTEBAC93,2026-06-22,Entertainment,CINEMA TICKET PURCHASE,92.37,debit,10988.15,False
9883d7a8-a,CUSTEBAC93,2026-06-22,Savings Transfer,TRANSFER TO SAVINGS ACCT,1141.32,debit,9846.83,False
f91c9c5c-5,CUSTEBAC93,2026-06-23,Groceries,CARREFOUR HYPERMARKET,316.73,debit,9530.1,False
9cb85276-2,CUSTEBAC93,2026-06-24,Entertainment,GAMING STORE PURCHASE,12.5,debit,9517.6,False
cc1e2723-3,CUSTEBAC93,2026-06-28,Rent/Installment,Monthly Rent Transfer,4800.18,debit,4717.42,False
9a8ed619-f,CUST07972B,2026-01-01,Salary,MONTHLY SALARY CREDIT,21600.0,credit,34388.52,False
8b4fa098-9,CUST07972B,2026-01-02,Utilities,Internet Bill - NBE,814.6,debit,33573.92,False
87fd44d0-6,CUST07972B,2026-01-03,Savings Transfer,INTERNAL XFER - SAVINGS,887.35,debit,32686.57,False
23ec64e7-3,CUST07972B,2026-01-05,Healthcare,PHARMACY PURCHASE,1294.95,debit,31391.62,True
1bc6e4a2-d,CUST07972B,2026-01-06,Rent/Installment,Monthly Rent Transfer,6521.83,debit,24869.79,False
424d1340-1,CUST07972B,2026-01-06,Groceries,SPINNEYS #210,949.74,debit,23920.05,False
c8facb53-c,CUST07972B,2026-01-07,Transportation,UBER *TRIP 358,542.86,debit,23377.19,False
ead720e4-6,CUST07972B,2026-01-07,Transportation,FUEL STATION PURCHASE,10.53,debit,23366.66,False
0e08e9e9-6,CUST07972B,2026-01-07,Healthcare,CLINIC VISIT FEE,107.4,debit,23259.26,True
47844b6c-a,CUST07972B,2026-01-08,Shopping,ONLINE STORE CHECKOUT,1033.5,debit,22225.76,True
a37c0703-c,CUST07972B,2026-01-08,Healthcare,CLINIC VISIT FEE,1153.97,debit,21071.79,True
263b23de-4,CUST07972B,2026-01-10,Entertainment,CINEMA TICKET PURCHASE,527.24,debit,20544.55,True
440a0855-7,CUST07972B,2026-01-10,Shopping,AMAZON.EG ORDER,3073.97,debit,17470.58,True
bcc50e9f-8,CUST07972B,2026-01-11,Healthcare,LAB TEST PAYMENT,771.47,debit,16699.11,True
9092b40a-f,CUST07972B,2026-01-12,Groceries,POS PURCHASE - LOCAL MARKET,750.86,debit,15948.25,False
a9a0bb31-4,CUST07972B,2026-01-12,Entertainment,GAMING STORE PURCHASE,581.4,debit,15366.85,True
e3c3dfd2-1,CUST07972B,2026-01-12,Shopping,AMAZON.EG ORDER,1546.46,debit,13820.39,True
7ec68da2-5,CUST07972B,2026-01-15,Transportation,FUEL STATION PURCHASE,392.73,debit,13427.66,False
db154d2f-d,CUST07972B,2026-01-19,Entertainment,CINEMA TICKET PURCHASE,999.07,debit,12428.59,True
a4b5de54-8,CUST07972B,2026-01-20,Subscriptions,NETFLIX.COM SUBSCRIPTION,615.9,debit,11812.69,False
b5c94486-6,CUST07972B,2026-01-20,Savings Transfer,TRANSFER TO SAVINGS ACCT,1678.38,debit,10134.31,False
aecfdf3d-8,CUST07972B,2026-01-21,Entertainment,NETFLIX PPV CHARGE,897.09,debit,9237.22,True
8aa946a6-5,CUST07972B,2026-01-22,Dining/Restaurants,MCDONALDS #308,197.12,debit,9040.1,True
c53da791-9,CUST07972B,2026-01-25,Dining/Restaurants,POS - LOCAL RESTAURANT,7431.69,debit,1608.41,True
70fa64d2-d,CUST07972B,2026-01-26,Dining/Restaurants,MCDONALDS #105,502.3,debit,1106.11,True
d8915324-b,CUST07972B,2026-01-26,Entertainment,CINEMA TICKET PURCHASE,53.02,debit,1053.09,True
6e1c98f9-a,CUST07972B,2026-01-27,Shopping,MALL PURCHASE - POS,130.39,debit,922.7,True
af365a30-0,CUST07972B,2026-02-01,Salary,MONTHLY SALARY CREDIT,21600.0,credit,22522.7,False
d40feacd-3,CUST07972B,2026-02-02,Rent/Installment,ACH DEBIT - RENT PAYMENT,6755.59,debit,15767.11,False
425c3305-7,CUST07972B,2026-02-02,Transportation,UBER *TRIP 337,5.0,debit,15762.11,False
1d3819ee-2,CUST07972B,2026-02-02,Savings Transfer,INTERNAL XFER - SAVINGS,614.54,debit,15147.57,False
de144e7c-f,CUST07972B,2026-02-03,Entertainment,NETFLIX PPV CHARGE,92.61,debit,15054.96,False
d6304050-6,CUST07972B,2026-02-05,Dining/Restaurants,POS - LOCAL RESTAURANT,286.81,debit,14768.15,False
865eceda-c,CUST07972B,2026-02-05,Entertainment,GAMING STORE PURCHASE,518.17,debit,14249.98,False
3b03acbc-0,CUST07972B,2026-02-07,Savings Transfer,INTERNAL XFER - SAVINGS,115.88,debit,14134.1,False
ca404570-a,CUST07972B,2026-02-08,Dining/Restaurants,MCDONALDS #178,1976.07,debit,12158.03,False
47449dc3-5,CUST07972B,2026-02-08,Shopping,ONLINE STORE CHECKOUT,273.18,debit,11884.85,False
e93c8083-c,CUST07972B,2026-02-12,Transportation,UBER *TRIP 451,251.53,debit,11633.32,False
80a4cbf9-4,CUST07972B,2026-02-12,Shopping,ONLINE STORE CHECKOUT,587.24,debit,11046.08,False
70754081-a,CUST07972B,2026-02-13,Savings Transfer,INTERNAL XFER - SAVINGS,1396.92,debit,9649.16,False
e9662a4f-e,CUST07972B,2026-02-13,Savings Transfer,INTERNAL XFER - SAVINGS,288.06,debit,9361.1,False
504fcf8e-5,CUST07972B,2026-02-14,Subscriptions,GYM MEMBERSHIP AUTOPAY,582.85,debit,8778.25,False
144365a3-5,CUST07972B,2026-02-15,Transportation,UBER *TRIP 730,119.88,debit,8658.37,False
3fa2350e-0,CUST07972B,2026-02-16,Entertainment,GAMING STORE PURCHASE,5.0,debit,8653.37,False
4a84d8ac-0,CUST07972B,2026-02-17,Healthcare,PHARMACY PURCHASE,735.67,debit,7917.7,False
82222fc0-c,CUST07972B,2026-02-18,Healthcare,PHARMACY PURCHASE,61.75,debit,7855.95,False
266683c3-a,CUST07972B,2026-02-19,Transportation,UBER *TRIP 332,231.22,debit,7624.73,False
65a4e9ac-4,CUST07972B,2026-02-19,Savings Transfer,INTERNAL XFER - SAVINGS,52.54,debit,7572.19,False
141f685c-b,CUST07972B,2026-02-21,Utilities,WATER CO. AUTOPAY,752.29,debit,6819.9,False
91f17070-e,CUST07972B,2026-02-22,Entertainment,CINEMA TICKET PURCHASE,247.73,debit,6572.17,False
bd5984a7-7,CUST07972B,2026-02-23,Shopping,ONLINE STORE CHECKOUT,1079.47,debit,5492.7,False
d4b4071b-0,CUST07972B,2026-02-24,Groceries,CARREFOUR HYPERMARKET,1700.63,debit,3792.07,False
7ef3dee6-3,CUST07972B,2026-02-24,Transportation,FUEL STATION PURCHASE,265.02,debit,3527.05,False
02efc980-5,CUST07972B,2026-02-24,Healthcare,PHARMACY PURCHASE,76.9,debit,3450.15,False
f6257568-2,CUST07972B,2026-02-25,Groceries,CARREFOUR HYPERMARKET,38.6,debit,3411.55,False
88f75c59-4,CUST07972B,2026-02-28,Groceries,SPINNEYS #798,61.05,debit,3350.5,False
a0ac383a-5,CUST07972B,2026-03-01,Utilities,Internet Bill - AUTOPAY,790.66,debit,2559.84,False
b4a26ce5-a,CUST07972B,2026-03-01,Dining/Restaurants,POS - LOCAL RESTAURANT,372.89,debit,2186.95,False
d6f94212-5,CUST07972B,2026-03-01,Savings Transfer,TRANSFER TO SAVINGS ACCT,1380.58,debit,806.37,False
08870ebf-d,CUST07972B,2026-03-02,Salary,MONTHLY SALARY CREDIT,21600.0,credit,22406.37,False
c5e9de83-4,CUST07972B,2026-03-02,Transportation,FUEL STATION PURCHASE,211.39,debit,22194.98,False
73a9cd85-c,CUST07972B,2026-03-02,Shopping,AMAZON.EG ORDER,244.3,debit,21950.68,False
2d05d440-7,CUST07972B,2026-03-02,Shopping,AMAZON.EG ORDER,783.36,debit,21167.32,False
27ad9386-5,CUST07972B,2026-03-02,Savings Transfer,INTERNAL XFER - SAVINGS,345.17,debit,20822.15,False
4efd3eb0-6,CUST07972B,2026-03-03,Entertainment,NETFLIX PPV CHARGE,385.23,debit,20436.92,False
88470ae8-a,CUST07972B,2026-03-03,Healthcare,PHARMACY PURCHASE,151.28,debit,20285.64,False
d2699a4f-2,CUST07972B,2026-03-04,Dining/Restaurants,POS - LOCAL RESTAURANT,1194.88,debit,19090.76,False
02b41575-4,CUST07972B,2026-03-05,Transportation,UBER *TRIP 387,149.84,debit,18940.92,False
102de5ae-6,CUST07972B,2026-03-08,Healthcare,CLINIC VISIT FEE,832.61,debit,18108.31,False
3f7cae0a-9,CUST07972B,2026-03-09,Transportation,UBER *TRIP 355,270.32,debit,17837.99,False
3d6016dc-5,CUST07972B,2026-03-09,Entertainment,NETFLIX PPV CHARGE,396.37,debit,17441.62,False
e9518d85-2,CUST07972B,2026-03-10,Transportation,CAREEM RIDE,45.57,debit,17396.05,False
86565106-7,CUST07972B,2026-03-11,Groceries,POS PURCHASE - LOCAL MARKET,1201.06,debit,16194.99,False
cfc40f88-d,CUST07972B,2026-03-11,Dining/Restaurants,POS - LOCAL RESTAURANT,342.79,debit,15852.2,False
ce5b7612-8,CUST07972B,2026-03-11,Entertainment,CINEMA TICKET PURCHASE,161.18,debit,15691.02,False
8d11d4dc-f,CUST07972B,2026-03-13,Transportation,CAREEM RIDE,238.03,debit,15452.99,False
1d0b44aa-c,CUST07972B,2026-03-14,Groceries,SPINNEYS #901,337.97,debit,15115.02,False
c0839318-9,CUST07972B,2026-03-15,Dining/Restaurants,POS - LOCAL RESTAURANT,54.7,debit,15060.32,False
1879594d-0,CUST07972B,2026-03-17,Healthcare,CLINIC VISIT FEE,5.0,debit,15055.32,False
acccf5b2-9,CUST07972B,2026-03-18,Groceries,SPINNEYS #838,385.66,debit,14669.66,False
05b1f7f5-3,CUST07972B,2026-03-18,Healthcare,LAB TEST PAYMENT,16.19,debit,14653.47,False
c95c6400-a,CUST07972B,2026-03-20,Savings Transfer,INTERNAL XFER - SAVINGS,59.44,debit,14594.03,False
4ff3a693-8,CUST07972B,2026-03-20,Savings Transfer,TRANSFER TO SAVINGS ACCT,509.58,debit,14084.45,False
d3b94937-9,CUST07972B,2026-03-21,Savings Transfer,INTERNAL XFER - SAVINGS,112.41,debit,13972.04,False
9526fb49-e,CUST07972B,2026-03-22,Rent/Installment,Home Loan Installment - ONLINE,7126.59,debit,6845.45,False
bd5b10c9-3,CUST07972B,2026-03-23,Subscriptions,NETFLIX.COM SUBSCRIPTION,581.31,debit,6264.14,False
32808242-0,CUST07972B,2026-03-24,Groceries,CARREFOUR HYPERMARKET,107.7,debit,6156.44,False
1f2e8fdb-5,CUST07972B,2026-03-28,Shopping,MALL PURCHASE - POS,635.35,debit,5521.09,False
3141bb42-3,CUST07972B,2026-04-01,Healthcare,PHARMACY PURCHASE,822.81,debit,4698.28,False
974ac58d-7,CUST07972B,2026-04-02,Salary,MONTHLY SALARY CREDIT,21600.0,credit,26298.28,False
0102cd29-3,CUST07972B,2026-04-03,Groceries,CARREFOUR HYPERMARKET,647.39,debit,25650.89,False
3298d4f6-8,CUST07972B,2026-04-03,Savings Transfer,TRANSFER TO SAVINGS ACCT,1747.39,debit,23903.5,False
9b0cad81-7,CUST07972B,2026-04-05,Shopping,ONLINE STORE CHECKOUT,1303.54,debit,22599.96,False
7f5a1333-e,CUST07972B,2026-04-07,Utilities,WATER CO. AUTOPAY,783.12,debit,21816.84,False
3ce08919-0,CUST07972B,2026-04-09,Healthcare,LAB TEST PAYMENT,22.03,debit,21794.81,False
9084ac56-2,CUST07972B,2026-04-11,Transportation,CAREEM RIDE,347.07,debit,21447.74,False
7993431e-8,CUST07972B,2026-04-11,Shopping,MALL PURCHASE - POS,142.24,debit,21305.5,False
d50a383f-c,CUST07972B,2026-04-12,Dining/Restaurants,MCDONALDS #566,649.24,debit,20656.26,False
b91288f3-0,CUST07972B,2026-04-13,Savings Transfer,INTERNAL XFER - SAVINGS,784.89,debit,19871.37,False
f0b59688-2,CUST07972B,2026-04-14,Shopping,ONLINE STORE CHECKOUT,469.02,debit,19402.35,False
3eff2a08-7,CUST07972B,2026-04-15,Dining/Restaurants,CAFE PURCHASE,397.02,debit,19005.33,False
23453d73-2,CUST07972B,2026-04-15,Entertainment,NETFLIX PPV CHARGE,74.01,debit,18931.32,False
9311ae4b-9,CUST07972B,2026-04-17,Groceries,POS PURCHASE - LOCAL MARKET,1047.7,debit,17883.62,False
971c9068-5,CUST07972B,2026-04-17,Subscriptions,NETFLIX.COM SUBSCRIPTION,628.22,debit,17255.4,False
664524e4-0,CUST07972B,2026-04-21,Entertainment,NETFLIX PPV CHARGE,792.95,debit,16462.45,False
ce310549-0,CUST07972B,2026-04-22,Transportation,FUEL STATION PURCHASE,536.3,debit,15926.15,False
502108ee-4,CUST07972B,2026-04-24,Groceries,SPINNEYS #651,5.0,debit,15921.15,False
823580d0-6,CUST07972B,2026-04-24,Dining/Restaurants,MCDONALDS #809,929.02,debit,14992.13,False
95b95b96-0,CUST07972B,2026-04-24,Healthcare,PHARMACY PURCHASE,94.0,debit,14898.13,False
f8220352-f,CUST07972B,2026-04-25,Rent/Installment,Monthly Rent Transfer,7095.87,debit,7802.26,False
f68be2fe-f,CUST07972B,2026-05-01,Transportation,FUEL STATION PURCHASE,101.21,debit,7701.05,False
1f1a5c20-a,CUST07972B,2026-05-01,Shopping,MALL PURCHASE - POS,65.32,debit,7635.73,False
ef1e545d-b,CUST07972B,2026-05-02,Salary,MONTHLY SALARY CREDIT,21600.0,credit,29235.73,False
48992031-1,CUST07972B,2026-05-03,Healthcare,PHARMACY PURCHASE,152.83,debit,29082.9,False
948c340c-5,CUST07972B,2026-05-03,Savings Transfer,INTERNAL XFER - SAVINGS,545.85,debit,28537.05,False
8fe6a200-a,CUST07972B,2026-05-04,Healthcare,LAB TEST PAYMENT,266.77,debit,28270.28,False
3466a3a4-8,CUST07972B,2026-05-05,Dining/Restaurants,MCDONALDS #933,30.61,debit,28239.67,False
b10e0042-3,CUST07972B,2026-05-08,Rent/Installment,Monthly Rent Transfer,7359.45,debit,20880.22,False
b651c1b0-f,CUST07972B,2026-05-08,Entertainment,CINEMA TICKET PURCHASE,144.18,debit,20736.04,False
278489e7-b,CUST07972B,2026-05-09,Dining/Restaurants,CAFE PURCHASE,200.28,debit,20535.76,False
78e37e88-6,CUST07972B,2026-05-09,Entertainment,CINEMA TICKET PURCHASE,173.09,debit,20362.67,False
1eadd32d-2,CUST07972B,2026-05-10,Subscriptions,GYM MEMBERSHIP AUTOPAY,623.24,debit,19739.43,False
eb04e762-a,CUST07972B,2026-05-11,Transportation,CAREEM RIDE,8.91,debit,19730.52,False
087acb0b-6,CUST07972B,2026-05-11,Savings Transfer,INTERNAL XFER - SAVINGS,1280.52,debit,18450.0,False
435dcc3d-5,CUST07972B,2026-05-11,Savings Transfer,TRANSFER TO SAVINGS ACCT,481.84,debit,17968.16,False
d3a4f1e8-f,CUST07972B,2026-05-12,Groceries,SPINNEYS #518,141.43,debit,17826.73,False
8d2f4024-7,CUST07972B,2026-05-13,Dining/Restaurants,POS - LOCAL RESTAURANT,434.93,debit,17391.8,False
6114252b-c,CUST07972B,2026-05-15,Groceries,POS PURCHASE - LOCAL MARKET,1776.25,debit,15615.55,False
1ddf2011-9,CUST07972B,2026-05-15,Healthcare,CLINIC VISIT FEE,484.9,debit,15130.65,False
9b53dd03-9,CUST07972B,2026-05-18,Entertainment,GAMING STORE PURCHASE,446.99,debit,14683.66,False
055a23ce-4,CUST07972B,2026-05-18,Shopping,ONLINE STORE CHECKOUT,1561.79,debit,13121.87,False
a8c58285-9,CUST07972B,2026-05-20,Entertainment,CINEMA TICKET PURCHASE,106.44,debit,13015.43,False
d659fa8f-a,CUST07972B,2026-05-22,Transportation,FUEL STATION PURCHASE,21.6,debit,12993.83,False
e9f02a32-4,CUST07972B,2026-05-24,Transportation,FUEL STATION PURCHASE,244.03,debit,12749.8,False
f5c1aed5-6,CUST07972B,2026-05-24,Dining/Restaurants,MCDONALDS #540,619.14,debit,12130.66,False
8ee7e3e5-b,CUST07972B,2026-05-24,Savings Transfer,TRANSFER TO SAVINGS ACCT,145.67,debit,11984.99,False
3f64283a-7,CUST07972B,2026-05-27,Utilities,WATER CO. AUTOPAY,726.63,debit,11258.36,False
a68556bf-f,CUST07972B,2026-05-27,Transportation,FUEL STATION PURCHASE,539.74,debit,10718.62,False
c5abc7d9-1,CUST07972B,2026-05-28,Dining/Restaurants,POS - LOCAL RESTAURANT,665.25,debit,10053.37,False
79b3aba1-f,CUST07972B,2026-06-01,Transportation,CAREEM RIDE,44.16,debit,10009.21,False
9df1ff8e-7,CUST07972B,2026-06-02,Healthcare,LAB TEST PAYMENT,672.79,debit,9336.42,False
db4f60fb-d,CUST07972B,2026-06-03,Salary,MONTHLY SALARY CREDIT,21600.0,credit,30936.42,False
a60ce305-0,CUST07972B,2026-06-04,Entertainment,CINEMA TICKET PURCHASE,35.46,debit,30900.96,False
e92c52c9-4,CUST07972B,2026-06-08,Groceries,POS PURCHASE - LOCAL MARKET,990.66,debit,29910.3,False
9d4311b4-2,CUST07972B,2026-06-09,Savings Transfer,TRANSFER TO SAVINGS ACCT,929.62,debit,28980.68,False
68a9e207-8,CUST07972B,2026-06-11,Rent/Installment,ACH DEBIT - RENT PAYMENT,7497.2,debit,21483.48,False
b5029795-b,CUST07972B,2026-06-11,Shopping,ONLINE STORE CHECKOUT,326.9,debit,21156.58,False
8b0e9998-c,CUST07972B,2026-06-12,Dining/Restaurants,POS - LOCAL RESTAURANT,604.48,debit,20552.1,False
9d9acab7-3,CUST07972B,2026-06-12,Entertainment,GAMING STORE PURCHASE,178.33,debit,20373.77,False
20382253-0,CUST07972B,2026-06-14,Entertainment,NETFLIX PPV CHARGE,129.03,debit,20244.74,False
1a741d0b-f,CUST07972B,2026-06-14,Savings Transfer,TRANSFER TO SAVINGS ACCT,431.71,debit,19813.03,False
ccd8f07e-4,CUST07972B,2026-06-16,Groceries,CARREFOUR HYPERMARKET,482.83,debit,19330.2,False
2cbbc2c1-0,CUST07972B,2026-06-16,Entertainment,GAMING STORE PURCHASE,689.71,debit,18640.49,False
2708f154-0,CUST07972B,2026-06-16,Subscriptions,SPOTIFY AB,674.96,debit,17965.53,False
8c038e32-3,CUST07972B,2026-06-17,Healthcare,PHARMACY PURCHASE,276.05,debit,17689.48,False
6887a974-7,CUST07972B,2026-06-21,Utilities,ELECTRICITY BILL PMT,775.36,debit,16914.12,False
c8644084-7,CUST07972B,2026-06-21,Dining/Restaurants,CAFE PURCHASE,1398.98,debit,15515.14,False
4d042e56-7,CUST07972B,2026-06-23,Dining/Restaurants,POS - LOCAL RESTAURANT,80.9,debit,15434.24,False
c055a9c8-7,CUST07972B,2026-06-23,Shopping,MALL PURCHASE - POS,1528.46,debit,13905.78,False
506a3e4a-4,CUST07972B,2026-06-24,Groceries,SPINNEYS #389,216.07,debit,13689.71,False
59dfee07-0,CUST07972B,2026-06-24,Savings Transfer,TRANSFER TO SAVINGS ACCT,31.58,debit,13658.13,False
00d3aa93-5,CUST07972B,2026-06-27,Savings Transfer,TRANSFER TO SAVINGS ACCT,867.69,debit,12790.44,False
b95f4023-e,CUST07972B,2026-06-28,Transportation,FUEL STATION PURCHASE,854.0,debit,11936.44,False
74ac50d9-6,CUST247CF8,2026-01-01,Entertainment,NETFLIX PPV CHARGE,56.9,debit,8911.27,False
d0c3df9a-d,CUST247CF8,2026-01-02,Salary,MONTHLY SALARY CREDIT,25900.0,credit,34811.27,False
ab83f925-6,CUST247CF8,2026-01-02,Groceries,CARREFOUR HYPERMARKET,303.27,debit,34508.0,False
dd51c660-d,CUST247CF8,2026-01-03,Subscriptions,NETFLIX.COM SUBSCRIPTION,463.93,debit,34044.07,False
e0676e49-5,CUST247CF8,2026-01-04,Groceries,POS PURCHASE - LOCAL MARKET,172.88,debit,33871.19,False
c9defe8b-3,CUST247CF8,2026-01-04,Dining/Restaurants,CAFE PURCHASE,35.41,debit,33835.78,False
101fa461-7,CUST247CF8,2026-01-04,Shopping,ONLINE STORE CHECKOUT,357.02,debit,33478.76,False
67440649-f,CUST247CF8,2026-01-05,Transportation,FUEL STATION PURCHASE,758.07,debit,32720.69,False
3d0da6b9-b,CUST247CF8,2026-01-05,Shopping,ONLINE STORE CHECKOUT,23.73,debit,32696.96,False
3f399499-e,CUST247CF8,2026-01-07,Dining/Restaurants,CAFE PURCHASE,916.45,debit,31780.51,False
3d4cc30b-6,CUST247CF8,2026-01-08,Savings Transfer,INTERNAL XFER - SAVINGS,89.92,debit,31690.59,False
7ec3955e-6,CUST247CF8,2026-01-09,Entertainment,NETFLIX PPV CHARGE,425.11,debit,31265.48,False
6e993e97-2,CUST247CF8,2026-01-11,Groceries,SPINNEYS #320,778.43,debit,30487.05,False
b5f75982-d,CUST247CF8,2026-01-12,Utilities,Internet Bill - NBE,1535.04,debit,28952.01,False
ec160f72-f,CUST247CF8,2026-01-12,Entertainment,GAMING STORE PURCHASE,44.38,debit,28907.63,False
98c9a17e-5,CUST247CF8,2026-01-14,Healthcare,CLINIC VISIT FEE,67.17,debit,28840.46,False
bee40394-3,CUST247CF8,2026-01-15,Dining/Restaurants,MCDONALDS #202,142.38,debit,28698.08,False
51102c43-3,CUST247CF8,2026-01-15,Entertainment,CINEMA TICKET PURCHASE,1091.14,debit,27606.94,False
54665101-0,CUST247CF8,2026-01-16,Savings Transfer,TRANSFER TO SAVINGS ACCT,55.16,debit,27551.78,False
d9e2ae2a-2,CUST247CF8,2026-01-18,Rent/Installment,ACH DEBIT - RENT PAYMENT,5907.9,debit,21643.88,False
e05cb899-1,CUST247CF8,2026-01-18,Entertainment,GAMING STORE PURCHASE,295.19,debit,21348.69,False
23017c98-e,CUST247CF8,2026-01-18,Shopping,AMAZON.EG ORDER,417.8,debit,20930.89,False
6c91eca1-6,CUST247CF8,2026-01-18,Savings Transfer,INTERNAL XFER - SAVINGS,960.35,debit,19970.54,False
9b24f6d5-5,CUST247CF8,2026-01-23,Healthcare,LAB TEST PAYMENT,577.36,debit,19393.18,False
cc8880f0-8,CUST247CF8,2026-01-23,Savings Transfer,TRANSFER TO SAVINGS ACCT,285.58,debit,19107.6,False
982507e5-d,CUST247CF8,2026-01-24,Groceries,CARREFOUR HYPERMARKET,1941.38,debit,17166.22,False
f1053ba9-f,CUST247CF8,2026-01-24,Dining/Restaurants,MCDONALDS #409,309.83,debit,16856.39,False
e63ddf38-f,CUST247CF8,2026-01-26,Dining/Restaurants,POS - LOCAL RESTAURANT,353.11,debit,16503.28,False
96a635ca-6,CUST247CF8,2026-01-27,Transportation,CAREEM RIDE,35.76,debit,16467.52,False
655f786d-5,CUST247CF8,2026-01-27,Healthcare,PHARMACY PURCHASE,495.19,debit,15972.33,False
d474bb1e-0,CUST247CF8,2026-01-28,Groceries,CARREFOUR HYPERMARKET,198.35,debit,15773.98,False
a46f36d3-9,CUST247CF8,2026-01-28,Transportation,UBER *TRIP 178,264.73,debit,15509.25,False
737fda43-4,CUST247CF8,2026-02-01,Salary,MONTHLY SALARY CREDIT,25900.0,credit,41409.25,False
783c8007-a,CUST247CF8,2026-02-01,Transportation,CAREEM RIDE,72.07,debit,41337.18,False
bb1bf63f-d,CUST247CF8,2026-02-03,Dining/Restaurants,POS - LOCAL RESTAURANT,1352.86,debit,39984.32,False
3e480e61-3,CUST247CF8,2026-02-04,Utilities,ELECTRICITY BILL PMT,1510.25,debit,38474.07,False
5a540b41-3,CUST247CF8,2026-02-04,Groceries,SPINNEYS #401,27.5,debit,38446.57,False
3d08f210-8,CUST247CF8,2026-02-04,Shopping,AMAZON.EG ORDER,199.47,debit,38247.1,False
3d3dd15f-3,CUST247CF8,2026-02-05,Transportation,CAREEM RIDE,613.09,debit,37634.01,False
e1a80187-7,CUST247CF8,2026-02-06,Groceries,CARREFOUR HYPERMARKET,1354.48,debit,36279.53,False
b1350bc0-6,CUST247CF8,2026-02-06,Transportation,FUEL STATION PURCHASE,269.97,debit,36009.56,False
7ca4b97d-f,CUST247CF8,2026-02-06,Healthcare,CLINIC VISIT FEE,228.02,debit,35781.54,False
9c378b24-c,CUST247CF8,2026-02-09,Entertainment,GAMING STORE PURCHASE,563.03,debit,35218.51,False
f504969b-f,CUST247CF8,2026-02-10,Entertainment,NETFLIX PPV CHARGE,666.92,debit,34551.59,False
0a5d477e-d,CUST247CF8,2026-02-11,Transportation,FUEL STATION PURCHASE,320.49,debit,34231.1,False
16073a29-2,CUST247CF8,2026-02-11,Shopping,ONLINE STORE CHECKOUT,546.21,debit,33684.89,False
a9f02808-2,CUST247CF8,2026-02-11,Healthcare,PHARMACY PURCHASE,7.88,debit,33677.01,False
81a6e083-6,CUST247CF8,2026-02-13,Savings Transfer,INTERNAL XFER - SAVINGS,513.96,debit,33163.05,False
3351edaa-8,CUST247CF8,2026-02-15,Dining/Restaurants,POS - LOCAL RESTAURANT,158.56,debit,33004.49,False
acd7c9e6-4,CUST247CF8,2026-02-16,Healthcare,CLINIC VISIT FEE,847.67,debit,32156.82,False
10bf3bc3-5,CUST247CF8,2026-02-17,Healthcare,CLINIC VISIT FEE,16.98,debit,32139.84,False
344e0235-8,CUST247CF8,2026-02-19,Shopping,ONLINE STORE CHECKOUT,12.93,debit,32126.91,False
9b8c9023-d,CUST247CF8,2026-02-20,Groceries,SPINNEYS #677,826.48,debit,31300.43,False
5bb8281d-0,CUST247CF8,2026-02-20,Dining/Restaurants,POS - LOCAL RESTAURANT,178.11,debit,31122.32,False
69e843aa-3,CUST247CF8,2026-02-20,Savings Transfer,TRANSFER TO SAVINGS ACCT,599.15,debit,30523.17,False
4b40e755-6,CUST247CF8,2026-02-22,Groceries,SPINNEYS #635,387.89,debit,30135.28,False
33f415a8-1,CUST247CF8,2026-02-22,Groceries,CARREFOUR HYPERMARKET,373.57,debit,29761.71,False
f786f366-2,CUST247CF8,2026-02-22,Entertainment,CINEMA TICKET PURCHASE,135.78,debit,29625.93,False
10e37ba1-3,CUST247CF8,2026-02-24,Rent/Installment,ACH DEBIT - RENT PAYMENT,5229.54,debit,24396.39,False
e6132b15-e,CUST247CF8,2026-02-26,Subscriptions,GYM MEMBERSHIP AUTOPAY,464.96,debit,23931.43,False
a4e44e3d-9,CUST247CF8,2026-02-26,Healthcare,LAB TEST PAYMENT,5.0,debit,23926.43,False
d299dbe0-d,CUST247CF8,2026-02-27,Entertainment,NETFLIX PPV CHARGE,516.94,debit,23409.49,False
fecf0d2e-b,CUST247CF8,2026-02-27,Savings Transfer,INTERNAL XFER - SAVINGS,249.05,debit,23160.44,False
b13c25a0-b,CUST247CF8,2026-03-01,Transportation,FUEL STATION PURCHASE,111.99,debit,23048.45,False
da4098ec-6,CUST247CF8,2026-03-01,Entertainment,GAMING STORE PURCHASE,71.79,debit,22976.66,False
887f476d-d,CUST247CF8,2026-03-02,Salary,MONTHLY SALARY CREDIT,25900.0,credit,48876.66,False
adeae792-4,CUST247CF8,2026-03-04,Shopping,ONLINE STORE CHECKOUT,705.38,debit,48171.28,False
ba04155a-b,CUST247CF8,2026-03-07,Groceries,SPINNEYS #483,653.77,debit,47517.51,False
431031e9-7,CUST247CF8,2026-03-07,Savings Transfer,INTERNAL XFER - SAVINGS,340.11,debit,47177.4,False
16c0ae71-1,CUST247CF8,2026-03-09,Transportation,CAREEM RIDE,751.07,debit,46426.33,False
29283a42-8,CUST247CF8,2026-03-12,Groceries,POS PURCHASE - LOCAL MARKET,430.51,debit,45995.82,False
bd2bfd46-5,CUST247CF8,2026-03-13,Transportation,UBER *TRIP 812,136.98,debit,45858.84,False
beed3e94-4,CUST247CF8,2026-03-14,Groceries,CARREFOUR HYPERMARKET,1524.69,debit,44334.15,False
d067caac-b,CUST247CF8,2026-03-16,Dining/Restaurants,CAFE PURCHASE,1658.2,debit,42675.95,False
f365d10c-a,CUST247CF8,2026-03-16,Dining/Restaurants,MCDONALDS #584,262.82,debit,42413.13,False
19e72209-3,CUST247CF8,2026-03-18,Savings Transfer,INTERNAL XFER - SAVINGS,687.06,debit,41726.07,False
5ad3bc4d-9,CUST247CF8,2026-03-21,Transportation,CAREEM RIDE,189.99,debit,41536.08,False
f6972d36-3,CUST247CF8,2026-03-21,Shopping,ONLINE STORE CHECKOUT,41.88,debit,41494.2,False
c9215571-a,CUST247CF8,2026-03-22,Healthcare,CLINIC VISIT FEE,831.89,debit,40662.31,False
997c5827-7,CUST247CF8,2026-03-22,Healthcare,PHARMACY PURCHASE,101.09,debit,40561.22,False
a0050612-5,CUST247CF8,2026-03-23,Entertainment,GAMING STORE PURCHASE,1807.94,debit,38753.28,False
91c77bd2-5,CUST247CF8,2026-03-24,Groceries,CARREFOUR HYPERMARKET,34.63,debit,38718.65,False
a77e8ab2-2,CUST247CF8,2026-03-24,Subscriptions,NETFLIX.COM SUBSCRIPTION,469.55,debit,38249.1,False
1c7ff3d4-2,CUST247CF8,2026-03-24,Healthcare,CLINIC VISIT FEE,193.22,debit,38055.88,False
14c935c0-8,CUST247CF8,2026-03-24,Savings Transfer,TRANSFER TO SAVINGS ACCT,207.22,debit,37848.66,False
c411333b-3,CUST247CF8,2026-03-25,Groceries,POS PURCHASE - LOCAL MARKET,572.51,debit,37276.15,False
7f5ee67b-f,CUST247CF8,2026-03-26,Utilities,WATER CO. AUTOPAY,1526.3,debit,35749.85,False
90eb7135-b,CUST247CF8,2026-03-27,Rent/Installment,Home Loan Installment - AUTOPAY,5845.65,debit,29904.2,False
3b0814cc-7,CUST247CF8,2026-03-27,Healthcare,LAB TEST PAYMENT,15.68,debit,29888.52,False
ee436139-4,CUST247CF8,2026-04-02,Salary,MONTHLY SALARY CREDIT,25900.0,credit,55788.52,False
d4fa20a8-5,CUST247CF8,2026-04-02,Subscriptions,SPOTIFY AB,469.84,debit,55318.68,False
afcb9951-4,CUST247CF8,2026-04-03,Utilities,ELECTRICITY BILL PMT,1403.37,debit,53915.31,False
18d4df35-d,CUST247CF8,2026-04-04,Healthcare,PHARMACY PURCHASE,921.31,debit,52994.0,False
e816aa4d-d,CUST247CF8,2026-04-05,Transportation,CAREEM RIDE,248.33,debit,52745.67,False
80ce22cf-4,CUST247CF8,2026-04-05,Transportation,FUEL STATION PURCHASE,125.47,debit,52620.2,False
93652ffa-f,CUST247CF8,2026-04-07,Transportation,FUEL STATION PURCHASE,818.04,debit,51802.16,False
41a101df-d,CUST247CF8,2026-04-07,Entertainment,GAMING STORE PURCHASE,1401.81,debit,50400.35,False
9f1efa14-f,CUST247CF8,2026-04-09,Dining/Restaurants,MCDONALDS #601,122.09,debit,50278.26,False
8cc53708-6,CUST247CF8,2026-04-10,Dining/Restaurants,POS - LOCAL RESTAURANT,330.59,debit,49947.67,False
b0573865-0,CUST247CF8,2026-04-11,Shopping,MALL PURCHASE - POS,173.93,debit,49773.74,False
4cf6b069-3,CUST247CF8,2026-04-12,Groceries,SPINNEYS #183,695.03,debit,49078.71,False
1735e721-d,CUST247CF8,2026-04-13,Entertainment,CINEMA TICKET PURCHASE,64.52,debit,49014.19,False
8399a829-b,CUST247CF8,2026-04-15,Shopping,MALL PURCHASE - POS,69.66,debit,48944.53,False
8755dcde-b,CUST247CF8,2026-04-16,Shopping,AMAZON.EG ORDER,395.45,debit,48549.08,False
7320dc56-5,CUST247CF8,2026-04-16,Healthcare,CLINIC VISIT FEE,173.86,debit,48375.22,False
003a807e-9,CUST247CF8,2026-04-16,Savings Transfer,TRANSFER TO SAVINGS ACCT,299.4,debit,48075.82,False
4209d181-a,CUST247CF8,2026-04-17,Shopping,ONLINE STORE CHECKOUT,128.54,debit,47947.28,False
3afa8970-8,CUST247CF8,2026-04-19,Dining/Restaurants,POS - LOCAL RESTAURANT,1206.7,debit,46740.58,False
c65c1a85-1,CUST247CF8,2026-04-20,Savings Transfer,INTERNAL XFER - SAVINGS,530.1,debit,46210.48,False
b2b1c7bf-a,CUST247CF8,2026-04-21,Entertainment,GAMING STORE PURCHASE,290.34,debit,45920.14,False
0516c7f0-3,CUST247CF8,2026-04-23,Rent/Installment,ACH DEBIT - RENT PAYMENT,5685.05,debit,40235.09,False
3888adec-9,CUST247CF8,2026-04-23,Transportation,CAREEM RIDE,81.73,debit,40153.36,False
5a2a5db9-e,CUST247CF8,2026-04-23,Savings Transfer,INTERNAL XFER - SAVINGS,377.99,debit,39775.37,False
2e0501f9-4,CUST247CF8,2026-04-26,Groceries,CARREFOUR HYPERMARKET,2284.39,debit,37490.98,False
93ce8e76-5,CUST247CF8,2026-05-01,Savings Transfer,INTERNAL XFER - SAVINGS,106.09,debit,37384.89,False
220654c6-6,CUST247CF8,2026-05-02,Salary,MONTHLY SALARY CREDIT,25900.0,credit,63284.89,False
5de20472-9,CUST247CF8,2026-05-02,Healthcare,CLINIC VISIT FEE,146.77,debit,63138.12,False
da40237f-c,CUST247CF8,2026-05-05,Transportation,UBER *TRIP 276,424.49,debit,62713.63,False
d2a0575d-6,CUST247CF8,2026-05-05,Savings Transfer,INTERNAL XFER - SAVINGS,427.65,debit,62285.98,False
d33728d8-3,CUST247CF8,2026-05-06,Transportation,CAREEM RIDE,568.07,debit,61717.91,False
2be9e609-5,CUST247CF8,2026-05-06,Healthcare,CLINIC VISIT FEE,598.86,debit,61119.05,False
5b001f4d-f,CUST247CF8,2026-05-08,Utilities,Internet Bill - AUTOPAY,1388.68,debit,59730.37,False
e0980ef5-4,CUST247CF8,2026-05-08,Shopping,AMAZON.EG ORDER,481.23,debit,59249.14,False
e34e7f53-2,CUST247CF8,2026-05-10,Transportation,UBER *TRIP 289,245.83,debit,59003.31,False
71eeb362-8,CUST247CF8,2026-05-10,Entertainment,GAMING STORE PURCHASE,228.24,debit,58775.07,False
0b9756e4-e,CUST247CF8,2026-05-10,Subscriptions,SPOTIFY AB,413.91,debit,58361.16,False
b02b39af-9,CUST247CF8,2026-05-10,Savings Transfer,INTERNAL XFER - SAVINGS,267.67,debit,58093.49,False
6abbbef3-f,CUST247CF8,2026-05-11,Groceries,CARREFOUR HYPERMARKET,144.14,debit,57949.35,False
eeb42f51-7,CUST247CF8,2026-05-12,Dining/Restaurants,MCDONALDS #588,169.62,debit,57779.73,False
594dde63-2,CUST247CF8,2026-05-12,Dining/Restaurants,MCDONALDS #582,290.77,debit,57488.96,False
35e055ad-4,CUST247CF8,2026-05-12,Entertainment,NETFLIX PPV CHARGE,17.46,debit,57471.5,False
c74fd56d-c,CUST247CF8,2026-05-13,Healthcare,LAB TEST PAYMENT,297.15,debit,57174.35,False
93868a07-8,CUST247CF8,2026-05-13,Savings Transfer,TRANSFER TO SAVINGS ACCT,478.35,debit,56696.0,False
8b9aea0d-c,CUST247CF8,2026-05-13,Savings Transfer,INTERNAL XFER - SAVINGS,101.61,debit,56594.39,False
059f8f3f-f,CUST247CF8,2026-05-16,Rent/Installment,Monthly Rent Transfer,5721.8,debit,50872.59,False
adb52f18-6,CUST247CF8,2026-05-16,Dining/Restaurants,CAFE PURCHASE,302.79,debit,50569.8,False
45414e9f-3,CUST247CF8,2026-05-17,Groceries,CARREFOUR HYPERMARKET,89.44,debit,50480.36,False
e6184734-c,CUST247CF8,2026-05-19,Entertainment,CINEMA TICKET PURCHASE,387.56,debit,50092.8,False
033c7937-c,CUST247CF8,2026-05-20,Entertainment,NETFLIX PPV CHARGE,1076.03,debit,49016.77,False
4f918398-4,CUST247CF8,2026-05-22,Dining/Restaurants,POS - LOCAL RESTAURANT,827.7,debit,48189.07,False
9a41b57e-3,CUST247CF8,2026-05-23,Groceries,POS PURCHASE - LOCAL MARKET,1165.78,debit,47023.29,False
a9c9cde5-4,CUST247CF8,2026-05-23,Dining/Restaurants,MCDONALDS #881,290.33,debit,46732.96,False
14c78fb7-9,CUST247CF8,2026-05-25,Groceries,CARREFOUR HYPERMARKET,1732.82,debit,45000.14,False
bd8d4855-6,CUST247CF8,2026-05-25,Shopping,MALL PURCHASE - POS,22.34,debit,44977.8,False
4320b129-4,CUST247CF8,2026-05-27,Shopping,AMAZON.EG ORDER,259.24,debit,44718.56,False
b2727778-0,CUST247CF8,2026-06-02,Dining/Restaurants,CAFE PURCHASE,848.58,debit,43869.98,False
3e2fb6a8-a,CUST247CF8,2026-06-03,Salary,MONTHLY SALARY CREDIT,25900.0,credit,69769.98,False
d28a3f67-a,CUST247CF8,2026-06-03,Subscriptions,SPOTIFY AB,477.52,debit,69292.46,False
1b234205-b,CUST247CF8,2026-06-09,Healthcare,LAB TEST PAYMENT,192.87,debit,69099.59,False
ddbc8f4d-c,CUST247CF8,2026-06-09,Healthcare,LAB TEST PAYMENT,223.33,debit,68876.26,False
e81345ca-b,CUST247CF8,2026-06-10,Transportation,UBER *TRIP 224,558.91,debit,68317.35,False
4fbe11a2-f,CUST247CF8,2026-06-10,Dining/Restaurants,POS - LOCAL RESTAURANT,39.97,debit,68277.38,False
b12f59bf-5,CUST247CF8,2026-06-11,Shopping,ONLINE STORE CHECKOUT,248.07,debit,68029.31,False
8bedc366-6,CUST247CF8,2026-06-13,Shopping,ONLINE STORE CHECKOUT,5.0,debit,68024.31,False
56b8b895-b,CUST247CF8,2026-06-14,Groceries,POS PURCHASE - LOCAL MARKET,2732.95,debit,65291.36,False
1c43bec7-3,CUST247CF8,2026-06-14,Entertainment,NETFLIX PPV CHARGE,18.02,debit,65273.34,False
6c4463eb-e,CUST247CF8,2026-06-14,Shopping,MALL PURCHASE - POS,245.31,debit,65028.03,False
91a49bf4-3,CUST247CF8,2026-06-14,Savings Transfer,TRANSFER TO SAVINGS ACCT,360.46,debit,64667.57,False
7adfa08a-a,CUST247CF8,2026-06-15,Transportation,CAREEM RIDE,208.38,debit,64459.19,False
f5ee1798-d,CUST247CF8,2026-06-15,Transportation,CAREEM RIDE,89.85,debit,64369.34,False
9e67a33a-1,CUST247CF8,2026-06-15,Dining/Restaurants,POS - LOCAL RESTAURANT,413.94,debit,63955.4,False
c1cf035d-c,CUST247CF8,2026-06-15,Savings Transfer,INTERNAL XFER - SAVINGS,425.38,debit,63530.02,False
5a78de5d-3,CUST247CF8,2026-06-16,Healthcare,PHARMACY PURCHASE,82.74,debit,63447.28,False
07dd065a-2,CUST247CF8,2026-06-22,Transportation,CAREEM RIDE,197.37,debit,63249.91,False
bd978b8b-c,CUST247CF8,2026-06-22,Savings Transfer,TRANSFER TO SAVINGS ACCT,536.08,debit,62713.83,False
83f0400f-0,CUST247CF8,2026-06-23,Utilities,WATER CO. AUTOPAY,1615.28,debit,61098.55,False
afb6d2c7-6,CUST247CF8,2026-06-23,Entertainment,GAMING STORE PURCHASE,1550.37,debit,59548.18,False
098a03e0-5,CUST247CF8,2026-06-23,Healthcare,PHARMACY PURCHASE,583.73,debit,58964.45,False
f0d06f17-3,CUST247CF8,2026-06-24,Dining/Restaurants,MCDONALDS #644,396.04,debit,58568.41,False
7c32af92-8,CUST247CF8,2026-06-24,Entertainment,CINEMA TICKET PURCHASE,143.91,debit,58424.5,False
14ed5cc1-5,CUST247CF8,2026-06-24,Shopping,ONLINE STORE CHECKOUT,33.22,debit,58391.28,False
4f912aa0-1,CUST247CF8,2026-06-24,Shopping,MALL PURCHASE - POS,338.9,debit,58052.38,False
cc0f330e-3,CUST247CF8,2026-06-26,Rent/Installment,Home Loan Installment - AUTOPAY,5177.79,debit,52874.59,False
d6387838-d,CUST247CF8,2026-06-28,Groceries,POS PURCHASE - LOCAL MARKET,746.32,debit,52128.27,False
57efaf67-d,CUST209159,2026-01-01,Entertainment,GAMING STORE PURCHASE,113.45,debit,4809.27,False
a6da99ac-e,CUST209159,2026-01-01,Healthcare,PHARMACY PURCHASE,9.11,debit,4800.16,False
d8d58167-2,CUST209159,2026-01-02,Salary,MONTHLY SALARY CREDIT,22800.0,credit,27600.16,False
d9d4c2e8-1,CUST209159,2026-01-03,Groceries,CARREFOUR HYPERMARKET,623.15,debit,26977.01,False
1db6a0bb-c,CUST209159,2026-01-05,Groceries,POS PURCHASE - LOCAL MARKET,90.02,debit,26886.99,False
3da66f37-4,CUST209159,2026-01-06,Healthcare,CLINIC VISIT FEE,271.1,debit,26615.89,False
bbf333ff-6,CUST209159,2026-01-07,Transportation,UBER *TRIP 213,20.38,debit,26595.51,False
f3a94d35-c,CUST209159,2026-01-08,Savings Transfer,INTERNAL XFER - SAVINGS,51.28,debit,26544.23,False
078d846f-5,CUST209159,2026-01-09,Dining/Restaurants,POS - LOCAL RESTAURANT,325.53,debit,26218.7,False
0e1aa3fa-1,CUST209159,2026-01-10,Transportation,UBER *TRIP 985,353.57,debit,25865.13,False
71852765-8,CUST209159,2026-01-11,Healthcare,PHARMACY PURCHASE,206.96,debit,25658.17,False
ba6af82d-7,CUST209159,2026-01-12,Rent/Installment,Home Loan Installment - AUTOPAY,5146.54,debit,20511.63,False
d7f2d45f-f,CUST209159,2026-01-12,Groceries,SPINNEYS #398,1663.96,debit,18847.67,False
f795ec69-d,CUST209159,2026-01-12,Healthcare,LAB TEST PAYMENT,111.98,debit,18735.69,False
b9310915-c,CUST209159,2026-01-13,Entertainment,GAMING STORE PURCHASE,217.73,debit,18517.96,False
b3e1796f-a,CUST209159,2026-01-14,Entertainment,NETFLIX PPV CHARGE,423.91,debit,18094.05,False
8896acdf-7,CUST209159,2026-01-15,Groceries,POS PURCHASE - LOCAL MARKET,321.95,debit,17772.1,False
28299499-8,CUST209159,2026-01-15,Healthcare,PHARMACY PURCHASE,94.76,debit,17677.34,False
21d09688-7,CUST209159,2026-01-16,Utilities,ELECTRICITY BILL PMT,1180.3,debit,16497.04,False
d7409b0b-2,CUST209159,2026-01-17,Savings Transfer,TRANSFER TO SAVINGS ACCT,1502.43,debit,14994.61,False
74b0443c-4,CUST209159,2026-01-18,Transportation,UBER *TRIP 487,197.81,debit,14796.8,False
e04eaa5b-8,CUST209159,2026-01-18,Dining/Restaurants,CAFE PURCHASE,523.81,debit,14272.99,False
bb3a4f5f-e,CUST209159,2026-01-20,Shopping,AMAZON.EG ORDER,668.66,debit,13604.33,False
c079c216-a,CUST209159,2026-01-21,Groceries,SPINNEYS #674,89.99,debit,13514.34,False
98941f9e-0,CUST209159,2026-01-21,Dining/Restaurants,MCDONALDS #780,200.73,debit,13313.61,False
ee512ebf-2,CUST209159,2026-01-21,Dining/Restaurants,CAFE PURCHASE,296.07,debit,13017.54,False
804a7a0e-2,CUST209159,2026-01-21,Entertainment,CINEMA TICKET PURCHASE,137.6,debit,12879.94,False
b3a7aa96-7,CUST209159,2026-01-22,Subscriptions,NETFLIX.COM SUBSCRIPTION,486.82,debit,12393.12,False
1dd11af5-e,CUST209159,2026-01-24,Transportation,CAREEM RIDE,427.02,debit,11966.1,False
dbb38b61-0,CUST209159,2026-01-24,Shopping,MALL PURCHASE - POS,1001.18,debit,10964.92,False
391c14dd-6,CUST209159,2026-01-27,Entertainment,NETFLIX PPV CHARGE,5.0,debit,10959.92,False
d2cc2ba2-1,CUST209159,2026-01-27,Savings Transfer,INTERNAL XFER - SAVINGS,331.98,debit,10627.94,False
98670cbb-2,CUST209159,2026-01-28,Transportation,UBER *TRIP 199,505.39,debit,10122.55,False
a7a49965-e,CUST209159,2026-01-28,Dining/Restaurants,POS - LOCAL RESTAURANT,148.81,debit,9973.74,False
4509f094-1,CUST209159,2026-02-01,Salary,MONTHLY SALARY CREDIT,22800.0,credit,32773.74,False
2a37a227-2,CUST209159,2026-02-01,Groceries,SPINNEYS #592,926.35,debit,31847.39,False
66e6c4e1-7,CUST209159,2026-02-02,Entertainment,CINEMA TICKET PURCHASE,233.73,debit,31613.66,False
0fec9df3-e,CUST209159,2026-02-03,Dining/Restaurants,POS - LOCAL RESTAURANT,771.39,debit,30842.27,False
55a670c4-1,CUST209159,2026-02-04,Dining/Restaurants,POS - LOCAL RESTAURANT,276.8,debit,30565.47,False
f31569a8-2,CUST209159,2026-02-05,Shopping,ONLINE STORE CHECKOUT,314.48,debit,30250.99,False
8e65d293-f,CUST209159,2026-02-09,Shopping,ONLINE STORE CHECKOUT,41.79,debit,30209.2,False
7a6e8fcb-5,CUST209159,2026-02-09,Savings Transfer,TRANSFER TO SAVINGS ACCT,623.57,debit,29585.63,False
57c71f20-7,CUST209159,2026-02-10,Entertainment,CINEMA TICKET PURCHASE,15.75,debit,29569.88,False
8aa4d05a-5,CUST209159,2026-02-10,Entertainment,GAMING STORE PURCHASE,108.48,debit,29461.4,False
ba543f11-8,CUST209159,2026-02-10,Savings Transfer,TRANSFER TO SAVINGS ACCT,27.05,debit,29434.35,False
93ca5355-5,CUST209159,2026-02-12,Transportation,CAREEM RIDE,229.81,debit,29204.54,False
2daf23f0-a,CUST209159,2026-02-12,Healthcare,CLINIC VISIT FEE,213.33,debit,28991.21,False
de4ef10d-b,CUST209159,2026-02-12,Savings Transfer,INTERNAL XFER - SAVINGS,1054.25,debit,27936.96,False
d1aaeaf4-0,CUST209159,2026-02-14,Transportation,UBER *TRIP 206,481.21,debit,27455.75,False
17bab307-8,CUST209159,2026-02-17,Transportation,FUEL STATION PURCHASE,53.41,debit,27402.34,False
6c52b365-c,CUST209159,2026-02-17,Subscriptions,GYM MEMBERSHIP AUTOPAY,462.0,debit,26940.34,False
fd1eb28e-d,CUST209159,2026-02-19,Entertainment,NETFLIX PPV CHARGE,50.17,debit,26890.17,False
5a4a23bc-c,CUST209159,2026-02-19,Healthcare,LAB TEST PAYMENT,418.05,debit,26472.12,False
d8363aab-3,CUST209159,2026-02-20,Groceries,POS PURCHASE - LOCAL MARKET,2333.08,debit,24139.04,False
a6e59f6a-a,CUST209159,2026-02-20,Shopping,MALL PURCHASE - POS,207.53,debit,23931.51,False
353ba2be-f,CUST209159,2026-02-21,Entertainment,NETFLIX PPV CHARGE,498.06,debit,23433.45,False
2420cdc0-1,CUST209159,2026-02-21,Healthcare,PHARMACY PURCHASE,17.92,debit,23415.53,False
4ecb9171-6,CUST209159,2026-02-21,Savings Transfer,TRANSFER TO SAVINGS ACCT,94.66,debit,23320.87,False
f9992103-9,CUST209159,2026-02-22,Rent/Installment,Monthly Rent Transfer,5580.34,debit,17740.53,False
792350b0-4,CUST209159,2026-02-25,Transportation,UBER *TRIP 839,138.07,debit,17602.46,False
5dd1ec65-d,CUST209159,2026-02-25,Dining/Restaurants,MCDONALDS #875,269.37,debit,17333.09,False
afa0733d-b,CUST209159,2026-02-28,Utilities,WATER CO. AUTOPAY,1211.42,debit,16121.67,False
35eb89ab-7,CUST209159,2026-02-28,Transportation,CAREEM RIDE,435.97,debit,15685.7,False
1aa7b181-a,CUST209159,2026-02-28,Shopping,AMAZON.EG ORDER,1050.54,debit,14635.16,False
890eed5f-4,CUST209159,2026-02-28,Savings Transfer,TRANSFER TO SAVINGS ACCT,100.82,debit,14534.34,False
64cf52dd-1,CUST209159,2026-03-02,Salary,MONTHLY SALARY CREDIT,22800.0,credit,37334.34,False
7a3543e7-f,CUST209159,2026-03-02,Groceries,SPINNEYS #680,2919.74,debit,34414.6,False
ffef51ea-3,CUST209159,2026-03-05,Savings Transfer,INTERNAL XFER - SAVINGS,1390.76,debit,33023.84,False
9dff5d9a-4,CUST209159,2026-03-06,Transportation,UBER *TRIP 723,313.86,debit,32709.98,False
980a1351-6,CUST209159,2026-03-06,Shopping,MALL PURCHASE - POS,884.15,debit,31825.83,False
81fc77f4-3,CUST209159,2026-03-06,Healthcare,PHARMACY PURCHASE,327.27,debit,31498.56,False
06706b62-9,CUST209159,2026-03-07,Transportation,FUEL STATION PURCHASE,388.47,debit,31110.09,False
806c91f5-6,CUST209159,2026-03-07,Entertainment,GAMING STORE PURCHASE,71.36,debit,31038.73,False
eb620d77-6,CUST209159,2026-03-08,Groceries,CARREFOUR HYPERMARKET,88.94,debit,30949.79,False
d4b6ef4c-e,CUST209159,2026-03-08,Dining/Restaurants,MCDONALDS #699,93.4,debit,30856.39,False
bf70c6bb-0,CUST209159,2026-03-09,Utilities,Internet Bill - ONLINE,1103.82,debit,29752.57,False
06f07bcf-b,CUST209159,2026-03-09,Shopping,ONLINE STORE CHECKOUT,274.98,debit,29477.59,False
24473e33-1,CUST209159,2026-03-09,Shopping,ONLINE STORE CHECKOUT,440.53,debit,29037.06,False
61b9c8b3-4,CUST209159,2026-03-10,Savings Transfer,TRANSFER TO SAVINGS ACCT,5.0,debit,29032.06,False
4f2cf05b-8,CUST209159,2026-03-11,Healthcare,LAB TEST PAYMENT,253.36,debit,28778.7,False
402149bf-8,CUST209159,2026-03-13,Rent/Installment,Monthly Rent Transfer,5490.64,debit,23288.06,False
bc8bbacb-9,CUST209159,2026-03-15,Subscriptions,NETFLIX.COM SUBSCRIPTION,456.74,debit,22831.32,False
8f8240a1-4,CUST209159,2026-03-16,Dining/Restaurants,POS - LOCAL RESTAURANT,708.45,debit,22122.87,False
c15d02d6-7,CUST209159,2026-03-17,Shopping,MALL PURCHASE - POS,195.19,debit,21927.68,False
9ad14396-2,CUST209159,2026-03-18,Transportation,CAREEM RIDE,672.21,debit,21255.47,False
46928cd5-d,CUST209159,2026-03-19,Entertainment,CINEMA TICKET PURCHASE,28.26,debit,21227.21,False
7b6ad1fe-c,CUST209159,2026-03-22,Healthcare,CLINIC VISIT FEE,9.08,debit,21218.13,False
3cee8ecd-5,CUST209159,2026-03-25,Entertainment,GAMING STORE PURCHASE,295.22,debit,20922.91,False
de871d30-2,CUST209159,2026-03-25,Savings Transfer,INTERNAL XFER - SAVINGS,613.04,debit,20309.87,False
8df0e421-2,CUST209159,2026-03-26,Dining/Restaurants,MCDONALDS #426,732.62,debit,19577.25,False
68942ddb-e,CUST209159,2026-03-26,Entertainment,GAMING STORE PURCHASE,391.63,debit,19185.62,False
441a052a-9,CUST209159,2026-03-27,Healthcare,PHARMACY PURCHASE,70.39,debit,19115.23,False
baf3b0f0-d,CUST209159,2026-03-28,Entertainment,CINEMA TICKET PURCHASE,69.31,debit,19045.92,False
f02b8eec-0,CUST209159,2026-04-01,Savings Transfer,INTERNAL XFER - SAVINGS,465.2,debit,18580.72,False
84e0be2a-f,CUST209159,2026-04-02,Salary,MONTHLY SALARY CREDIT,22800.0,credit,41380.72,False
fa4533e6-2,CUST209159,2026-04-02,Entertainment,GAMING STORE PURCHASE,130.53,debit,41250.19,False
210d491e-6,CUST209159,2026-04-04,Entertainment,CINEMA TICKET PURCHASE,137.52,debit,41112.67,False
6deed018-4,CUST209159,2026-04-04,Savings Transfer,INTERNAL XFER - SAVINGS,42.66,debit,41070.01,False
716ba703-f,CUST209159,2026-04-10,Groceries,SPINNEYS #844,107.81,debit,40962.2,False
1a73b761-9,CUST209159,2026-04-10,Groceries,SPINNEYS #676,207.43,debit,40754.77,False
57f6e6cd-9,CUST209159,2026-04-10,Dining/Restaurants,POS - LOCAL RESTAURANT,267.6,debit,40487.17,False
938a1824-c,CUST209159,2026-04-11,Healthcare,CLINIC VISIT FEE,365.63,debit,40121.54,False
5e592e19-d,CUST209159,2026-04-13,Transportation,UBER *TRIP 518,1177.49,debit,38944.05,False
074d647f-b,CUST209159,2026-04-14,Dining/Restaurants,POS - LOCAL RESTAURANT,651.74,debit,38292.31,False
d3ef2d5f-5,CUST209159,2026-04-14,Shopping,AMAZON.EG ORDER,240.19,debit,38052.12,False
4063f801-b,CUST209159,2026-04-15,Healthcare,PHARMACY PURCHASE,153.21,debit,37898.91,False
109089c9-2,CUST209159,2026-04-16,Entertainment,GAMING STORE PURCHASE,102.31,debit,37796.6,False
4761b413-0,CUST209159,2026-04-17,Utilities,WATER CO. AUTOPAY,1026.61,debit,36769.99,False
6b1541bb-d,CUST209159,2026-04-18,Dining/Restaurants,CAFE PURCHASE,363.45,debit,36406.54,False
e76f07b3-8,CUST209159,2026-04-18,Shopping,AMAZON.EG ORDER,824.35,debit,35582.19,False
4915e5ea-5,CUST209159,2026-04-18,Subscriptions,GYM MEMBERSHIP AUTOPAY,458.55,debit,35123.64,False
ca48aad9-e,CUST209159,2026-04-19,Shopping,MALL PURCHASE - POS,52.62,debit,35071.02,False
66d052c8-7,CUST209159,2026-04-20,Entertainment,GAMING STORE PURCHASE,508.45,debit,34562.57,False
1256e6d4-5,CUST209159,2026-04-21,Transportation,UBER *TRIP 567,367.32,debit,34195.25,False
10eedc07-1,CUST209159,2026-04-23,Entertainment,NETFLIX PPV CHARGE,78.86,debit,34116.39,False
69e9e1b3-f,CUST209159,2026-04-24,Shopping,AMAZON.EG ORDER,443.63,debit,33672.76,False
827da96f-6,CUST209159,2026-04-24,Healthcare,PHARMACY PURCHASE,53.49,debit,33619.27,False
ca0a9120-e,CUST209159,2026-04-26,Savings Transfer,INTERNAL XFER - SAVINGS,428.09,debit,33191.18,False
e7612f4b-a,CUST209159,2026-04-27,Groceries,SPINNEYS #479,722.45,debit,32468.73,False
271bb4e5-9,CUST209159,2026-04-27,Groceries,POS PURCHASE - LOCAL MARKET,2120.92,debit,30347.81,False
40264bef-6,CUST209159,2026-04-27,Savings Transfer,TRANSFER TO SAVINGS ACCT,907.54,debit,29440.27,False
9e783a2d-3,CUST209159,2026-04-28,Rent/Installment,ACH DEBIT - RENT PAYMENT,5619.89,debit,23820.38,False
686cfb84-c,CUST209159,2026-04-28,Healthcare,LAB TEST PAYMENT,93.53,debit,23726.85,False
0b2d6a84-0,CUST209159,2026-05-01,Dining/Restaurants,MCDONALDS #330,54.07,debit,23672.78,False
015a9a07-0,CUST209159,2026-05-01,Healthcare,CLINIC VISIT FEE,466.71,debit,23206.07,False
be5fbec5-6,CUST209159,2026-05-02,Salary,MONTHLY SALARY CREDIT,22800.0,credit,46006.07,False
6ce4d8f6-1,CUST209159,2026-05-03,Savings Transfer,TRANSFER TO SAVINGS ACCT,356.82,debit,45649.25,False
765ba6b6-3,CUST209159,2026-05-04,Savings Transfer,INTERNAL XFER - SAVINGS,32.4,debit,45616.85,False
2635c4e4-7,CUST209159,2026-05-06,Entertainment,CINEMA TICKET PURCHASE,329.57,debit,45287.28,False
5d9e798d-6,CUST209159,2026-05-07,Savings Transfer,TRANSFER TO SAVINGS ACCT,321.89,debit,44965.39,False
9886d2ad-a,CUST209159,2026-05-10,Dining/Restaurants,MCDONALDS #738,370.46,debit,44594.93,False
65d3a586-c,CUST209159,2026-05-10,Subscriptions,NETFLIX.COM SUBSCRIPTION,447.25,debit,44147.68,False
b51fdb0c-b,CUST209159,2026-05-12,Savings Transfer,INTERNAL XFER - SAVINGS,720.68,debit,43427.0,False
6c51c43d-9,CUST209159,2026-05-14,Transportation,CAREEM RIDE,1236.9,debit,42190.1,False
ad0e7988-e,CUST209159,2026-05-14,Dining/Restaurants,MCDONALDS #511,589.35,debit,41600.75,False
d2f222bb-9,CUST209159,2026-05-14,Dining/Restaurants,MCDONALDS #365,284.12,debit,41316.63,False
68b3f4b0-0,CUST209159,2026-05-15,Healthcare,PHARMACY PURCHASE,17.1,debit,41299.53,False
c6c69e14-a,CUST209159,2026-05-16,Rent/Installment,Home Loan Installment - AUTOPAY,5624.49,debit,35675.04,False
d9c5a37f-9,CUST209159,2026-05-18,Shopping,MALL PURCHASE - POS,1299.6,debit,34375.44,False
ba14f008-e,CUST209159,2026-05-19,Groceries,SPINNEYS #724,1530.84,debit,32844.6,False
8fa1345b-c,CUST209159,2026-05-24,Utilities,ELECTRICITY BILL PMT,1131.81,debit,31712.79,False
8ca15f26-9,CUST209159,2026-05-24,Transportation,UBER *TRIP 766,375.5,debit,31337.29,False
a7554e2c-8,CUST209159,2026-05-24,Savings Transfer,TRANSFER TO SAVINGS ACCT,303.45,debit,31033.84,False
fa50baa2-6,CUST209159,2026-05-25,Entertainment,CINEMA TICKET PURCHASE,115.36,debit,30918.48,False
fc60a4d9-f,CUST209159,2026-05-26,Groceries,POS PURCHASE - LOCAL MARKET,1738.53,debit,29179.95,False
325d53e4-d,CUST209159,2026-05-27,Entertainment,GAMING STORE PURCHASE,190.61,debit,28989.34,False
96d7db6f-4,CUST209159,2026-05-28,Entertainment,GAMING STORE PURCHASE,315.92,debit,28673.42,False
21c3405d-8,CUST209159,2026-05-28,Shopping,MALL PURCHASE - POS,367.7,debit,28305.72,False
6526a775-9,CUST209159,2026-05-28,Healthcare,LAB TEST PAYMENT,142.61,debit,28163.11,False
83c34dfd-8,CUST209159,2026-06-01,Entertainment,NETFLIX PPV CHARGE,23.56,debit,28139.55,False
4c999c50-8,CUST209159,2026-06-01,Shopping,MALL PURCHASE - POS,17.75,debit,28121.8,False
9f14db24-e,CUST209159,2026-06-02,Salary,MONTHLY SALARY CREDIT,22800.0,credit,50921.8,False
18510c6f-b,CUST209159,2026-06-04,Dining/Restaurants,MCDONALDS #130,301.32,debit,50620.48,False
c2e7ddf1-5,CUST209159,2026-06-04,Shopping,MALL PURCHASE - POS,138.49,debit,50481.99,False
10e70c10-4,CUST209159,2026-06-04,Savings Transfer,TRANSFER TO SAVINGS ACCT,462.91,debit,50019.08,False
00d10df5-3,CUST209159,2026-06-05,Transportation,UBER *TRIP 811,200.84,debit,49818.24,False
245dd3f8-4,CUST209159,2026-06-06,Dining/Restaurants,CAFE PURCHASE,614.13,debit,49204.11,False
6e000de8-7,CUST209159,2026-06-07,Dining/Restaurants,POS - LOCAL RESTAURANT,258.91,debit,48945.2,False
39344185-e,CUST209159,2026-06-08,Healthcare,LAB TEST PAYMENT,348.34,debit,48596.86,False
544e947b-3,CUST209159,2026-06-09,Subscriptions,NETFLIX.COM SUBSCRIPTION,512.85,debit,48084.01,False
ae988f13-8,CUST209159,2026-06-10,Groceries,CARREFOUR HYPERMARKET,1258.75,debit,46825.26,False
df431111-2,CUST209159,2026-06-16,Groceries,CARREFOUR HYPERMARKET,32.69,debit,46792.57,False
af64a29d-7,CUST209159,2026-06-17,Rent/Installment,ACH DEBIT - RENT PAYMENT,5292.6,debit,41499.97,False
89cfc196-3,CUST209159,2026-06-18,Entertainment,NETFLIX PPV CHARGE,541.18,debit,40958.79,False
af811942-b,CUST209159,2026-06-21,Groceries,POS PURCHASE - LOCAL MARKET,1166.66,debit,39792.13,False
495723fa-7,CUST209159,2026-06-21,Groceries,SPINNEYS #146,441.26,debit,39350.87,False
a523e034-b,CUST209159,2026-06-23,Savings Transfer,INTERNAL XFER - SAVINGS,1339.59,debit,38011.28,False
882a42ba-a,CUST209159,2026-06-24,Entertainment,GAMING STORE PURCHASE,344.79,debit,37666.49,False
fd27b205-a,CUST209159,2026-06-24,Healthcare,LAB TEST PAYMENT,318.7,debit,37347.79,False
65218b49-d,CUST209159,2026-06-25,Transportation,UBER *TRIP 162,685.37,debit,36662.42,False
ca7f0420-2,CUST209159,2026-06-26,Utilities,WATER CO. AUTOPAY,993.57,debit,35668.85,False
6419f418-b,CUST209159,2026-06-26,Transportation,UBER *TRIP 987,683.47,debit,34985.38,False
a241d274-a,CUST209159,2026-06-26,Dining/Restaurants,CAFE PURCHASE,290.51,debit,34694.87,False
0bd8877b-7,CUST209159,2026-06-28,Entertainment,CINEMA TICKET PURCHASE,5.0,debit,34689.87,False
8df07390-0,CUST209159,2026-06-28,Shopping,ONLINE STORE CHECKOUT,1210.26,debit,33479.61,False
95224ea1-c,CUST209159,2026-06-28,Shopping,ONLINE STORE CHECKOUT,136.81,debit,33342.8,False
9fee434f-7,CUST78B23C,2026-01-01,Groceries,POS PURCHASE - LOCAL MARKET,395.37,debit,4004.78,False
eda2f838-9,CUST78B23C,2026-01-01,Subscriptions,NETFLIX.COM SUBSCRIPTION,243.4,debit,3761.38,False
4260c9f1-d,CUST78B23C,2026-01-02,Healthcare,LAB TEST PAYMENT,282.44,debit,3478.94,False
5dcd61ae-5,CUST78B23C,2026-01-03,Salary,MONTHLY SALARY CREDIT,20400.0,credit,23878.94,False
24a7b375-f,CUST78B23C,2026-01-05,Entertainment,CINEMA TICKET PURCHASE,1244.54,debit,22634.4,False
ee6c834f-3,CUST78B23C,2026-01-05,Savings Transfer,INTERNAL XFER - SAVINGS,1418.07,debit,21216.33,False
7d787b76-0,CUST78B23C,2026-01-06,Shopping,MALL PURCHASE - POS,1001.92,debit,20214.41,False
21cd7956-9,CUST78B23C,2026-01-07,Shopping,AMAZON.EG ORDER,224.16,debit,19990.25,False
2d5b7499-c,CUST78B23C,2026-01-08,Groceries,CARREFOUR HYPERMARKET,2006.35,debit,17983.9,False
bbb2bac3-0,CUST78B23C,2026-01-08,Healthcare,LAB TEST PAYMENT,17.21,debit,17966.69,False
cf3ba284-2,CUST78B23C,2026-01-09,Dining/Restaurants,MCDONALDS #900,159.15,debit,17807.54,False
c16bba5e-3,CUST78B23C,2026-01-09,Savings Transfer,TRANSFER TO SAVINGS ACCT,173.95,debit,17633.59,False
cf147c83-9,CUST78B23C,2026-01-12,Healthcare,PHARMACY PURCHASE,232.7,debit,17400.89,False
ee3aedd2-2,CUST78B23C,2026-01-13,Savings Transfer,INTERNAL XFER - SAVINGS,295.96,debit,17104.93,False
78f79cc1-c,CUST78B23C,2026-01-14,Shopping,ONLINE STORE CHECKOUT,543.24,debit,16561.69,False
a807e1bf-f,CUST78B23C,2026-01-15,Transportation,FUEL STATION PURCHASE,250.22,debit,16311.47,False
78fb45fc-0,CUST78B23C,2026-01-15,Transportation,UBER *TRIP 862,243.22,debit,16068.25,False
86c396cf-2,CUST78B23C,2026-01-15,Dining/Restaurants,CAFE PURCHASE,121.39,debit,15946.86,False
1cea6119-3,CUST78B23C,2026-01-19,Transportation,CAREEM RIDE,835.55,debit,15111.31,False
1a7447d2-c,CUST78B23C,2026-01-26,Utilities,ELECTRICITY BILL PMT,1239.93,debit,13871.38,False
7d46e6ae-b,CUST78B23C,2026-01-26,Dining/Restaurants,POS - LOCAL RESTAURANT,378.04,debit,13493.34,False
e5fbf672-7,CUST78B23C,2026-01-27,Entertainment,CINEMA TICKET PURCHASE,45.47,debit,13447.87,False
7d988907-e,CUST78B23C,2026-01-28,Rent/Installment,ACH DEBIT - RENT PAYMENT,5326.05,debit,8121.82,False
90d24a6b-c,CUST78B23C,2026-01-28,Dining/Restaurants,POS - LOCAL RESTAURANT,822.27,debit,7299.55,False
599b4d1d-b,CUST78B23C,2026-02-01,Healthcare,PHARMACY PURCHASE,36.72,debit,7262.83,False
adce8374-4,CUST78B23C,2026-02-02,Salary,MONTHLY SALARY CREDIT,20400.0,credit,27662.83,False
e99de580-b,CUST78B23C,2026-02-02,Entertainment,NETFLIX PPV CHARGE,215.56,debit,27447.27,False
4c5ed4d5-2,CUST78B23C,2026-02-03,Transportation,UBER *TRIP 382,309.49,debit,27137.78,False
e10b52e6-0,CUST78B23C,2026-02-03,Entertainment,GAMING STORE PURCHASE,154.72,debit,26983.06,False
76236794-7,CUST78B23C,2026-02-04,Dining/Restaurants,CAFE PURCHASE,92.65,debit,26890.41,False
505d895b-c,CUST78B23C,2026-02-04,Dining/Restaurants,CAFE PURCHASE,1160.19,debit,25730.22,False
7f872cd1-c,CUST78B23C,2026-02-04,Entertainment,GAMING STORE PURCHASE,192.74,debit,25537.48,False
e522326a-f,CUST78B23C,2026-02-04,Savings Transfer,TRANSFER TO SAVINGS ACCT,149.14,debit,25388.34,False
aec43338-e,CUST78B23C,2026-02-04,Savings Transfer,TRANSFER TO SAVINGS ACCT,451.33,debit,24937.01,False
db83de0e-1,CUST78B23C,2026-02-07,Transportation,UBER *TRIP 954,474.39,debit,24462.62,False
5d916beb-0,CUST78B23C,2026-02-08,Shopping,ONLINE STORE CHECKOUT,1461.62,debit,23001.0,False
315a64da-c,CUST78B23C,2026-02-08,Healthcare,LAB TEST PAYMENT,56.06,debit,22944.94,False
0b0fd80f-d,CUST78B23C,2026-02-09,Dining/Restaurants,POS - LOCAL RESTAURANT,208.04,debit,22736.9,False
b810b57f-2,CUST78B23C,2026-02-10,Rent/Installment,ACH DEBIT - RENT PAYMENT,4715.49,debit,18021.41,False
8d59a407-b,CUST78B23C,2026-02-13,Transportation,UBER *TRIP 843,429.39,debit,17592.02,False
c6be37e3-d,CUST78B23C,2026-02-14,Groceries,CARREFOUR HYPERMARKET,156.64,debit,17435.38,False
19519b87-e,CUST78B23C,2026-02-14,Subscriptions,NETFLIX.COM SUBSCRIPTION,281.62,debit,17153.76,False
772dff19-9,CUST78B23C,2026-02-18,Savings Transfer,INTERNAL XFER - SAVINGS,214.18,debit,16939.58,False
8fadddbc-0,CUST78B23C,2026-02-19,Entertainment,CINEMA TICKET PURCHASE,357.54,debit,16582.04,False
74d530be-9,CUST78B23C,2026-02-21,Healthcare,LAB TEST PAYMENT,430.98,debit,16151.06,False
0544ab9c-c,CUST78B23C,2026-02-22,Utilities,WATER CO. AUTOPAY,1258.4,debit,14892.66,False
e800d996-f,CUST78B23C,2026-02-22,Healthcare,CLINIC VISIT FEE,64.66,debit,14828.0,False
f5374270-6,CUST78B23C,2026-02-23,Entertainment,NETFLIX PPV CHARGE,318.57,debit,14509.43,False
72dbf2ec-2,CUST78B23C,2026-02-24,Shopping,ONLINE STORE CHECKOUT,142.04,debit,14367.39,False
87ccb79b-d,CUST78B23C,2026-02-27,Groceries,CARREFOUR HYPERMARKET,2488.29,debit,11879.1,False
7716e48e-e,CUST78B23C,2026-02-28,Savings Transfer,INTERNAL XFER - SAVINGS,1245.49,debit,10633.61,False
71455599-d,CUST78B23C,2026-03-02,Utilities,WATER CO. AUTOPAY,1260.8,debit,9372.81,False
9de6fac2-f,CUST78B23C,2026-03-03,Salary,MONTHLY SALARY CREDIT,20400.0,credit,29772.81,False
13f9d030-d,CUST78B23C,2026-03-03,Subscriptions,GYM MEMBERSHIP AUTOPAY,242.2,debit,29530.61,False
3bd7fef6-4,CUST78B23C,2026-03-03,Healthcare,CLINIC VISIT FEE,7.33,debit,29523.28,False
438609ad-9,CUST78B23C,2026-03-05,Healthcare,CLINIC VISIT FEE,78.41,debit,29444.87,False
e428898c-6,CUST78B23C,2026-03-06,Entertainment,NETFLIX PPV CHARGE,865.08,debit,28579.79,False
b2a6539a-7,CUST78B23C,2026-03-06,Shopping,MALL PURCHASE - POS,637.37,debit,27942.42,False
063bdf34-b,CUST78B23C,2026-03-07,Shopping,ONLINE STORE CHECKOUT,734.78,debit,27207.64,False
0d841430-5,CUST78B23C,2026-03-08,Transportation,CAREEM RIDE,137.9,debit,27069.74,False
ce2d8035-9,CUST78B23C,2026-03-08,Savings Transfer,TRANSFER TO SAVINGS ACCT,49.65,debit,27020.09,False
c88c8c9b-b,CUST78B23C,2026-03-10,Savings Transfer,TRANSFER TO SAVINGS ACCT,886.48,debit,26133.61,False
9d8d5186-2,CUST78B23C,2026-03-11,Transportation,CAREEM RIDE,92.11,debit,26041.5,False
8191d9cb-b,CUST78B23C,2026-03-11,Entertainment,GAMING STORE PURCHASE,13.54,debit,26027.96,False
cded082a-8,CUST78B23C,2026-03-12,Transportation,FUEL STATION PURCHASE,816.33,debit,25211.63,False
485eca26-4,CUST78B23C,2026-03-13,Dining/Restaurants,POS - LOCAL RESTAURANT,768.13,debit,24443.5,False
3f663f5c-0,CUST78B23C,2026-03-13,Shopping,ONLINE STORE CHECKOUT,189.47,debit,24254.03,False
afe4b56b-a,CUST78B23C,2026-03-15,Savings Transfer,TRANSFER TO SAVINGS ACCT,373.17,debit,23880.86,False
82b256b3-e,CUST78B23C,2026-03-16,Savings Transfer,INTERNAL XFER - SAVINGS,574.37,debit,23306.49,False
2e1c8167-3,CUST78B23C,2026-03-18,Dining/Restaurants,CAFE PURCHASE,286.47,debit,23020.02,False
5c783b45-5,CUST78B23C,2026-03-20,Rent/Installment,Home Loan Installment - AUTOPAY,5298.48,debit,17721.54,False
851d4de7-9,CUST78B23C,2026-03-22,Groceries,CARREFOUR HYPERMARKET,165.57,debit,17555.97,False
df0310a5-3,CUST78B23C,2026-03-23,Shopping,ONLINE STORE CHECKOUT,92.95,debit,17463.02,False
b1feef4d-2,CUST78B23C,2026-03-24,Transportation,CAREEM RIDE,114.72,debit,17348.3,False
11067a13-b,CUST78B23C,2026-03-24,Entertainment,CINEMA TICKET PURCHASE,387.1,debit,16961.2,False
090d9ea8-d,CUST78B23C,2026-03-25,Shopping,ONLINE STORE CHECKOUT,163.4,debit,16797.8,False
36d40317-c,CUST78B23C,2026-03-27,Groceries,POS PURCHASE - LOCAL MARKET,2603.05,debit,14194.75,False
1381eb68-9,CUST78B23C,2026-03-27,Healthcare,CLINIC VISIT FEE,104.57,debit,14090.18,False
165eb170-b,CUST78B23C,2026-03-27,Healthcare,PHARMACY PURCHASE,347.6,debit,13742.58,False
14014f6c-e,CUST78B23C,2026-03-28,Dining/Restaurants,POS - LOCAL RESTAURANT,313.57,debit,13429.01,False
f7b6736f-d,CUST78B23C,2026-04-01,Shopping,ONLINE STORE CHECKOUT,259.39,debit,13169.62,False
1de409df-0,CUST78B23C,2026-04-03,Salary,MONTHLY SALARY CREDIT,20400.0,credit,33569.62,False
225d104e-3,CUST78B23C,2026-04-03,Groceries,POS PURCHASE - LOCAL MARKET,262.74,debit,33306.88,False
fabbe276-7,CUST78B23C,2026-04-03,Savings Transfer,TRANSFER TO SAVINGS ACCT,84.24,debit,33222.64,False
06f54017-e,CUST78B23C,2026-04-04,Healthcare,CLINIC VISIT FEE,197.55,debit,33025.09,False
18453e35-f,CUST78B23C,2026-04-06,Subscriptions,NETFLIX.COM SUBSCRIPTION,271.85,debit,32753.24,False
be3e6cde-e,CUST78B23C,2026-04-07,Rent/Installment,Home Loan Installment - ONLINE,5592.5,debit,27160.74,False
c31f5e8e-2,CUST78B23C,2026-04-07,Savings Transfer,TRANSFER TO SAVINGS ACCT,404.5,debit,26756.24,False
3421eea8-5,CUST78B23C,2026-04-08,Groceries,SPINNEYS #653,649.15,debit,26107.09,False
c290bd0d-3,CUST78B23C,2026-04-10,Entertainment,GAMING STORE PURCHASE,274.62,debit,25832.47,False
f447544d-4,CUST78B23C,2026-04-10,Entertainment,NETFLIX PPV CHARGE,65.84,debit,25766.63,False
3ba7e13e-7,CUST78B23C,2026-04-12,Transportation,FUEL STATION PURCHASE,135.4,debit,25631.23,False
f40de5f5-3,CUST78B23C,2026-04-13,Entertainment,CINEMA TICKET PURCHASE,17.69,debit,25613.54,False
fc09c7a7-5,CUST78B23C,2026-04-15,Transportation,CAREEM RIDE,224.42,debit,25389.12,False
59d06d72-8,CUST78B23C,2026-04-16,Entertainment,NETFLIX PPV CHARGE,892.46,debit,24496.66,False
1b872d25-8,CUST78B23C,2026-04-17,Shopping,MALL PURCHASE - POS,254.85,debit,24241.81,False
9877d1c2-e,CUST78B23C,2026-04-18,Transportation,UBER *TRIP 576,158.93,debit,24082.88,False
0ad5d864-8,CUST78B23C,2026-04-19,Groceries,CARREFOUR HYPERMARKET,484.17,debit,23598.71,False
d3d5309a-b,CUST78B23C,2026-04-19,Transportation,UBER *TRIP 571,773.18,debit,22825.53,False
f5543710-c,CUST78B23C,2026-04-21,Utilities,Internet Bill - ONLINE,1227.61,debit,21597.92,False
64d21eb5-2,CUST78B23C,2026-04-21,Dining/Restaurants,MCDONALDS #455,29.0,debit,21568.92,False
05340487-5,CUST78B23C,2026-04-21,Savings Transfer,TRANSFER TO SAVINGS ACCT,23.43,debit,21545.49,False
aef6e2a2-c,CUST78B23C,2026-04-22,Dining/Restaurants,POS - LOCAL RESTAURANT,723.14,debit,20822.35,False
84cd80b6-c,CUST78B23C,2026-04-22,Healthcare,CLINIC VISIT FEE,397.85,debit,20424.5,False
43d8aa6c-2,CUST78B23C,2026-04-23,Savings Transfer,INTERNAL XFER - SAVINGS,189.35,debit,20235.15,False
8c00b539-3,CUST78B23C,2026-04-24,Shopping,AMAZON.EG ORDER,573.12,debit,19662.03,False
77f1eddf-f,CUST78B23C,2026-04-25,Shopping,MALL PURCHASE - POS,306.14,debit,19355.89,False
77e0af74-4,CUST78B23C,2026-04-25,Shopping,AMAZON.EG ORDER,404.92,debit,18950.97,False
c5180a72-a,CUST78B23C,2026-04-25,Savings Transfer,TRANSFER TO SAVINGS ACCT,1273.72,debit,17677.25,False
b6b991a3-c,CUST78B23C,2026-04-28,Groceries,POS PURCHASE - LOCAL MARKET,1066.98,debit,16610.27,False
acb3d349-a,CUST78B23C,2026-04-28,Dining/Restaurants,CAFE PURCHASE,559.01,debit,16051.26,False
dd168a2c-8,CUST78B23C,2026-05-01,Salary,MONTHLY SALARY CREDIT,20400.0,credit,36451.26,False
e9b9d47b-e,CUST78B23C,2026-05-01,Savings Transfer,TRANSFER TO SAVINGS ACCT,1760.19,debit,34691.07,False
1b08a77c-8,CUST78B23C,2026-05-02,Rent/Installment,Monthly Rent Transfer,5471.39,debit,29219.68,False
aee35812-f,CUST78B23C,2026-05-02,Dining/Restaurants,POS - LOCAL RESTAURANT,647.03,debit,28572.65,False
15e9ef11-3,CUST78B23C,2026-05-02,Shopping,AMAZON.EG ORDER,983.47,debit,27589.18,False
86e29cd6-e,CUST78B23C,2026-05-02,Shopping,ONLINE STORE CHECKOUT,427.2,debit,27161.98,False
55ff7746-e,CUST78B23C,2026-05-03,Groceries,CARREFOUR HYPERMARKET,713.65,debit,26448.33,False
95f1f2dd-c,CUST78B23C,2026-05-03,Dining/Restaurants,CAFE PURCHASE,85.75,debit,26362.58,False
3a821160-2,CUST78B23C,2026-05-03,Entertainment,NETFLIX PPV CHARGE,511.06,debit,25851.52,False
398f524d-a,CUST78B23C,2026-05-04,Transportation,CAREEM RIDE,37.69,debit,25813.83,False
3b3327e4-1,CUST78B23C,2026-05-04,Entertainment,NETFLIX PPV CHARGE,161.16,debit,25652.67,False
cb8efeba-0,CUST78B23C,2026-05-05,Groceries,POS PURCHASE - LOCAL MARKET,540.51,debit,25112.16,False
a99f9301-9,CUST78B23C,2026-05-05,Dining/Restaurants,MCDONALDS #937,100.26,debit,25011.9,False
17bca01b-9,CUST78B23C,2026-05-06,Utilities,ELECTRICITY BILL PMT,1177.41,debit,23834.49,False
e728959c-3,CUST78B23C,2026-05-06,Groceries,SPINNEYS #823,465.95,debit,23368.54,False
866f8f27-4,CUST78B23C,2026-05-06,Shopping,ONLINE STORE CHECKOUT,134.11,debit,23234.43,False
d6f04055-b,CUST78B23C,2026-05-06,Savings Transfer,INTERNAL XFER - SAVINGS,144.13,debit,23090.3,False
eb398af6-c,CUST78B23C,2026-05-07,Groceries,SPINNEYS #199,450.29,debit,22640.01,False
8d2b5da0-4,CUST78B23C,2026-05-07,Transportation,FUEL STATION PURCHASE,522.22,debit,22117.79,False
950f1d82-0,CUST78B23C,2026-05-07,Dining/Restaurants,POS - LOCAL RESTAURANT,276.83,debit,21840.96,False
cf8dfa09-1,CUST78B23C,2026-05-11,Transportation,CAREEM RIDE,52.13,debit,21788.83,False
5e56b167-8,CUST78B23C,2026-05-11,Healthcare,PHARMACY PURCHASE,76.47,debit,21712.36,False
56b8f203-1,CUST78B23C,2026-05-12,Transportation,FUEL STATION PURCHASE,10.47,debit,21701.89,False
cdc486e9-0,CUST78B23C,2026-05-13,Subscriptions,NETFLIX.COM SUBSCRIPTION,281.8,debit,21420.09,False
3b3260fc-2,CUST78B23C,2026-05-14,Entertainment,NETFLIX PPV CHARGE,208.44,debit,21211.65,False
0201035a-a,CUST78B23C,2026-05-15,Healthcare,PHARMACY PURCHASE,96.13,debit,21115.52,False
a87033d7-a,CUST78B23C,2026-05-16,Healthcare,PHARMACY PURCHASE,107.12,debit,21008.4,False
a02dfe58-2,CUST78B23C,2026-05-17,Transportation,UBER *TRIP 202,619.56,debit,20388.84,False
67a09129-c,CUST78B23C,2026-05-19,Shopping,ONLINE STORE CHECKOUT,319.44,debit,20069.4,False
2360cd79-5,CUST78B23C,2026-05-20,Groceries,SPINNEYS #286,159.79,debit,19909.61,False
90372484-1,CUST78B23C,2026-05-20,Entertainment,NETFLIX PPV CHARGE,344.46,debit,19565.15,False
39bc3fcf-2,CUST78B23C,2026-05-20,Healthcare,PHARMACY PURCHASE,130.54,debit,19434.61,False
ec4f1c97-8,CUST78B23C,2026-05-23,Dining/Restaurants,CAFE PURCHASE,421.63,debit,19012.98,False
b0bb1b2c-4,CUST78B23C,2026-05-23,Healthcare,PHARMACY PURCHASE,89.02,debit,18923.96,False
2a573c14-5,CUST78B23C,2026-05-25,Entertainment,CINEMA TICKET PURCHASE,191.98,debit,18731.98,False
c5574711-5,CUST78B23C,2026-06-02,Salary,MONTHLY SALARY CREDIT,20400.0,credit,39131.98,False
3bb5539d-e,CUST78B23C,2026-06-03,Dining/Restaurants,CAFE PURCHASE,344.56,debit,38787.42,False
b63e5348-b,CUST78B23C,2026-06-04,Entertainment,CINEMA TICKET PURCHASE,577.24,debit,38210.18,False
3f1f0082-e,CUST78B23C,2026-06-05,Shopping,MALL PURCHASE - POS,1354.41,debit,36855.77,False
f294687d-7,CUST78B23C,2026-06-05,Healthcare,CLINIC VISIT FEE,325.95,debit,36529.82,False
098a2c15-4,CUST78B23C,2026-06-05,Savings Transfer,INTERNAL XFER - SAVINGS,855.32,debit,35674.5,False
9bb0dbb0-1,CUST78B23C,2026-06-06,Healthcare,CLINIC VISIT FEE,247.09,debit,35427.41,False
4763f14b-b,CUST78B23C,2026-06-08,Transportation,UBER *TRIP 752,391.55,debit,35035.86,False
21f7c4cb-0,CUST78B23C,2026-06-08,Savings Transfer,TRANSFER TO SAVINGS ACCT,1330.45,debit,33705.41,False
5d60f766-e,CUST78B23C,2026-06-09,Groceries,SPINNEYS #806,549.01,debit,33156.4,False
1dcf7531-0,CUST78B23C,2026-06-09,Groceries,POS PURCHASE - LOCAL MARKET,325.1,debit,32831.3,False
a35c099a-8,CUST78B23C,2026-06-10,Dining/Restaurants,CAFE PURCHASE,133.72,debit,32697.58,False
2139e583-f,CUST78B23C,2026-06-13,Rent/Installment,ACH DEBIT - RENT PAYMENT,5510.33,debit,27187.25,False
618b2132-8,CUST78B23C,2026-06-14,Groceries,SPINNEYS #486,1424.97,debit,25762.28,False
11b8c390-a,CUST78B23C,2026-06-15,Transportation,UBER *TRIP 778,896.46,debit,24865.82,False
b3e3ec59-7,CUST78B23C,2026-06-17,Subscriptions,NETFLIX.COM SUBSCRIPTION,266.13,debit,24599.69,False
dd862d79-8,CUST78B23C,2026-06-20,Utilities,Internet Bill - AUTOPAY,1231.92,debit,23367.77,False
54ff518f-9,CUST78B23C,2026-06-20,Shopping,MALL PURCHASE - POS,431.83,debit,22935.94,False
bacbfa74-8,CUST78B23C,2026-06-22,Dining/Restaurants,CAFE PURCHASE,88.16,debit,22847.78,False
2307d741-f,CUST78B23C,2026-06-25,Dining/Restaurants,MCDONALDS #504,269.32,debit,22578.46,False
8be28108-d,CUST78B23C,2026-06-27,Groceries,CARREFOUR HYPERMARKET,380.65,debit,22197.81,False
8f86fd0c-f,CUST78B23C,2026-06-27,Entertainment,NETFLIX PPV CHARGE,653.67,debit,21544.14,False
b518717a-9,CUST78B23C,2026-06-28,Dining/Restaurants,CAFE PURCHASE,489.94,debit,21054.2,False
8a37015e-8,CUSTCC6448,2026-01-01,Healthcare,LAB TEST PAYMENT,12.33,debit,6354.22,False
3783d464-c,CUSTCC6448,2026-01-02,Healthcare,PHARMACY PURCHASE,63.48,debit,6290.74,False
3c220625-d,CUSTCC6448,2026-01-03,Salary,MONTHLY SALARY CREDIT,14500.0,credit,20790.74,False
0d2d2335-3,CUSTCC6448,2026-01-03,Transportation,UBER *TRIP 764,551.05,debit,20239.69,False
ba3ca596-e,CUSTCC6448,2026-01-05,Dining/Restaurants,POS - LOCAL RESTAURANT,122.87,debit,20116.82,False
d225e9d4-d,CUSTCC6448,2026-01-05,Savings Transfer,INTERNAL XFER - SAVINGS,55.74,debit,20061.08,False
9ca26b02-3,CUSTCC6448,2026-01-06,Dining/Restaurants,POS - LOCAL RESTAURANT,189.99,debit,19871.09,False
4bd332ee-1,CUSTCC6448,2026-01-07,Shopping,AMAZON.EG ORDER,320.5,debit,19550.59,False
3eed6a10-7,CUSTCC6448,2026-01-07,Shopping,ONLINE STORE CHECKOUT,71.64,debit,19478.95,False
b7a38439-4,CUSTCC6448,2026-01-08,Dining/Restaurants,MCDONALDS #393,52.99,debit,19425.96,False
46004f51-4,CUSTCC6448,2026-01-11,Savings Transfer,INTERNAL XFER - SAVINGS,10.28,debit,19415.68,False
7e26f344-4,CUSTCC6448,2026-01-12,Utilities,ELECTRICITY BILL PMT,680.87,debit,18734.81,False
f19238bc-0,CUSTCC6448,2026-01-12,Dining/Restaurants,CAFE PURCHASE,339.11,debit,18395.7,False
0e7f4335-b,CUSTCC6448,2026-01-13,Entertainment,NETFLIX PPV CHARGE,100.61,debit,18295.09,False
4f1a7b70-1,CUSTCC6448,2026-01-13,Subscriptions,NETFLIX.COM SUBSCRIPTION,227.93,debit,18067.16,False
8d4c3c39-1,CUSTCC6448,2026-01-17,Healthcare,CLINIC VISIT FEE,31.92,debit,18035.24,False
60529fd1-b,CUSTCC6448,2026-01-18,Entertainment,CINEMA TICKET PURCHASE,57.77,debit,17977.47,False
a6b197c4-8,CUSTCC6448,2026-01-18,Shopping,MALL PURCHASE - POS,272.02,debit,17705.45,False
a51b017c-a,CUSTCC6448,2026-01-18,Healthcare,PHARMACY PURCHASE,68.34,debit,17637.11,False
e1ba504c-7,CUSTCC6448,2026-01-19,Groceries,CARREFOUR HYPERMARKET,796.88,debit,16840.23,False
22c7ac2c-5,CUSTCC6448,2026-01-19,Transportation,FUEL STATION PURCHASE,426.62,debit,16413.61,False
70d86693-9,CUSTCC6448,2026-01-19,Healthcare,LAB TEST PAYMENT,35.33,debit,16378.28,False
4c3100f4-c,CUSTCC6448,2026-01-20,Rent/Installment,Monthly Rent Transfer,2975.3,debit,13402.98,False
cf92d50f-d,CUSTCC6448,2026-01-22,Shopping,ONLINE STORE CHECKOUT,318.94,debit,13084.04,False
f644e6b7-e,CUSTCC6448,2026-01-24,Dining/Restaurants,MCDONALDS #497,49.16,debit,13034.88,False
02e54873-6,CUSTCC6448,2026-01-24,Entertainment,NETFLIX PPV CHARGE,116.08,debit,12918.8,False
544cae24-1,CUSTCC6448,2026-01-25,Groceries,POS PURCHASE - LOCAL MARKET,1293.51,debit,11625.29,False
db204280-d,CUSTCC6448,2026-01-26,Savings Transfer,TRANSFER TO SAVINGS ACCT,89.34,debit,11535.95,False
094435c6-5,CUSTCC6448,2026-01-27,Entertainment,GAMING STORE PURCHASE,126.77,debit,11409.18,False
88354a4f-e,CUSTCC6448,2026-02-01,Healthcare,CLINIC VISIT FEE,166.92,debit,11242.26,False
03d3ef09-2,CUSTCC6448,2026-02-03,Salary,MONTHLY SALARY CREDIT,14500.0,credit,25742.26,False
8f2737e6-3,CUSTCC6448,2026-02-03,Utilities,ELECTRICITY BILL PMT,662.59,debit,25079.67,False
2ea347b3-1,CUSTCC6448,2026-02-03,Savings Transfer,INTERNAL XFER - SAVINGS,46.66,debit,25033.01,False
3dd4132e-f,CUSTCC6448,2026-02-04,Transportation,FUEL STATION PURCHASE,97.9,debit,24935.11,False
cdd2c071-4,CUSTCC6448,2026-02-04,Dining/Restaurants,CAFE PURCHASE,183.23,debit,24751.88,False
63f5b41d-9,CUSTCC6448,2026-02-04,Dining/Restaurants,MCDONALDS #238,23.4,debit,24728.48,False
3590e589-1,CUSTCC6448,2026-02-06,Transportation,CAREEM RIDE,221.18,debit,24507.3,False
0bdec78f-e,CUSTCC6448,2026-02-06,Entertainment,CINEMA TICKET PURCHASE,135.02,debit,24372.28,False
5bc5f649-8,CUSTCC6448,2026-02-07,Groceries,SPINNEYS #960,1337.8,debit,23034.48,False
1ff49dd3-c,CUSTCC6448,2026-02-08,Shopping,ONLINE STORE CHECKOUT,455.11,debit,22579.37,False
557ccdcd-8,CUSTCC6448,2026-02-09,Shopping,ONLINE STORE CHECKOUT,147.22,debit,22432.15,False
b2770c26-e,CUSTCC6448,2026-02-09,Savings Transfer,TRANSFER TO SAVINGS ACCT,5.0,debit,22427.15,False
aace125c-0,CUSTCC6448,2026-02-09,Savings Transfer,TRANSFER TO SAVINGS ACCT,46.99,debit,22380.16,False
ec4ef826-c,CUSTCC6448,2026-02-11,Entertainment,CINEMA TICKET PURCHASE,233.88,debit,22146.28,False
7d51c291-1,CUSTCC6448,2026-02-11,Entertainment,NETFLIX PPV CHARGE,12.26,debit,22134.02,False
7119eda0-6,CUSTCC6448,2026-02-11,Shopping,AMAZON.EG ORDER,239.12,debit,21894.9,False
fcc67d7c-f,CUSTCC6448,2026-02-11,Savings Transfer,TRANSFER TO SAVINGS ACCT,16.06,debit,21878.84,False
2c97a61e-2,CUSTCC6448,2026-02-12,Groceries,CARREFOUR HYPERMARKET,610.34,debit,21268.5,False
8f0a0eb8-5,CUSTCC6448,2026-02-12,Savings Transfer,INTERNAL XFER - SAVINGS,41.39,debit,21227.11,False
29c66cc5-9,CUSTCC6448,2026-02-15,Shopping,MALL PURCHASE - POS,104.76,debit,21122.35,False
56d5b6ea-9,CUSTCC6448,2026-02-16,Dining/Restaurants,POS - LOCAL RESTAURANT,307.58,debit,20814.77,False
bb94d329-6,CUSTCC6448,2026-02-20,Transportation,CAREEM RIDE,155.17,debit,20659.6,False
e8666a4e-5,CUSTCC6448,2026-02-20,Healthcare,PHARMACY PURCHASE,25.08,debit,20634.52,False
b75f504b-7,CUSTCC6448,2026-02-21,Rent/Installment,ACH DEBIT - RENT PAYMENT,2973.13,debit,17661.39,False
530e2837-f,CUSTCC6448,2026-02-22,Entertainment,NETFLIX PPV CHARGE,21.71,debit,17639.68,False
68a2028f-4,CUSTCC6448,2026-02-23,Transportation,UBER *TRIP 396,429.24,debit,17210.44,False
6ea200af-f,CUSTCC6448,2026-02-25,Dining/Restaurants,MCDONALDS #700,108.84,debit,17101.6,False
8b3de41e-0,CUSTCC6448,2026-02-25,Subscriptions,GYM MEMBERSHIP AUTOPAY,226.32,debit,16875.28,False
bb808e4e-a,CUSTCC6448,2026-02-26,Entertainment,GAMING STORE PURCHASE,9.78,debit,16865.5,False
d57d4987-8,CUSTCC6448,2026-02-27,Dining/Restaurants,POS - LOCAL RESTAURANT,111.68,debit,16753.82,False
0b2d3d62-3,CUSTCC6448,2026-02-28,Shopping,MALL PURCHASE - POS,15.34,debit,16738.48,False
8293082a-4,CUSTCC6448,2026-03-01,Salary,MONTHLY SALARY CREDIT,14500.0,credit,31238.48,False
dbf4eb0f-2,CUSTCC6448,2026-03-01,Groceries,POS PURCHASE - LOCAL MARKET,20.53,debit,31217.95,False
f520e29f-2,CUSTCC6448,2026-03-02,Transportation,FUEL STATION PURCHASE,312.48,debit,30905.47,False
f9012c04-6,CUSTCC6448,2026-03-02,Transportation,FUEL STATION PURCHASE,316.41,debit,30589.06,False
404b1c10-c,CUSTCC6448,2026-03-02,Healthcare,LAB TEST PAYMENT,34.72,debit,30554.34,False
d7c45826-e,CUSTCC6448,2026-03-03,Utilities,ELECTRICITY BILL PMT,586.16,debit,29968.18,False
5ed03df3-b,CUSTCC6448,2026-03-03,Healthcare,CLINIC VISIT FEE,17.61,debit,29950.57,False
78e6eb89-f,CUSTCC6448,2026-03-05,Rent/Installment,ACH DEBIT - RENT PAYMENT,2673.14,debit,27277.43,False
c708570a-1,CUSTCC6448,2026-03-06,Shopping,MALL PURCHASE - POS,836.57,debit,26440.86,False
2f8be42d-c,CUSTCC6448,2026-03-07,Entertainment,NETFLIX PPV CHARGE,71.64,debit,26369.22,False
7c22be59-0,CUSTCC6448,2026-03-10,Savings Transfer,INTERNAL XFER - SAVINGS,20.26,debit,26348.96,False
4aa03b29-1,CUSTCC6448,2026-03-12,Savings Transfer,TRANSFER TO SAVINGS ACCT,5.0,debit,26343.96,False
fb9b2bae-4,CUSTCC6448,2026-03-14,Subscriptions,GYM MEMBERSHIP AUTOPAY,227.45,debit,26116.51,False
d26fa7c8-4,CUSTCC6448,2026-03-16,Dining/Restaurants,CAFE PURCHASE,138.31,debit,25978.2,False
d1a8ca01-d,CUSTCC6448,2026-03-16,Dining/Restaurants,POS - LOCAL RESTAURANT,195.4,debit,25782.8,False
e8c41482-1,CUSTCC6448,2026-03-19,Dining/Restaurants,MCDONALDS #553,367.3,debit,25415.5,False
eadfe7a9-1,CUSTCC6448,2026-03-19,Entertainment,CINEMA TICKET PURCHASE,335.77,debit,25079.73,False
560bf76f-5,CUSTCC6448,2026-03-21,Healthcare,LAB TEST PAYMENT,104.93,debit,24974.8,False
436ba91c-8,CUSTCC6448,2026-03-23,Transportation,UBER *TRIP 103,17.41,debit,24957.39,False
79e946aa-1,CUSTCC6448,2026-03-24,Transportation,UBER *TRIP 290,265.99,debit,24691.4,False
28592dd5-c,CUSTCC6448,2026-03-24,Savings Transfer,INTERNAL XFER - SAVINGS,9.89,debit,24681.51,False
b8664073-c,CUSTCC6448,2026-03-24,Savings Transfer,INTERNAL XFER - SAVINGS,64.87,debit,24616.64,False
8fc1fbd1-c,CUSTCC6448,2026-03-24,Savings Transfer,TRANSFER TO SAVINGS ACCT,33.18,debit,24583.46,False
4e35cc2a-6,CUSTCC6448,2026-03-25,Healthcare,PHARMACY PURCHASE,40.52,debit,24542.94,False
dcdf87a1-e,CUSTCC6448,2026-03-26,Transportation,FUEL STATION PURCHASE,32.05,debit,24510.89,False
cf1be53a-7,CUSTCC6448,2026-03-28,Groceries,POS PURCHASE - LOCAL MARKET,2107.99,debit,22402.9,False
b53c41ff-1,CUSTCC6448,2026-03-28,Shopping,MALL PURCHASE - POS,193.94,debit,22208.96,False
f1388441-2,CUSTCC6448,2026-04-01,Salary,MONTHLY SALARY CREDIT,14500.0,credit,36708.96,False
779eb4cd-c,CUSTCC6448,2026-04-01,Groceries,CARREFOUR HYPERMARKET,769.89,debit,35939.07,False
99136b11-6,CUSTCC6448,2026-04-01,Transportation,CAREEM RIDE,408.81,debit,35530.26,False
a65ac292-e,CUSTCC6448,2026-04-04,Transportation,UBER *TRIP 500,184.7,debit,35345.56,False
5853af49-8,CUSTCC6448,2026-04-04,Dining/Restaurants,MCDONALDS #431,165.69,debit,35179.87,False
77734b40-d,CUSTCC6448,2026-04-04,Entertainment,GAMING STORE PURCHASE,41.74,debit,35138.13,False
445d48b5-4,CUSTCC6448,2026-04-05,Transportation,CAREEM RIDE,410.78,debit,34727.35,False
5211675f-9,CUSTCC6448,2026-04-05,Healthcare,LAB TEST PAYMENT,65.55,debit,34661.8,False
eb1beea6-4,CUSTCC6448,2026-04-06,Entertainment,NETFLIX PPV CHARGE,5.0,debit,34656.8,False
a9d1cc8b-d,CUSTCC6448,2026-04-10,Entertainment,NETFLIX PPV CHARGE,149.2,debit,34507.6,False
6fddd0e2-0,CUSTCC6448,2026-04-11,Shopping,ONLINE STORE CHECKOUT,60.88,debit,34446.72,False
6eb4d957-9,CUSTCC6448,2026-04-11,Savings Transfer,TRANSFER TO SAVINGS ACCT,51.71,debit,34395.01,False
da5a2040-3,CUSTCC6448,2026-04-12,Rent/Installment,Home Loan Installment - AUTOPAY,2684.78,debit,31710.23,False
2d7c4227-a,CUSTCC6448,2026-04-12,Groceries,CARREFOUR HYPERMARKET,523.44,debit,31186.79,False
7a72c011-8,CUSTCC6448,2026-04-13,Groceries,POS PURCHASE - LOCAL MARKET,703.46,debit,30483.33,False
e294ec62-3,CUSTCC6448,2026-04-13,Healthcare,PHARMACY PURCHASE,5.0,debit,30478.33,False
d8d8c809-f,CUSTCC6448,2026-04-14,Dining/Restaurants,POS - LOCAL RESTAURANT,159.09,debit,30319.24,False
f0ccee46-9,CUSTCC6448,2026-04-16,Dining/Restaurants,CAFE PURCHASE,180.78,debit,30138.46,False
9c20933e-d,CUSTCC6448,2026-04-16,Dining/Restaurants,CAFE PURCHASE,192.99,debit,29945.47,False
d3374383-1,CUSTCC6448,2026-04-17,Healthcare,CLINIC VISIT FEE,14.78,debit,29930.69,False
6b2f55be-f,CUSTCC6448,2026-04-18,Shopping,MALL PURCHASE - POS,200.18,debit,29730.51,False
ee7d63ed-f,CUSTCC6448,2026-04-20,Subscriptions,NETFLIX.COM SUBSCRIPTION,246.96,debit,29483.55,False
e2170a86-4,CUSTCC6448,2026-04-21,Shopping,MALL PURCHASE - POS,141.14,debit,29342.41,False
7a59efb0-2,CUSTCC6448,2026-04-22,Entertainment,GAMING STORE PURCHASE,113.66,debit,29228.75,False
48bff949-f,CUSTCC6448,2026-04-23,Shopping,AMAZON.EG ORDER,29.01,debit,29199.74,False
9456dbae-f,CUSTCC6448,2026-04-23,Healthcare,PHARMACY PURCHASE,22.89,debit,29176.85,False
aabd68e3-a,CUSTCC6448,2026-04-24,Healthcare,CLINIC VISIT FEE,103.84,debit,29073.01,False
6cbd394b-b,CUSTCC6448,2026-04-26,Utilities,WATER CO. AUTOPAY,604.62,debit,28468.39,False
4bd5a144-c,CUSTCC6448,2026-04-26,Entertainment,GAMING STORE PURCHASE,75.65,debit,28392.74,False
5b4e6dcf-6,CUSTCC6448,2026-04-26,Shopping,ONLINE STORE CHECKOUT,533.29,debit,27859.45,False
c3aecf97-2,CUSTCC6448,2026-04-26,Savings Transfer,INTERNAL XFER - SAVINGS,43.1,debit,27816.35,False
2b2993ca-c,CUSTCC6448,2026-04-27,Savings Transfer,INTERNAL XFER - SAVINGS,46.11,debit,27770.24,False
447ceae4-d,CUSTCC6448,2026-05-01,Salary,MONTHLY SALARY CREDIT,14500.0,credit,42270.24,False
b5b4335d-f,CUSTCC6448,2026-05-02,Entertainment,GAMING STORE PURCHASE,236.7,debit,42033.54,False
b783eb0d-a,CUSTCC6448,2026-05-02,Healthcare,PHARMACY PURCHASE,180.98,debit,41852.56,False
3d4c0466-1,CUSTCC6448,2026-05-03,Groceries,SPINNEYS #576,312.4,debit,41540.16,False
0a8fe707-b,CUSTCC6448,2026-05-05,Groceries,SPINNEYS #125,21.05,debit,41519.11,False
3e5fe24b-c,CUSTCC6448,2026-05-05,Entertainment,NETFLIX PPV CHARGE,5.0,debit,41514.11,False
30102ec1-3,CUSTCC6448,2026-05-05,Entertainment,CINEMA TICKET PURCHASE,131.71,debit,41382.4,False
9b68b9be-8,CUSTCC6448,2026-05-06,Groceries,POS PURCHASE - LOCAL MARKET,349.83,debit,41032.57,False
ba790f88-4,CUSTCC6448,2026-05-06,Entertainment,GAMING STORE PURCHASE,48.85,debit,40983.72,False
932c8c38-6,CUSTCC6448,2026-05-10,Transportation,UBER *TRIP 700,169.32,debit,40814.4,False
679216ab-6,CUSTCC6448,2026-05-11,Transportation,UBER *TRIP 226,221.01,debit,40593.39,False
e7dc10c6-9,CUSTCC6448,2026-05-11,Dining/Restaurants,CAFE PURCHASE,263.1,debit,40330.29,False
76f0106b-8,CUSTCC6448,2026-05-12,Transportation,UBER *TRIP 422,336.83,debit,39993.46,False
a21b269f-4,CUSTCC6448,2026-05-15,Groceries,POS PURCHASE - LOCAL MARKET,762.85,debit,39230.61,False
a66b2362-4,CUSTCC6448,2026-05-16,Shopping,MALL PURCHASE - POS,351.94,debit,38878.67,False
c41a15ba-7,CUSTCC6448,2026-05-17,Shopping,MALL PURCHASE - POS,77.52,debit,38801.15,False
22b67dc5-7,CUSTCC6448,2026-05-20,Rent/Installment,Monthly Rent Transfer,3225.57,debit,35575.58,False
62c1ef68-7,CUSTCC6448,2026-05-21,Groceries,POS PURCHASE - LOCAL MARKET,482.23,debit,35093.35,False
11f7dac1-b,CUSTCC6448,2026-05-21,Dining/Restaurants,POS - LOCAL RESTAURANT,445.85,debit,34647.5,False
a08b1740-2,CUSTCC6448,2026-05-22,Savings Transfer,INTERNAL XFER - SAVINGS,77.11,debit,34570.39,False
c2ab0aa5-e,CUSTCC6448,2026-05-23,Shopping,AMAZON.EG ORDER,352.0,debit,34218.39,False
9ccf4d0d-7,CUSTCC6448,2026-05-24,Utilities,ELECTRICITY BILL PMT,655.88,debit,33562.51,False
186d1e0f-4,CUSTCC6448,2026-05-25,Savings Transfer,INTERNAL XFER - SAVINGS,49.87,debit,33512.64,False
095ae44f-e,CUSTCC6448,2026-05-25,Savings Transfer,INTERNAL XFER - SAVINGS,27.43,debit,33485.21,False
157f1236-e,CUSTCC6448,2026-05-27,Shopping,AMAZON.EG ORDER,259.31,debit,33225.9,False
6787cee7-4,CUSTCC6448,2026-05-27,Healthcare,LAB TEST PAYMENT,10.02,debit,33215.88,False
d275dd1c-2,CUSTCC6448,2026-05-28,Transportation,CAREEM RIDE,128.92,debit,33086.96,False
820f52b9-8,CUSTCC6448,2026-05-28,Subscriptions,SPOTIFY AB,218.85,debit,32868.11,False
9ef39ea5-8,CUSTCC6448,2026-06-01,Salary,MONTHLY SALARY CREDIT,14500.0,credit,47368.11,False
456c2e14-f,CUSTCC6448,2026-06-01,Groceries,POS PURCHASE - LOCAL MARKET,330.39,debit,47037.72,False
90acb44e-e,CUSTCC6448,2026-06-01,Transportation,CAREEM RIDE,65.13,debit,46972.59,False
e09dee0b-b,CUSTCC6448,2026-06-01,Entertainment,NETFLIX PPV CHARGE,129.06,debit,46843.53,False
77b70227-3,CUSTCC6448,2026-06-01,Savings Transfer,TRANSFER TO SAVINGS ACCT,72.52,debit,46771.01,False
a45a972c-6,CUSTCC6448,2026-06-02,Rent/Installment,ACH DEBIT - RENT PAYMENT,2777.82,debit,43993.19,False
c12e21ab-2,CUSTCC6448,2026-06-04,Transportation,FUEL STATION PURCHASE,254.14,debit,43739.05,False
6a2adcc1-e,CUSTCC6448,2026-06-04,Shopping,AMAZON.EG ORDER,113.86,debit,43625.19,False
322f73a6-3,CUSTCC6448,2026-06-04,Healthcare,CLINIC VISIT FEE,5.93,debit,43619.26,False
d66074ff-1,CUSTCC6448,2026-06-07,Transportation,UBER *TRIP 215,649.67,debit,42969.59,False
ae1d8bbd-d,CUSTCC6448,2026-06-07,Entertainment,NETFLIX PPV CHARGE,157.39,debit,42812.2,False
59312c84-9,CUSTCC6448,2026-06-08,Savings Transfer,INTERNAL XFER - SAVINGS,51.02,debit,42761.18,False
635df06c-a,CUSTCC6448,2026-06-09,Shopping,AMAZON.EG ORDER,16.31,debit,42744.87,False
7438705c-1,CUSTCC6448,2026-06-10,Groceries,SPINNEYS #669,531.48,debit,42213.39,False
edea0aed-6,CUSTCC6448,2026-06-12,Utilities,Internet Bill - ONLINE,625.56,debit,41587.83,False
bf7459be-2,CUSTCC6448,2026-06-12,Healthcare,PHARMACY PURCHASE,151.38,debit,41436.45,False
e6d3b1e0-8,CUSTCC6448,2026-06-17,Groceries,SPINNEYS #263,1308.09,debit,40128.36,False
0ea95e3e-0,CUSTCC6448,2026-06-18,Shopping,ONLINE STORE CHECKOUT,170.86,debit,39957.5,False
de073b4d-4,CUSTCC6448,2026-06-19,Entertainment,NETFLIX PPV CHARGE,22.89,debit,39934.61,False
2852f523-6,CUSTCC6448,2026-06-19,Subscriptions,NETFLIX.COM SUBSCRIPTION,231.47,debit,39703.14,False
639a5c5f-5,CUSTCC6448,2026-06-20,Shopping,AMAZON.EG ORDER,395.38,debit,39307.76,False
6b0de89f-b,CUSTCC6448,2026-06-21,Healthcare,PHARMACY PURCHASE,46.75,debit,39261.01,False
d4bba615-a,CUSTCC6448,2026-06-22,Transportation,FUEL STATION PURCHASE,7.25,debit,39253.76,False
75987b68-1,CUSTCC6448,2026-06-22,Savings Transfer,TRANSFER TO SAVINGS ACCT,16.9,debit,39236.86,False
1e8800da-d,CUSTCC6448,2026-06-24,Dining/Restaurants,CAFE PURCHASE,182.8,debit,39054.06,False
6e3b9a89-e,CUSTCC6448,2026-06-27,Entertainment,CINEMA TICKET PURCHASE,111.63,debit,38942.43,False
7c4cc378-e,CUSTCC6448,2026-06-28,Dining/Restaurants,MCDONALDS #304,527.96,debit,38414.47,False
e1b9e07b-9,CUSTCC6448,2026-06-28,Shopping,AMAZON.EG ORDER,337.49,debit,38076.98,False
d9b2f734-f,CUSTFE16F7,2026-01-01,Salary,MONTHLY SALARY CREDIT,17600.0,credit,28633.94,False
f38db3ec-e,CUSTFE16F7,2026-01-03,Savings Transfer,INTERNAL XFER - SAVINGS,635.15,debit,27998.79,False
a861fe14-9,CUSTFE16F7,2026-01-05,Transportation,CAREEM RIDE,491.14,debit,27507.65,False
edf82eb7-2,CUSTFE16F7,2026-01-05,Entertainment,CINEMA TICKET PURCHASE,39.83,debit,27467.82,False
9840743f-2,CUSTFE16F7,2026-01-05,Healthcare,LAB TEST PAYMENT,159.1,debit,27308.72,False
64cd800d-9,CUSTFE16F7,2026-01-08,Groceries,POS PURCHASE - LOCAL MARKET,36.13,debit,27272.59,False
5e178545-4,CUSTFE16F7,2026-01-08,Healthcare,LAB TEST PAYMENT,50.28,debit,27222.31,False
2043c97f-0,CUSTFE16F7,2026-01-09,Utilities,Internet Bill - ONLINE,901.23,debit,26321.08,False
ede3284e-a,CUSTFE16F7,2026-01-09,Dining/Restaurants,MCDONALDS #440,73.63,debit,26247.45,False
dbabe496-d,CUSTFE16F7,2026-01-10,Savings Transfer,TRANSFER TO SAVINGS ACCT,647.46,debit,25599.99,False
ffb716b1-e,CUSTFE16F7,2026-01-12,Transportation,FUEL STATION PURCHASE,302.08,debit,25297.91,False
a52c5127-0,CUSTFE16F7,2026-01-12,Transportation,CAREEM RIDE,194.2,debit,25103.71,False
637badf1-5,CUSTFE16F7,2026-01-12,Dining/Restaurants,POS - LOCAL RESTAURANT,408.41,debit,24695.3,False
ab159f80-e,CUSTFE16F7,2026-01-13,Entertainment,CINEMA TICKET PURCHASE,272.76,debit,24422.54,False
52a85f94-b,CUSTFE16F7,2026-01-13,Healthcare,PHARMACY PURCHASE,183.14,debit,24239.4,False
dc198b03-1,CUSTFE16F7,2026-01-16,Groceries,CARREFOUR HYPERMARKET,189.42,debit,24049.98,False
e8200fe8-6,CUSTFE16F7,2026-01-16,Dining/Restaurants,CAFE PURCHASE,114.84,debit,23935.14,False
609949f1-a,CUSTFE16F7,2026-01-18,Transportation,UBER *TRIP 482,95.77,debit,23839.37,False
771259cc-f,CUSTFE16F7,2026-01-19,Rent/Installment,ACH DEBIT - RENT PAYMENT,3918.12,debit,19921.25,False
cbebf624-4,CUSTFE16F7,2026-01-19,Shopping,AMAZON.EG ORDER,555.21,debit,19366.04,False
ad222b7f-a,CUSTFE16F7,2026-01-21,Groceries,CARREFOUR HYPERMARKET,366.32,debit,18999.72,False
52bb5426-2,CUSTFE16F7,2026-01-21,Dining/Restaurants,POS - LOCAL RESTAURANT,168.18,debit,18831.54,False
50549183-d,CUSTFE16F7,2026-01-22,Shopping,AMAZON.EG ORDER,513.39,debit,18318.15,False
ce4e0f7b-5,CUSTFE16F7,2026-01-24,Healthcare,CLINIC VISIT FEE,71.17,debit,18246.98,False
03435a5b-e,CUSTFE16F7,2026-01-26,Subscriptions,SPOTIFY AB,196.04,debit,18050.94,False
fbfaee83-1,CUSTFE16F7,2026-01-27,Groceries,SPINNEYS #672,887.91,debit,17163.03,False
6ab1aaec-9,CUSTFE16F7,2026-01-27,Entertainment,GAMING STORE PURCHASE,367.27,debit,16795.76,False
be132867-4,CUSTFE16F7,2026-01-28,Dining/Restaurants,CAFE PURCHASE,12.83,debit,16782.93,False
a22ea275-c,CUSTFE16F7,2026-02-01,Salary,MONTHLY SALARY CREDIT,17600.0,credit,34382.93,False
204d1d6b-c,CUSTFE16F7,2026-02-01,Transportation,CAREEM RIDE,390.96,debit,33991.97,False
1926d503-2,CUSTFE16F7,2026-02-02,Transportation,CAREEM RIDE,827.42,debit,33164.55,False
db0fa11f-8,CUSTFE16F7,2026-02-02,Savings Transfer,INTERNAL XFER - SAVINGS,55.6,debit,33108.95,False
bb28c324-3,CUSTFE16F7,2026-02-03,Dining/Restaurants,MCDONALDS #841,14.35,debit,33094.6,False
ab74074c-0,CUSTFE16F7,2026-02-07,Rent/Installment,ACH DEBIT - RENT PAYMENT,3902.83,debit,29191.77,False
53f807cf-b,CUSTFE16F7,2026-02-07,Utilities,ELECTRICITY BILL PMT,791.67,debit,28400.1,False
573e2ca9-4,CUSTFE16F7,2026-02-11,Entertainment,NETFLIX PPV CHARGE,345.76,debit,28054.34,False
52f6bf16-5,CUSTFE16F7,2026-02-11,Savings Transfer,INTERNAL XFER - SAVINGS,800.57,debit,27253.77,False
439a48f0-7,CUSTFE16F7,2026-02-12,Groceries,CARREFOUR HYPERMARKET,668.79,debit,26584.98,False
5ea0e10d-3,CUSTFE16F7,2026-02-12,Dining/Restaurants,CAFE PURCHASE,359.63,debit,26225.35,False
6e837eba-2,CUSTFE16F7,2026-02-13,Dining/Restaurants,MCDONALDS #599,139.89,debit,26085.46,False
14eadbd3-8,CUSTFE16F7,2026-02-14,Entertainment,CINEMA TICKET PURCHASE,292.06,debit,25793.4,False
7e6b700e-a,CUSTFE16F7,2026-02-15,Shopping,AMAZON.EG ORDER,859.94,debit,24933.46,False
3c396bf6-d,CUSTFE16F7,2026-02-15,Shopping,MALL PURCHASE - POS,59.25,debit,24874.21,False
d6acbe7b-4,CUSTFE16F7,2026-02-15,Savings Transfer,TRANSFER TO SAVINGS ACCT,203.98,debit,24670.23,False
e6cabc13-7,CUSTFE16F7,2026-02-16,Dining/Restaurants,POS - LOCAL RESTAURANT,141.05,debit,24529.18,False
a779c802-0,CUSTFE16F7,2026-02-16,Healthcare,PHARMACY PURCHASE,318.92,debit,24210.26,False
0f233e62-3,CUSTFE16F7,2026-02-16,Savings Transfer,TRANSFER TO SAVINGS ACCT,137.57,debit,24072.69,False
4f1c7d5e-b,CUSTFE16F7,2026-02-18,Subscriptions,GYM MEMBERSHIP AUTOPAY,184.85,debit,23887.84,False
34bda60d-4,CUSTFE16F7,2026-02-20,Groceries,SPINNEYS #451,453.28,debit,23434.56,False
775b0887-9,CUSTFE16F7,2026-02-20,Groceries,POS PURCHASE - LOCAL MARKET,74.89,debit,23359.67,False
4eb80906-5,CUSTFE16F7,2026-02-21,Dining/Restaurants,MCDONALDS #565,195.86,debit,23163.81,False
2bb59790-9,CUSTFE16F7,2026-02-22,Groceries,SPINNEYS #110,161.61,debit,23002.2,False
6c79282b-5,CUSTFE16F7,2026-02-25,Savings Transfer,TRANSFER TO SAVINGS ACCT,56.6,debit,22945.6,False
a148d5b3-b,CUSTFE16F7,2026-02-28,Entertainment,NETFLIX PPV CHARGE,98.97,debit,22846.63,False
2411a579-a,CUSTFE16F7,2026-02-28,Healthcare,PHARMACY PURCHASE,137.84,debit,22708.79,False
82d23176-2,CUSTFE16F7,2026-03-01,Salary,MONTHLY SALARY CREDIT,17600.0,credit,40308.79,False
2e636fbc-1,CUSTFE16F7,2026-03-01,Entertainment,NETFLIX PPV CHARGE,567.9,debit,39740.89,False
8dc65285-7,CUSTFE16F7,2026-03-01,Savings Transfer,TRANSFER TO SAVINGS ACCT,78.18,debit,39662.71,False
d1f986ef-1,CUSTFE16F7,2026-03-03,Transportation,FUEL STATION PURCHASE,895.14,debit,38767.57,False
a8cfa4f8-9,CUSTFE16F7,2026-03-05,Dining/Restaurants,POS - LOCAL RESTAURANT,181.08,debit,38586.49,False
ae9fccaa-4,CUSTFE16F7,2026-03-06,Savings Transfer,TRANSFER TO SAVINGS ACCT,169.44,debit,38417.05,False
b2f3e4a4-1,CUSTFE16F7,2026-03-07,Transportation,CAREEM RIDE,95.08,debit,38321.97,False
0e5708cc-1,CUSTFE16F7,2026-03-07,Shopping,ONLINE STORE CHECKOUT,766.89,debit,37555.08,False
5e5be7a5-0,CUSTFE16F7,2026-03-08,Healthcare,LAB TEST PAYMENT,352.67,debit,37202.41,False
7493feb0-2,CUSTFE16F7,2026-03-09,Groceries,SPINNEYS #670,164.59,debit,37037.82,False
c37b287c-5,CUSTFE16F7,2026-03-09,Groceries,POS PURCHASE - LOCAL MARKET,249.48,debit,36788.34,False
8cc9c825-a,CUSTFE16F7,2026-03-12,Transportation,FUEL STATION PURCHASE,110.53,debit,36677.81,False
1cb15c3e-b,CUSTFE16F7,2026-03-12,Savings Transfer,INTERNAL XFER - SAVINGS,487.62,debit,36190.19,False
afb6cba1-1,CUSTFE16F7,2026-03-13,Groceries,POS PURCHASE - LOCAL MARKET,565.24,debit,35624.95,False
c1be9492-9,CUSTFE16F7,2026-03-13,Shopping,ONLINE STORE CHECKOUT,133.44,debit,35491.51,False
0cced0c1-9,CUSTFE16F7,2026-03-14,Groceries,CARREFOUR HYPERMARKET,568.59,debit,34922.92,False
14faffd1-0,CUSTFE16F7,2026-03-16,Shopping,AMAZON.EG ORDER,56.82,debit,34866.1,False
96e091d1-0,CUSTFE16F7,2026-03-16,Savings Transfer,INTERNAL XFER - SAVINGS,117.96,debit,34748.14,False
45b44dec-4,CUSTFE16F7,2026-03-17,Healthcare,PHARMACY PURCHASE,30.23,debit,34717.91,False
bf59d0e0-2,CUSTFE16F7,2026-03-20,Rent/Installment,Monthly Rent Transfer,3316.1,debit,31401.81,False
bfb62047-1,CUSTFE16F7,2026-03-22,Entertainment,NETFLIX PPV CHARGE,72.17,debit,31329.64,False
433ff143-c,CUSTFE16F7,2026-03-23,Dining/Restaurants,POS - LOCAL RESTAURANT,598.62,debit,30731.02,False
f98eb90f-5,CUSTFE16F7,2026-03-26,Utilities,Internet Bill - NBE,824.75,debit,29906.27,False
6f070d1b-7,CUSTFE16F7,2026-03-26,Subscriptions,NETFLIX.COM SUBSCRIPTION,190.65,debit,29715.62,False
13d1156c-2,CUSTFE16F7,2026-03-27,Healthcare,LAB TEST PAYMENT,61.72,debit,29653.9,False
b3ef0ce8-b,CUSTFE16F7,2026-03-27,Savings Transfer,TRANSFER TO SAVINGS ACCT,456.91,debit,29196.99,False
37cbb76f-b,CUSTFE16F7,2026-04-02,Salary,MONTHLY SALARY CREDIT,17600.0,credit,46796.99,False
aaebdbae-7,CUSTFE16F7,2026-04-03,Rent/Installment,Home Loan Installment - NBE,3577.5,debit,43219.49,False
51e00a6f-f,CUSTFE16F7,2026-04-04,Savings Transfer,INTERNAL XFER - SAVINGS,89.25,debit,43130.24,False
d42e7ff7-1,CUSTFE16F7,2026-04-07,Shopping,ONLINE STORE CHECKOUT,736.89,debit,42393.35,False
323042b7-3,CUSTFE16F7,2026-04-07,Shopping,MALL PURCHASE - POS,211.71,debit,42181.64,False
d0e2deb0-f,CUSTFE16F7,2026-04-09,Dining/Restaurants,POS - LOCAL RESTAURANT,218.6,debit,41963.04,False
c11ce6f7-3,CUSTFE16F7,2026-04-09,Entertainment,GAMING STORE PURCHASE,259.91,debit,41703.13,False
21e8b94b-2,CUSTFE16F7,2026-04-10,Entertainment,CINEMA TICKET PURCHASE,265.48,debit,41437.65,False
00afbdea-8,CUSTFE16F7,2026-04-11,Transportation,UBER *TRIP 808,175.88,debit,41261.77,False
4fd83a63-8,CUSTFE16F7,2026-04-11,Healthcare,PHARMACY PURCHASE,295.35,debit,40966.42,False
b997fb61-f,CUSTFE16F7,2026-04-12,Healthcare,PHARMACY PURCHASE,17.44,debit,40948.98,False
b97c89fe-d,CUSTFE16F7,2026-04-13,Groceries,SPINNEYS #575,579.07,debit,40369.91,False
2f3aba43-2,CUSTFE16F7,2026-04-13,Savings Transfer,TRANSFER TO SAVINGS ACCT,226.27,debit,40143.64,False
6b77389a-c,CUSTFE16F7,2026-04-17,Entertainment,GAMING STORE PURCHASE,165.68,debit,39977.96,False
1910ea8d-b,CUSTFE16F7,2026-04-18,Utilities,ELECTRICITY BILL PMT,811.74,debit,39166.22,False
ba5a4b54-4,CUSTFE16F7,2026-04-18,Transportation,FUEL STATION PURCHASE,21.74,debit,39144.48,False
f4324f38-b,CUSTFE16F7,2026-04-20,Dining/Restaurants,CAFE PURCHASE,650.28,debit,38494.2,False
7809875f-3,CUSTFE16F7,2026-04-22,Transportation,FUEL STATION PURCHASE,447.03,debit,38047.17,False
14369407-1,CUSTFE16F7,2026-04-22,Entertainment,CINEMA TICKET PURCHASE,70.68,debit,37976.49,False
a9366a88-8,CUSTFE16F7,2026-04-23,Shopping,ONLINE STORE CHECKOUT,121.95,debit,37854.54,False
287d343c-8,CUSTFE16F7,2026-04-23,Healthcare,CLINIC VISIT FEE,181.0,debit,37673.54,False
e760d9a2-2,CUSTFE16F7,2026-04-24,Subscriptions,GYM MEMBERSHIP AUTOPAY,176.73,debit,37496.81,False
9043da7a-1,CUSTFE16F7,2026-04-25,Transportation,FUEL STATION PURCHASE,571.46,debit,36925.35,False
d2636987-6,CUSTFE16F7,2026-04-26,Groceries,SPINNEYS #410,988.01,debit,35937.34,False
538028be-d,CUSTFE16F7,2026-04-26,Savings Transfer,INTERNAL XFER - SAVINGS,923.13,debit,35014.21,False
77d983d1-4,CUSTFE16F7,2026-05-01,Dining/Restaurants,MCDONALDS #193,607.34,debit,34406.87,False
7928a640-3,CUSTFE16F7,2026-05-01,Shopping,ONLINE STORE CHECKOUT,37.96,debit,34368.91,False
79bd8b39-e,CUSTFE16F7,2026-05-02,Utilities,WATER CO. AUTOPAY,775.73,debit,33593.18,False
50f7bb0e-1,CUSTFE16F7,2026-05-02,Groceries,POS PURCHASE - LOCAL MARKET,852.28,debit,32740.9,False
bb482d3c-9,CUSTFE16F7,2026-05-03,Salary,MONTHLY SALARY CREDIT,17600.0,credit,50340.9,False
bbfe7379-8,CUSTFE16F7,2026-05-03,Savings Transfer,INTERNAL XFER - SAVINGS,414.56,debit,49926.34,False
4d4d1a05-6,CUSTFE16F7,2026-05-05,Transportation,UBER *TRIP 666,24.88,debit,49901.46,False
5886b704-7,CUSTFE16F7,2026-05-07,Shopping,ONLINE STORE CHECKOUT,404.65,debit,49496.81,False
6e507d32-5,CUSTFE16F7,2026-05-07,Healthcare,PHARMACY PURCHASE,32.96,debit,49463.85,False
722bac27-d,CUSTFE16F7,2026-05-08,Transportation,UBER *TRIP 325,305.29,debit,49158.56,False
fbce5297-4,CUSTFE16F7,2026-05-08,Entertainment,NETFLIX PPV CHARGE,405.33,debit,48753.23,False
0d7638bf-5,CUSTFE16F7,2026-05-08,Entertainment,GAMING STORE PURCHASE,100.37,debit,48652.86,False
3e08107f-e,CUSTFE16F7,2026-05-09,Rent/Installment,Monthly Rent Transfer,3639.39,debit,45013.47,False
5d8e9863-0,CUSTFE16F7,2026-05-09,Groceries,CARREFOUR HYPERMARKET,25.46,debit,44988.01,False
b4187c19-1,CUSTFE16F7,2026-05-09,Groceries,CARREFOUR HYPERMARKET,262.6,debit,44725.41,False
cee7bf31-0,CUSTFE16F7,2026-05-10,Healthcare,PHARMACY PURCHASE,80.02,debit,44645.39,False
b299766f-7,CUSTFE16F7,2026-05-13,Dining/Restaurants,MCDONALDS #654,131.35,debit,44514.04,False
06566338-8,CUSTFE16F7,2026-05-13,Shopping,ONLINE STORE CHECKOUT,177.91,debit,44336.13,False
fc8da497-a,CUSTFE16F7,2026-05-13,Healthcare,CLINIC VISIT FEE,339.78,debit,43996.35,False
f3449fac-a,CUSTFE16F7,2026-05-15,Entertainment,GAMING STORE PURCHASE,143.44,debit,43852.91,False
4a7be723-5,CUSTFE16F7,2026-05-15,Shopping,MALL PURCHASE - POS,234.22,debit,43618.69,False
0146c371-d,CUSTFE16F7,2026-05-17,Subscriptions,GYM MEMBERSHIP AUTOPAY,170.96,debit,43447.73,False
47f6bbf8-e,CUSTFE16F7,2026-05-18,Transportation,CAREEM RIDE,276.37,debit,43171.36,False
676a1d93-4,CUSTFE16F7,2026-05-19,Savings Transfer,TRANSFER TO SAVINGS ACCT,907.77,debit,42263.59,False
b8d86a60-5,CUSTFE16F7,2026-05-20,Transportation,FUEL STATION PURCHASE,467.72,debit,41795.87,False
dc435c5f-6,CUSTFE16F7,2026-05-22,Healthcare,CLINIC VISIT FEE,37.96,debit,41757.91,False
4f8a82d4-8,CUSTFE16F7,2026-05-24,Groceries,POS PURCHASE - LOCAL MARKET,187.82,debit,41570.09,False
53c3a92b-7,CUSTFE16F7,2026-05-24,Dining/Restaurants,CAFE PURCHASE,25.68,debit,41544.41,False
6c3e276d-d,CUSTFE16F7,2026-05-25,Groceries,CARREFOUR HYPERMARKET,186.13,debit,41358.28,False
33c0b64f-4,CUSTFE16F7,2026-05-26,Shopping,ONLINE STORE CHECKOUT,154.06,debit,41204.22,False
81ac5072-2,CUSTFE16F7,2026-06-02,Salary,MONTHLY SALARY CREDIT,17600.0,credit,58804.22,False
63fdd600-d,CUSTFE16F7,2026-06-02,Transportation,CAREEM RIDE,349.68,debit,58454.54,False
87146375-d,CUSTFE16F7,2026-06-02,Shopping,MALL PURCHASE - POS,697.04,debit,57757.5,False
9de659cd-7,CUSTFE16F7,2026-06-03,Transportation,FUEL STATION PURCHASE,114.57,debit,57642.93,False
e7d51185-0,CUSTFE16F7,2026-06-05,Transportation,CAREEM RIDE,197.56,debit,57445.37,False
522fd565-f,CUSTFE16F7,2026-06-05,Subscriptions,NETFLIX.COM SUBSCRIPTION,172.0,debit,57273.37,False
6b3198f3-9,CUSTFE16F7,2026-06-05,Healthcare,PHARMACY PURCHASE,127.02,debit,57146.35,False
a72c9255-d,CUSTFE16F7,2026-06-06,Dining/Restaurants,POS - LOCAL RESTAURANT,199.87,debit,56946.48,False
9fc368ad-a,CUSTFE16F7,2026-06-07,Savings Transfer,TRANSFER TO SAVINGS ACCT,299.82,debit,56646.66,False
6c0a23f5-e,CUSTFE16F7,2026-06-08,Groceries,POS PURCHASE - LOCAL MARKET,907.9,debit,55738.76,False
7760e29f-1,CUSTFE16F7,2026-06-08,Transportation,CAREEM RIDE,107.16,debit,55631.6,False
d8e74ee7-f,CUSTFE16F7,2026-06-09,Groceries,SPINNEYS #261,380.3,debit,55251.3,False
1432755f-9,CUSTFE16F7,2026-06-09,Transportation,CAREEM RIDE,504.45,debit,54746.85,False
98d81767-1,CUSTFE16F7,2026-06-12,Rent/Installment,Home Loan Installment - AUTOPAY,3630.86,debit,51115.99,False
9a41c4d9-c,CUSTFE16F7,2026-06-14,Dining/Restaurants,MCDONALDS #341,102.13,debit,51013.86,False
8fa1e250-8,CUSTFE16F7,2026-06-15,Utilities,WATER CO. AUTOPAY,814.87,debit,50198.99,False
5ea1a89a-2,CUSTFE16F7,2026-06-17,Shopping,AMAZON.EG ORDER,218.9,debit,49980.09,False
6a43700e-9,CUSTFE16F7,2026-06-17,Healthcare,CLINIC VISIT FEE,148.54,debit,49831.55,False
d5275849-4,CUSTFE16F7,2026-06-17,Savings Transfer,INTERNAL XFER - SAVINGS,65.86,debit,49765.69,False
45ebe286-0,CUSTFE16F7,2026-06-18,Entertainment,CINEMA TICKET PURCHASE,391.58,debit,49374.11,False
012a1b69-f,CUSTFE16F7,2026-06-18,Entertainment,NETFLIX PPV CHARGE,296.05,debit,49078.06,False
13ea0d4e-1,CUSTFE16F7,2026-06-19,Dining/Restaurants,CAFE PURCHASE,494.72,debit,48583.34,False
eef06fd5-5,CUSTFE16F7,2026-06-20,Groceries,POS PURCHASE - LOCAL MARKET,124.92,debit,48458.42,False
4f98011e-5,CUSTFE16F7,2026-06-20,Healthcare,PHARMACY PURCHASE,5.0,debit,48453.42,False
c100ea37-3,CUSTFE16F7,2026-06-23,Healthcare,PHARMACY PURCHASE,233.2,debit,48220.22,False
80559d66-5,CUSTFE16F7,2026-06-25,Entertainment,CINEMA TICKET PURCHASE,57.4,debit,48162.82,False
e0256b85-1,CUSTFE16F7,2026-06-26,Savings Transfer,INTERNAL XFER - SAVINGS,579.46,debit,47583.36,False
a3529c19-6,CUSTFE16F7,2026-06-27,Savings Transfer,INTERNAL XFER - SAVINGS,138.1,debit,47445.26,False
b87a84a6-8,CUSTFE16F7,2026-06-28,Shopping,AMAZON.EG ORDER,8.08,debit,47437.18,False
6d9ae859-1,CUSTFE16F7,2026-06-28,Savings Transfer,INTERNAL XFER - SAVINGS,158.58,debit,47278.6,False
fa2b4feb-6,CUST7FAB0D,2026-01-01,Salary,MONTHLY SALARY CREDIT,38400.0,credit,52154.15,False
e220e201-3,CUST7FAB0D,2026-01-01,Transportation,UBER *TRIP 249,165.42,debit,51988.73,False
2b63da5e-7,CUST7FAB0D,2026-01-01,Transportation,FUEL STATION PURCHASE,51.54,debit,51937.19,False
84743481-b,CUST7FAB0D,2026-01-02,Savings Transfer,INTERNAL XFER - SAVINGS,3588.94,debit,48348.25,False
2d9c5277-d,CUST7FAB0D,2026-01-03,Groceries,POS PURCHASE - LOCAL MARKET,2524.71,debit,45823.54,False
2a8b0964-d,CUST7FAB0D,2026-01-03,Entertainment,GAMING STORE PURCHASE,747.84,debit,45075.7,False
9826feea-2,CUST7FAB0D,2026-01-04,Dining/Restaurants,POS - LOCAL RESTAURANT,87.46,debit,44988.24,False
606e46fb-0,CUST7FAB0D,2026-01-05,Entertainment,CINEMA TICKET PURCHASE,809.37,debit,44178.87,False
912c70b1-8,CUST7FAB0D,2026-01-06,Subscriptions,GYM MEMBERSHIP AUTOPAY,790.13,debit,43388.74,False
2737f16f-f,CUST7FAB0D,2026-01-07,Shopping,AMAZON.EG ORDER,1433.88,debit,41954.86,False
25c42100-3,CUST7FAB0D,2026-01-08,Utilities,WATER CO. AUTOPAY,1065.42,debit,40889.44,False
e134938f-e,CUST7FAB0D,2026-01-08,Groceries,CARREFOUR HYPERMARKET,559.91,debit,40329.53,False
31584051-d,CUST7FAB0D,2026-01-10,Rent/Installment,Home Loan Installment - NBE,9685.63,debit,30643.9,False
034409d6-a,CUST7FAB0D,2026-01-10,Groceries,SPINNEYS #154,318.9,debit,30325.0,False
8699c869-e,CUST7FAB0D,2026-01-10,Entertainment,CINEMA TICKET PURCHASE,42.11,debit,30282.89,False
a2647a1f-6,CUST7FAB0D,2026-01-10,Savings Transfer,INTERNAL XFER - SAVINGS,946.04,debit,29336.85,False
aa89ada0-a,CUST7FAB0D,2026-01-13,Transportation,CAREEM RIDE,1204.31,debit,28132.54,False
8e1717c6-e,CUST7FAB0D,2026-01-13,Entertainment,CINEMA TICKET PURCHASE,193.83,debit,27938.71,False
09623c84-c,CUST7FAB0D,2026-01-14,Dining/Restaurants,CAFE PURCHASE,401.96,debit,27536.75,False
8f55826a-0,CUST7FAB0D,2026-01-14,Entertainment,GAMING STORE PURCHASE,658.35,debit,26878.4,False
a22ca131-4,CUST7FAB0D,2026-01-15,Groceries,SPINNEYS #769,716.45,debit,26161.95,False
5474199f-0,CUST7FAB0D,2026-01-16,Shopping,AMAZON.EG ORDER,1450.35,debit,24711.6,False
24791d4d-2,CUST7FAB0D,2026-01-16,Healthcare,CLINIC VISIT FEE,405.27,debit,24306.33,False
9d9e3671-3,CUST7FAB0D,2026-01-16,Savings Transfer,INTERNAL XFER - SAVINGS,103.08,debit,24203.25,False
650c4a46-3,CUST7FAB0D,2026-01-17,Transportation,CAREEM RIDE,427.9,debit,23775.35,False
e3227b77-0,CUST7FAB0D,2026-01-18,Healthcare,LAB TEST PAYMENT,34.74,debit,23740.61,False
c82fccdb-8,CUST7FAB0D,2026-01-19,Dining/Restaurants,CAFE PURCHASE,829.65,debit,22910.96,False
3e56037a-2,CUST7FAB0D,2026-01-19,Healthcare,LAB TEST PAYMENT,222.67,debit,22688.29,False
de6d7101-c,CUST7FAB0D,2026-01-22,Healthcare,CLINIC VISIT FEE,420.73,debit,22267.56,False
094ef206-e,CUST7FAB0D,2026-01-22,Healthcare,LAB TEST PAYMENT,99.05,debit,22168.51,False
d6d15f63-b,CUST7FAB0D,2026-01-23,Transportation,FUEL STATION PURCHASE,592.25,debit,21576.26,False
79bb8ccc-8,CUST7FAB0D,2026-01-25,Dining/Restaurants,CAFE PURCHASE,398.63,debit,21177.63,False
ae80b1e0-7,CUST7FAB0D,2026-01-27,Groceries,POS PURCHASE - LOCAL MARKET,173.37,debit,21004.26,False
7cc2a40d-a,CUST7FAB0D,2026-01-28,Shopping,AMAZON.EG ORDER,474.51,debit,20529.75,False
45f566f7-e,CUST7FAB0D,2026-02-01,Salary,MONTHLY SALARY CREDIT,38400.0,credit,58929.75,False
6a5d282f-5,CUST7FAB0D,2026-02-02,Entertainment,CINEMA TICKET PURCHASE,1167.69,debit,57762.06,False
9ce51cac-d,CUST7FAB0D,2026-02-03,Dining/Restaurants,CAFE PURCHASE,529.08,debit,57232.98,False
17a765f8-1,CUST7FAB0D,2026-02-06,Dining/Restaurants,CAFE PURCHASE,269.18,debit,56963.8,False
81c5ba34-1,CUST7FAB0D,2026-02-07,Subscriptions,NETFLIX.COM SUBSCRIPTION,656.63,debit,56307.17,False
e9fa8b69-d,CUST7FAB0D,2026-02-07,Savings Transfer,TRANSFER TO SAVINGS ACCT,175.14,debit,56132.03,False
d89e2d2b-1,CUST7FAB0D,2026-02-08,Utilities,WATER CO. AUTOPAY,1269.32,debit,54862.71,False
f4219bc2-b,CUST7FAB0D,2026-02-10,Groceries,CARREFOUR HYPERMARKET,1821.17,debit,53041.54,False
101c243f-d,CUST7FAB0D,2026-02-10,Shopping,MALL PURCHASE - POS,124.46,debit,52917.08,False
3580b314-6,CUST7FAB0D,2026-02-10,Healthcare,PHARMACY PURCHASE,625.82,debit,52291.26,False
cc7184f6-9,CUST7FAB0D,2026-02-12,Transportation,UBER *TRIP 415,892.56,debit,51398.7,False
47ff0f55-6,CUST7FAB0D,2026-02-12,Savings Transfer,INTERNAL XFER - SAVINGS,2780.65,debit,48618.05,False
3e91a72f-7,CUST7FAB0D,2026-02-13,Groceries,SPINNEYS #257,1974.1,debit,46643.95,False
e2e28e78-c,CUST7FAB0D,2026-02-13,Dining/Restaurants,MCDONALDS #203,198.46,debit,46445.49,False
e0391f5b-c,CUST7FAB0D,2026-02-16,Transportation,CAREEM RIDE,1781.49,debit,44664.0,False
a603b789-4,CUST7FAB0D,2026-02-16,Healthcare,LAB TEST PAYMENT,200.08,debit,44463.92,False
a54b3dcb-9,CUST7FAB0D,2026-02-18,Rent/Installment,ACH DEBIT - RENT PAYMENT,10014.81,debit,34449.11,False
0dfb916a-d,CUST7FAB0D,2026-02-18,Dining/Restaurants,POS - LOCAL RESTAURANT,389.95,debit,34059.16,False
74bf868f-1,CUST7FAB0D,2026-02-19,Shopping,AMAZON.EG ORDER,2954.0,debit,31105.16,False
f1d77ad1-1,CUST7FAB0D,2026-02-20,Groceries,SPINNEYS #778,58.27,debit,31046.89,False
5575039d-d,CUST7FAB0D,2026-02-20,Healthcare,CLINIC VISIT FEE,106.29,debit,30940.6,False
1159ab0a-b,CUST7FAB0D,2026-02-22,Entertainment,GAMING STORE PURCHASE,1310.38,debit,29630.22,False
187c9039-7,CUST7FAB0D,2026-02-23,Savings Transfer,INTERNAL XFER - SAVINGS,125.02,debit,29505.2,False
cacd1795-3,CUST7FAB0D,2026-02-23,Savings Transfer,TRANSFER TO SAVINGS ACCT,618.19,debit,28887.01,False
9ad1e657-0,CUST7FAB0D,2026-02-25,Groceries,SPINNEYS #158,701.08,debit,28185.93,False
3222859c-1,CUST7FAB0D,2026-02-25,Healthcare,LAB TEST PAYMENT,257.38,debit,27928.55,False
ff0955c5-5,CUST7FAB0D,2026-02-26,Dining/Restaurants,CAFE PURCHASE,245.76,debit,27682.79,False
ef9b8fac-b,CUST7FAB0D,2026-02-26,Savings Transfer,INTERNAL XFER - SAVINGS,482.37,debit,27200.42,False
6ef52ce0-2,CUST7FAB0D,2026-03-01,Salary,MONTHLY SALARY CREDIT,38400.0,credit,65600.42,False
61c7b4b9-9,CUST7FAB0D,2026-03-01,Savings Transfer,TRANSFER TO SAVINGS ACCT,763.25,debit,64837.17,False
40b887cb-f,CUST7FAB0D,2026-03-02,Transportation,UBER *TRIP 961,841.26,debit,63995.91,False
a1325d12-8,CUST7FAB0D,2026-03-04,Rent/Installment,ACH DEBIT - RENT PAYMENT,9570.16,debit,54425.75,False
c8dfcba3-c,CUST7FAB0D,2026-03-04,Groceries,POS PURCHASE - LOCAL MARKET,1979.1,debit,52446.65,False
7f5dc0df-0,CUST7FAB0D,2026-03-06,Dining/Restaurants,MCDONALDS #990,360.27,debit,52086.38,False
c2e7b34c-c,CUST7FAB0D,2026-03-08,Dining/Restaurants,CAFE PURCHASE,61.84,debit,52024.54,False
9503a30f-8,CUST7FAB0D,2026-03-09,Dining/Restaurants,POS - LOCAL RESTAURANT,177.23,debit,51847.31,False
a7eeb07f-e,CUST7FAB0D,2026-03-09,Shopping,ONLINE STORE CHECKOUT,383.56,debit,51463.75,False
1525d497-7,CUST7FAB0D,2026-03-11,Dining/Restaurants,CAFE PURCHASE,246.8,debit,51216.95,False
1d3da237-a,CUST7FAB0D,2026-03-11,Dining/Restaurants,MCDONALDS #143,1010.86,debit,50206.09,False
69d940b5-1,CUST7FAB0D,2026-03-11,Healthcare,PHARMACY PURCHASE,58.51,debit,50147.58,False
a9d92640-e,CUST7FAB0D,2026-03-11,Healthcare,LAB TEST PAYMENT,321.01,debit,49826.57,False
dcc81010-6,CUST7FAB0D,2026-03-12,Entertainment,NETFLIX PPV CHARGE,687.53,debit,49139.04,False
852b5e28-8,CUST7FAB0D,2026-03-13,Transportation,UBER *TRIP 932,111.43,debit,49027.61,False
1e2f999c-8,CUST7FAB0D,2026-03-15,Transportation,FUEL STATION PURCHASE,1485.13,debit,47542.48,False
77b3c1ed-5,CUST7FAB0D,2026-03-15,Healthcare,LAB TEST PAYMENT,285.2,debit,47257.28,False
bc3ea55f-e,CUST7FAB0D,2026-03-18,Groceries,POS PURCHASE - LOCAL MARKET,1287.95,debit,45969.33,False
935db283-d,CUST7FAB0D,2026-03-19,Shopping,ONLINE STORE CHECKOUT,2107.93,debit,43861.4,False
dc098a5a-5,CUST7FAB0D,2026-03-21,Healthcare,PHARMACY PURCHASE,649.67,debit,43211.73,False
6237e75f-3,CUST7FAB0D,2026-03-22,Shopping,ONLINE STORE CHECKOUT,666.54,debit,42545.19,False
cfc6a2a3-0,CUST7FAB0D,2026-03-22,Savings Transfer,INTERNAL XFER - SAVINGS,3401.51,debit,39143.68,False
8be92c2b-3,CUST7FAB0D,2026-03-23,Groceries,CARREFOUR HYPERMARKET,1279.11,debit,37864.57,False
54daf797-7,CUST7FAB0D,2026-03-23,Entertainment,NETFLIX PPV CHARGE,745.89,debit,37118.68,False
0eb062a5-0,CUST7FAB0D,2026-03-24,Utilities,ELECTRICITY BILL PMT,1091.3,debit,36027.38,False
1b675d8a-1,CUST7FAB0D,2026-03-24,Subscriptions,NETFLIX.COM SUBSCRIPTION,720.06,debit,35307.32,False
59c2b5af-0,CUST7FAB0D,2026-03-25,Entertainment,CINEMA TICKET PURCHASE,1028.96,debit,34278.36,False
33171a5d-9,CUST7FAB0D,2026-04-01,Rent/Installment,Home Loan Installment - NBE,8914.23,debit,25364.13,False
b7bfc016-9,CUST7FAB0D,2026-04-02,Salary,MONTHLY SALARY CREDIT,38400.0,credit,63764.13,False
04f4bd03-5,CUST7FAB0D,2026-04-04,Dining/Restaurants,POS - LOCAL RESTAURANT,83.51,debit,63680.62,False
72968b99-4,CUST7FAB0D,2026-04-05,Dining/Restaurants,CAFE PURCHASE,32.34,debit,63648.28,False
c55cb82b-6,CUST7FAB0D,2026-04-05,Entertainment,CINEMA TICKET PURCHASE,178.56,debit,63469.72,False
6263a183-5,CUST7FAB0D,2026-04-05,Healthcare,CLINIC VISIT FEE,290.76,debit,63178.96,False
678b4ee0-1,CUST7FAB0D,2026-04-06,Transportation,FUEL STATION PURCHASE,1202.66,debit,61976.3,False
a3e744e7-5,CUST7FAB0D,2026-04-06,Dining/Restaurants,CAFE PURCHASE,92.21,debit,61884.09,False
8abb4447-c,CUST7FAB0D,2026-04-07,Dining/Restaurants,CAFE PURCHASE,468.56,debit,61415.53,False
5118a950-c,CUST7FAB0D,2026-04-07,Savings Transfer,TRANSFER TO SAVINGS ACCT,547.15,debit,60868.38,False
c258f6cb-f,CUST7FAB0D,2026-04-07,Savings Transfer,TRANSFER TO SAVINGS ACCT,911.57,debit,59956.81,False
2074d798-1,CUST7FAB0D,2026-04-08,Entertainment,CINEMA TICKET PURCHASE,2164.01,debit,57792.8,False
62904bdd-e,CUST7FAB0D,2026-04-09,Utilities,Internet Bill - ONLINE,1250.84,debit,56541.96,False
374916a2-5,CUST7FAB0D,2026-04-09,Dining/Restaurants,POS - LOCAL RESTAURANT,886.61,debit,55655.35,False
59cade39-0,CUST7FAB0D,2026-04-09,Subscriptions,NETFLIX.COM SUBSCRIPTION,754.07,debit,54901.28,False
8c7619db-5,CUST7FAB0D,2026-04-11,Shopping,AMAZON.EG ORDER,2649.42,debit,52251.86,False
778cf91d-a,CUST7FAB0D,2026-04-11,Healthcare,CLINIC VISIT FEE,242.33,debit,52009.53,False
4f626bfb-8,CUST7FAB0D,2026-04-13,Transportation,FUEL STATION PURCHASE,49.08,debit,51960.45,False
c647740c-a,CUST7FAB0D,2026-04-13,Savings Transfer,INTERNAL XFER - SAVINGS,1710.69,debit,50249.76,False
130ce642-d,CUST7FAB0D,2026-04-15,Shopping,ONLINE STORE CHECKOUT,814.32,debit,49435.44,False
1ffb5be2-c,CUST7FAB0D,2026-04-16,Healthcare,LAB TEST PAYMENT,327.41,debit,49108.03,False
b6386529-a,CUST7FAB0D,2026-04-20,Healthcare,PHARMACY PURCHASE,22.84,debit,49085.19,False
8c762133-a,CUST7FAB0D,2026-04-24,Groceries,POS PURCHASE - LOCAL MARKET,2391.93,debit,46693.26,False
4c5ff687-2,CUST7FAB0D,2026-04-24,Savings Transfer,TRANSFER TO SAVINGS ACCT,765.12,debit,45928.14,False
02219ae0-8,CUST7FAB0D,2026-04-25,Groceries,POS PURCHASE - LOCAL MARKET,2375.23,debit,43552.91,False
c2b291f1-0,CUST7FAB0D,2026-04-25,Transportation,UBER *TRIP 975,1434.92,debit,42117.99,False
4238c735-6,CUST7FAB0D,2026-04-27,Healthcare,LAB TEST PAYMENT,369.67,debit,41748.32,False
3f2ca6e1-c,CUST7FAB0D,2026-04-27,Savings Transfer,INTERNAL XFER - SAVINGS,89.4,debit,41658.92,False
693c6837-d,CUST7FAB0D,2026-05-01,Salary,MONTHLY SALARY CREDIT,38400.0,credit,80058.92,False
372a0d62-1,CUST7FAB0D,2026-05-01,Utilities,WATER CO. AUTOPAY,1238.42,debit,78820.5,False
50217a0f-f,CUST7FAB0D,2026-05-02,Healthcare,PHARMACY PURCHASE,469.98,debit,78350.52,False
63c17893-5,CUST7FAB0D,2026-05-02,Healthcare,CLINIC VISIT FEE,206.28,debit,78144.24,False
6343b44b-2,CUST7FAB0D,2026-05-03,Dining/Restaurants,CAFE PURCHASE,516.65,debit,77627.59,False
7aab9074-2,CUST7FAB0D,2026-05-05,Savings Transfer,TRANSFER TO SAVINGS ACCT,3386.52,debit,74241.07,False
de51b3e5-0,CUST7FAB0D,2026-05-09,Shopping,MALL PURCHASE - POS,99.13,debit,74141.94,False
2c10dce0-f,CUST7FAB0D,2026-05-12,Rent/Installment,Monthly Rent Transfer,10322.54,debit,63819.4,False
692a482e-d,CUST7FAB0D,2026-05-12,Entertainment,CINEMA TICKET PURCHASE,284.27,debit,63535.13,False
ef957d0a-b,CUST7FAB0D,2026-05-13,Healthcare,LAB TEST PAYMENT,100.53,debit,63434.6,False
57e6c8fc-d,CUST7FAB0D,2026-05-14,Dining/Restaurants,MCDONALDS #126,276.6,debit,63158.0,False
c1676123-1,CUST7FAB0D,2026-05-16,Groceries,SPINNEYS #666,1628.77,debit,61529.23,False
48152722-3,CUST7FAB0D,2026-05-16,Dining/Restaurants,POS - LOCAL RESTAURANT,1047.52,debit,60481.71,False
4573ad1d-5,CUST7FAB0D,2026-05-16,Savings Transfer,TRANSFER TO SAVINGS ACCT,351.72,debit,60129.99,False
21dbd960-f,CUST7FAB0D,2026-05-17,Entertainment,GAMING STORE PURCHASE,1894.15,debit,58235.84,False
44957879-a,CUST7FAB0D,2026-05-18,Groceries,CARREFOUR HYPERMARKET,2389.4,debit,55846.44,False
d8154b36-7,CUST7FAB0D,2026-05-18,Transportation,CAREEM RIDE,1872.53,debit,53973.91,False
1a1d6dd8-0,CUST7FAB0D,2026-05-18,Subscriptions,SPOTIFY AB,783.59,debit,53190.32,False
fe414e15-3,CUST7FAB0D,2026-05-19,Healthcare,PHARMACY PURCHASE,411.39,debit,52778.93,False
a7055aa3-c,CUST7FAB0D,2026-05-21,Transportation,CAREEM RIDE,336.5,debit,52442.43,False
b8ce2410-8,CUST7FAB0D,2026-05-21,Savings Transfer,TRANSFER TO SAVINGS ACCT,333.96,debit,52108.47,False
2061873e-a,CUST7FAB0D,2026-05-22,Transportation,UBER *TRIP 812,531.56,debit,51576.91,False
ea970b58-0,CUST7FAB0D,2026-05-22,Healthcare,CLINIC VISIT FEE,50.46,debit,51526.45,False
a76c5202-1,CUST7FAB0D,2026-05-25,Shopping,ONLINE STORE CHECKOUT,2257.35,debit,49269.1,False
08eeea6b-e,CUST7FAB0D,2026-05-26,Shopping,AMAZON.EG ORDER,609.73,debit,48659.37,False
a5b67ca9-f,CUST7FAB0D,2026-05-26,Shopping,ONLINE STORE CHECKOUT,372.58,debit,48286.79,False
d182db57-0,CUST7FAB0D,2026-05-28,Transportation,UBER *TRIP 156,69.36,debit,48217.43,False
afe6e654-7,CUST7FAB0D,2026-06-01,Transportation,UBER *TRIP 515,751.63,debit,47465.8,False
7056c79d-b,CUST7FAB0D,2026-06-01,Entertainment,NETFLIX PPV CHARGE,190.57,debit,47275.23,False
778e44bc-9,CUST7FAB0D,2026-06-01,Savings Transfer,TRANSFER TO SAVINGS ACCT,1286.61,debit,45988.62,False
4b8cd7c8-f,CUST7FAB0D,2026-06-03,Salary,MONTHLY SALARY CREDIT,38400.0,credit,84388.62,False
622a6c2c-c,CUST7FAB0D,2026-06-03,Dining/Restaurants,CAFE PURCHASE,301.43,debit,84087.19,False
ebfc1396-6,CUST7FAB0D,2026-06-04,Healthcare,CLINIC VISIT FEE,685.61,debit,83401.58,False
4024e575-8,CUST7FAB0D,2026-06-05,Dining/Restaurants,CAFE PURCHASE,186.31,debit,83215.27,False
a08cebab-f,CUST7FAB0D,2026-06-07,Entertainment,NETFLIX PPV CHARGE,758.43,debit,82456.84,False
057f52f0-f,CUST7FAB0D,2026-06-08,Dining/Restaurants,CAFE PURCHASE,200.05,debit,82256.79,False
2873b434-4,CUST7FAB0D,2026-06-09,Transportation,FUEL STATION PURCHASE,1812.83,debit,80443.96,False
bb1fbfe5-f,CUST7FAB0D,2026-06-09,Shopping,MALL PURCHASE - POS,1288.68,debit,79155.28,False
dbd541b1-8,CUST7FAB0D,2026-06-09,Subscriptions,SPOTIFY AB,727.94,debit,78427.34,False
7fc44f89-0,CUST7FAB0D,2026-06-09,Healthcare,PHARMACY PURCHASE,38.45,debit,78388.89,False
1b91f3d6-b,CUST7FAB0D,2026-06-10,Groceries,SPINNEYS #239,663.44,debit,77725.45,False
39d41fd6-3,CUST7FAB0D,2026-06-13,Shopping,MALL PURCHASE - POS,1559.73,debit,76165.72,False
235dd5c4-2,CUST7FAB0D,2026-06-14,Rent/Installment,ACH DEBIT - RENT PAYMENT,8913.49,debit,67252.23,False
10d8a99a-d,CUST7FAB0D,2026-06-15,Healthcare,CLINIC VISIT FEE,193.35,debit,67058.88,False
20508964-0,CUST7FAB0D,2026-06-16,Healthcare,LAB TEST PAYMENT,60.8,debit,66998.08,False
0f70b3fc-b,CUST7FAB0D,2026-06-16,Savings Transfer,INTERNAL XFER - SAVINGS,1138.14,debit,65859.94,False
dd11b910-8,CUST7FAB0D,2026-06-16,Savings Transfer,TRANSFER TO SAVINGS ACCT,1704.7,debit,64155.24,False
e1a4f1d0-b,CUST7FAB0D,2026-06-17,Healthcare,CLINIC VISIT FEE,184.39,debit,63970.85,False
f0fd948a-5,CUST7FAB0D,2026-06-19,Utilities,Internet Bill - NBE,1267.99,debit,62702.86,False
eee993af-1,CUST7FAB0D,2026-06-19,Groceries,SPINNEYS #692,3452.01,debit,59250.85,False
d898bc2c-d,CUST7FAB0D,2026-06-19,Dining/Restaurants,MCDONALDS #787,936.72,debit,58314.13,False
34c5ae24-5,CUST7FAB0D,2026-06-22,Groceries,SPINNEYS #297,259.76,debit,58054.37,False
a2f6c61a-7,CUST7FAB0D,2026-06-23,Entertainment,CINEMA TICKET PURCHASE,1416.94,debit,56637.43,False
2872c663-7,CUST7FAB0D,2026-06-24,Entertainment,GAMING STORE PURCHASE,100.12,debit,56537.31,False
20aec833-9,CUST7FAB0D,2026-06-28,Shopping,ONLINE STORE CHECKOUT,476.86,debit,56060.45,False
3b58554f-4,CUST7FAB0D,2026-06-28,Shopping,ONLINE STORE CHECKOUT,77.41,debit,55983.04,False
e00c4252-4,CUST647766,2026-01-01,Groceries,CARREFOUR HYPERMARKET,924.12,debit,6075.44,False
112b9690-1,CUST647766,2026-01-01,Savings Transfer,INTERNAL XFER - SAVINGS,735.62,debit,5339.82,False
6aefe0f1-5,CUST647766,2026-01-02,Salary,MONTHLY SALARY CREDIT,16100.0,credit,21439.82,False
3bc3315f-b,CUST647766,2026-01-04,Shopping,MALL PURCHASE - POS,68.25,debit,21371.57,False
a7e8a48f-4,CUST647766,2026-01-07,Entertainment,NETFLIX PPV CHARGE,111.59,debit,21259.98,False
110b635e-1,CUST647766,2026-01-08,Utilities,Internet Bill - ONLINE,753.71,debit,20506.27,False
5103093f-a,CUST647766,2026-01-08,Dining/Restaurants,POS - LOCAL RESTAURANT,87.7,debit,20418.57,False
340b0e8e-6,CUST647766,2026-01-09,Shopping,AMAZON.EG ORDER,54.35,debit,20364.22,False
8b9fa159-6,CUST647766,2026-01-12,Dining/Restaurants,POS - LOCAL RESTAURANT,91.43,debit,20272.79,False
88776b30-d,CUST647766,2026-01-14,Groceries,POS PURCHASE - LOCAL MARKET,33.21,debit,20239.58,False
aaabb2a4-7,CUST647766,2026-01-14,Dining/Restaurants,CAFE PURCHASE,482.03,debit,19757.55,False
6f020095-e,CUST647766,2026-01-15,Shopping,AMAZON.EG ORDER,438.59,debit,19318.96,False
9c75a557-e,CUST647766,2026-01-18,Dining/Restaurants,POS - LOCAL RESTAURANT,251.52,debit,19067.44,False
e563d560-4,CUST647766,2026-01-18,Entertainment,NETFLIX PPV CHARGE,64.38,debit,19003.06,False
2984ab5b-6,CUST647766,2026-01-18,Healthcare,PHARMACY PURCHASE,23.07,debit,18979.99,False
45bc5851-3,CUST647766,2026-01-19,Rent/Installment,ACH DEBIT - RENT PAYMENT,4115.7,debit,14864.29,False
018c000b-8,CUST647766,2026-01-19,Savings Transfer,TRANSFER TO SAVINGS ACCT,71.61,debit,14792.68,False
9d8bba0e-3,CUST647766,2026-01-20,Subscriptions,NETFLIX.COM SUBSCRIPTION,475.72,debit,14316.96,False
10ac08a8-b,CUST647766,2026-01-21,Transportation,CAREEM RIDE,564.14,debit,13752.82,False
393e8083-1,CUST647766,2026-01-24,Entertainment,CINEMA TICKET PURCHASE,306.47,debit,13446.35,False
0bd0482a-0,CUST647766,2026-01-24,Healthcare,PHARMACY PURCHASE,336.82,debit,13109.53,False
4468c62e-1,CUST647766,2026-01-25,Groceries,POS PURCHASE - LOCAL MARKET,515.33,debit,12594.2,False
ed626946-c,CUST647766,2026-01-25,Transportation,CAREEM RIDE,88.21,debit,12505.99,False
fb5545ac-3,CUST647766,2026-01-26,Transportation,CAREEM RIDE,160.93,debit,12345.06,False
a565056a-8,CUST647766,2026-01-27,Healthcare,PHARMACY PURCHASE,162.45,debit,12182.61,False
04e1d450-a,CUST647766,2026-02-02,Salary,MONTHLY SALARY CREDIT,16100.0,credit,28282.61,False
acf99da0-2,CUST647766,2026-02-02,Groceries,POS PURCHASE - LOCAL MARKET,324.59,debit,27958.02,False
ac8b9219-c,CUST647766,2026-02-02,Healthcare,PHARMACY PURCHASE,54.61,debit,27903.41,False
0ebe5bb5-4,CUST647766,2026-02-06,Healthcare,LAB TEST PAYMENT,34.44,debit,27868.97,False
60e1cadd-0,CUST647766,2026-02-09,Shopping,ONLINE STORE CHECKOUT,5.0,debit,27863.97,False
fe34e75e-1,CUST647766,2026-02-10,Groceries,SPINNEYS #162,246.24,debit,27617.73,False
06e1c862-7,CUST647766,2026-02-12,Dining/Restaurants,MCDONALDS #645,7.33,debit,27610.4,False
b3dd057b-b,CUST647766,2026-02-13,Healthcare,LAB TEST PAYMENT,85.32,debit,27525.08,False
07cee7e1-a,CUST647766,2026-02-14,Transportation,UBER *TRIP 804,221.63,debit,27303.45,False
53c32cd1-b,CUST647766,2026-02-15,Shopping,MALL PURCHASE - POS,435.98,debit,26867.47,False
d6b8f9c0-4,CUST647766,2026-02-17,Entertainment,GAMING STORE PURCHASE,277.39,debit,26590.08,False
aff373b8-d,CUST647766,2026-02-18,Rent/Installment,Monthly Rent Transfer,4783.12,debit,21806.96,False
a6547665-0,CUST647766,2026-02-18,Shopping,ONLINE STORE CHECKOUT,94.13,debit,21712.83,False
1456b6c6-6,CUST647766,2026-02-18,Healthcare,PHARMACY PURCHASE,274.2,debit,21438.63,False
3d0896c0-4,CUST647766,2026-02-18,Savings Transfer,TRANSFER TO SAVINGS ACCT,317.26,debit,21121.37,False
f238e9ee-d,CUST647766,2026-02-18,Savings Transfer,TRANSFER TO SAVINGS ACCT,73.04,debit,21048.33,False
2fc57e70-b,CUST647766,2026-02-20,Savings Transfer,TRANSFER TO SAVINGS ACCT,403.67,debit,20644.66,False
7cc9bd6e-b,CUST647766,2026-02-21,Utilities,Internet Bill - ONLINE,830.92,debit,19813.74,False
e6f445d4-b,CUST647766,2026-02-22,Dining/Restaurants,POS - LOCAL RESTAURANT,447.95,debit,19365.79,False
1447b836-3,CUST647766,2026-02-23,Entertainment,CINEMA TICKET PURCHASE,213.23,debit,19152.56,False
d9c6b94f-8,CUST647766,2026-02-24,Transportation,UBER *TRIP 475,25.45,debit,19127.11,False
2e9c3643-a,CUST647766,2026-02-24,Healthcare,PHARMACY PURCHASE,24.87,debit,19102.24,False
9ec52aff-5,CUST647766,2026-02-25,Transportation,CAREEM RIDE,561.05,debit,18541.19,False
2a34396f-c,CUST647766,2026-02-25,Dining/Restaurants,MCDONALDS #316,505.77,debit,18035.42,False
938764a7-8,CUST647766,2026-02-27,Groceries,CARREFOUR HYPERMARKET,815.0,debit,17220.42,False
485577d6-8,CUST647766,2026-02-27,Shopping,MALL PURCHASE - POS,66.28,debit,17154.14,False
7d446a62-b,CUST647766,2026-02-27,Subscriptions,NETFLIX.COM SUBSCRIPTION,464.73,debit,16689.41,False
9e921940-5,CUST647766,2026-03-01,Transportation,UBER *TRIP 430,6.2,debit,16683.21,False
1960a671-b,CUST647766,2026-03-01,Healthcare,LAB TEST PAYMENT,293.85,debit,16389.36,False
9375d2a7-3,CUST647766,2026-03-02,Salary,MONTHLY SALARY CREDIT,16100.0,credit,32489.36,False
9a56f25b-c,CUST647766,2026-03-04,Entertainment,GAMING STORE PURCHASE,134.9,debit,32354.46,False
2e926097-f,CUST647766,2026-03-05,Shopping,AMAZON.EG ORDER,241.33,debit,32113.13,False
c276fb5a-7,CUST647766,2026-03-07,Dining/Restaurants,POS - LOCAL RESTAURANT,78.28,debit,32034.85,False
94a2f8b3-4,CUST647766,2026-03-08,Savings Transfer,INTERNAL XFER - SAVINGS,278.58,debit,31756.27,False
23a2b4c2-a,CUST647766,2026-03-10,Shopping,MALL PURCHASE - POS,7.08,debit,31749.19,False
b3a24252-e,CUST647766,2026-03-11,Transportation,UBER *TRIP 133,394.16,debit,31355.03,False
2b0b3eca-0,CUST647766,2026-03-12,Entertainment,NETFLIX PPV CHARGE,345.55,debit,31009.48,False
53388aa3-1,CUST647766,2026-03-13,Healthcare,CLINIC VISIT FEE,196.54,debit,30812.94,False
f45e02cd-0,CUST647766,2026-03-15,Dining/Restaurants,CAFE PURCHASE,869.06,debit,29943.88,False
4da70ace-e,CUST647766,2026-03-16,Subscriptions,NETFLIX.COM SUBSCRIPTION,422.26,debit,29521.62,False
16c30d08-2,CUST647766,2026-03-17,Shopping,ONLINE STORE CHECKOUT,283.62,debit,29238.0,False
f967566c-4,CUST647766,2026-03-17,Savings Transfer,TRANSFER TO SAVINGS ACCT,85.84,debit,29152.16,False
bc059f92-e,CUST647766,2026-03-20,Groceries,SPINNEYS #173,781.47,debit,28370.69,False
df4c18da-d,CUST647766,2026-03-22,Shopping,ONLINE STORE CHECKOUT,92.38,debit,28278.31,False
46528382-d,CUST647766,2026-03-22,Savings Transfer,TRANSFER TO SAVINGS ACCT,22.67,debit,28255.64,False
349bf31b-2,CUST647766,2026-03-23,Transportation,UBER *TRIP 983,266.32,debit,27989.32,False
655a6790-5,CUST647766,2026-03-24,Groceries,POS PURCHASE - LOCAL MARKET,727.29,debit,27262.03,False
14278d20-9,CUST647766,2026-03-25,Transportation,UBER *TRIP 893,188.52,debit,27073.51,False
bb059734-f,CUST647766,2026-03-27,Rent/Installment,ACH DEBIT - RENT PAYMENT,4597.0,debit,22476.51,False
5aa79b2c-2,CUST647766,2026-03-27,Utilities,ELECTRICITY BILL PMT,791.53,debit,21684.98,False
61f32855-7,CUST647766,2026-03-27,Savings Transfer,TRANSFER TO SAVINGS ACCT,300.46,debit,21384.52,False
59156997-6,CUST647766,2026-04-01,Groceries,SPINNEYS #740,316.1,debit,21068.42,False
072b7877-f,CUST647766,2026-04-02,Salary,MONTHLY SALARY CREDIT,16100.0,credit,37168.42,False
c43896e4-c,CUST647766,2026-04-03,Groceries,CARREFOUR HYPERMARKET,890.04,debit,36278.38,False
8c869a53-d,CUST647766,2026-04-03,Transportation,CAREEM RIDE,351.6,debit,35926.78,False
7b67c0c0-b,CUST647766,2026-04-03,Subscriptions,SPOTIFY AB,396.75,debit,35530.03,False
219d971c-4,CUST647766,2026-04-04,Groceries,SPINNEYS #358,9.34,debit,35520.69,False
26ac40e1-c,CUST647766,2026-04-04,Groceries,POS PURCHASE - LOCAL MARKET,240.06,debit,35280.63,False
36839549-c,CUST647766,2026-04-06,Shopping,MALL PURCHASE - POS,11.36,debit,35269.27,False
e4735078-3,CUST647766,2026-04-06,Healthcare,CLINIC VISIT FEE,19.41,debit,35249.86,False
5f7deb74-5,CUST647766,2026-04-08,Transportation,FUEL STATION PURCHASE,368.01,debit,34881.85,False
096bbbc6-a,CUST647766,2026-04-08,Savings Transfer,TRANSFER TO SAVINGS ACCT,221.53,debit,34660.32,False
42d92f19-9,CUST647766,2026-04-09,Savings Transfer,INTERNAL XFER - SAVINGS,19.28,debit,34641.04,False
a63fa3bc-f,CUST647766,2026-04-10,Savings Transfer,TRANSFER TO SAVINGS ACCT,278.73,debit,34362.31,False
ac049c46-6,CUST647766,2026-04-12,Shopping,MALL PURCHASE - POS,378.37,debit,33983.94,False
c19f9aa4-9,CUST647766,2026-04-13,Dining/Restaurants,CAFE PURCHASE,118.68,debit,33865.26,False
424fa0f9-f,CUST647766,2026-04-13,Savings Transfer,TRANSFER TO SAVINGS ACCT,248.29,debit,33616.97,False
dc9592da-6,CUST647766,2026-04-14,Utilities,ELECTRICITY BILL PMT,788.24,debit,32828.73,False
ca7235ca-9,CUST647766,2026-04-14,Entertainment,GAMING STORE PURCHASE,86.03,debit,32742.7,False
7093f281-4,CUST647766,2026-04-14,Entertainment,CINEMA TICKET PURCHASE,89.46,debit,32653.24,False
563320cf-b,CUST647766,2026-04-17,Healthcare,LAB TEST PAYMENT,248.72,debit,32404.52,False
89a62d47-0,CUST647766,2026-04-18,Rent/Installment,Monthly Rent Transfer,4761.52,debit,27643.0,False
e169af6c-5,CUST647766,2026-04-18,Healthcare,LAB TEST PAYMENT,46.98,debit,27596.02,False
482f9d5a-a,CUST647766,2026-04-21,Groceries,POS PURCHASE - LOCAL MARKET,25.16,debit,27570.86,False
6b74feb0-a,CUST647766,2026-04-23,Transportation,UBER *TRIP 641,57.37,debit,27513.49,False
f1f224a7-3,CUST647766,2026-04-24,Dining/Restaurants,MCDONALDS #634,720.06,debit,26793.43,False
6d579ebe-b,CUST647766,2026-04-24,Entertainment,GAMING STORE PURCHASE,45.63,debit,26747.8,False
eb676a4a-f,CUST647766,2026-04-24,Healthcare,PHARMACY PURCHASE,169.75,debit,26578.05,False
35ff51b2-b,CUST647766,2026-04-25,Entertainment,NETFLIX PPV CHARGE,321.31,debit,26256.74,False
6d6676b3-2,CUST647766,2026-04-25,Shopping,MALL PURCHASE - POS,186.28,debit,26070.46,False
2fcd096b-0,CUST647766,2026-04-25,Savings Transfer,INTERNAL XFER - SAVINGS,52.14,debit,26018.32,False
65faa62e-4,CUST647766,2026-04-26,Shopping,AMAZON.EG ORDER,22.49,debit,25995.83,False
fadfb4d1-c,CUST647766,2026-04-28,Shopping,AMAZON.EG ORDER,40.28,debit,25955.55,False
82280071-6,CUST647766,2026-05-01,Salary,MONTHLY SALARY CREDIT,16100.0,credit,42055.55,False
e1b7956b-b,CUST647766,2026-05-02,Savings Transfer,INTERNAL XFER - SAVINGS,105.88,debit,41949.67,False
4af0e957-b,CUST647766,2026-05-02,Savings Transfer,TRANSFER TO SAVINGS ACCT,48.31,debit,41901.36,False
cdfa2a83-c,CUST647766,2026-05-03,Shopping,AMAZON.EG ORDER,33.53,debit,41867.83,False
ddb1c91d-b,CUST647766,2026-05-04,Entertainment,GAMING STORE PURCHASE,166.73,debit,41701.1,False
9bc4032b-b,CUST647766,2026-05-05,Groceries,SPINNEYS #759,221.82,debit,41479.28,False
dd33061e-1,CUST647766,2026-05-06,Dining/Restaurants,MCDONALDS #940,10.3,debit,41468.98,False
e9fb509f-f,CUST647766,2026-05-08,Groceries,CARREFOUR HYPERMARKET,1124.66,debit,40344.32,False
3ca9a5d9-7,CUST647766,2026-05-08,Entertainment,GAMING STORE PURCHASE,57.09,debit,40287.23,False
61f12638-4,CUST647766,2026-05-09,Entertainment,GAMING STORE PURCHASE,239.19,debit,40048.04,False
538614fa-c,CUST647766,2026-05-13,Transportation,UBER *TRIP 572,69.82,debit,39978.22,False
c9c3dfb2-d,CUST647766,2026-05-13,Shopping,ONLINE STORE CHECKOUT,398.58,debit,39579.64,False
d5745f40-7,CUST647766,2026-05-13,Savings Transfer,INTERNAL XFER - SAVINGS,329.38,debit,39250.26,False
c1cd316b-2,CUST647766,2026-05-14,Healthcare,PHARMACY PURCHASE,27.07,debit,39223.19,False
fb2141b4-3,CUST647766,2026-05-15,Healthcare,CLINIC VISIT FEE,155.28,debit,39067.91,False
589fe96c-4,CUST647766,2026-05-16,Entertainment,GAMING STORE PURCHASE,8.1,debit,39059.81,False
18af1bf0-1,CUST647766,2026-05-17,Healthcare,PHARMACY PURCHASE,281.13,debit,38778.68,False
1d770f6b-d,CUST647766,2026-05-18,Shopping,MALL PURCHASE - POS,102.6,debit,38676.08,False
b1e462ab-c,CUST647766,2026-05-19,Subscriptions,NETFLIX.COM SUBSCRIPTION,468.22,debit,38207.86,False
bffa49d6-c,CUST647766,2026-05-20,Transportation,FUEL STATION PURCHASE,783.03,debit,37424.83,False
2440580a-f,CUST647766,2026-05-20,Entertainment,GAMING STORE PURCHASE,38.57,debit,37386.26,False
8a250ef7-7,CUST647766,2026-05-21,Shopping,ONLINE STORE CHECKOUT,43.97,debit,37342.29,False
348efe3b-4,CUST647766,2026-05-22,Groceries,CARREFOUR HYPERMARKET,135.48,debit,37206.81,False
cea74235-8,CUST647766,2026-05-23,Rent/Installment,Monthly Rent Transfer,4179.22,debit,33027.59,False
3565e19d-b,CUST647766,2026-05-25,Savings Transfer,INTERNAL XFER - SAVINGS,330.6,debit,32696.99,False
761f5d3e-c,CUST647766,2026-05-26,Utilities,ELECTRICITY BILL PMT,787.71,debit,31909.28,False
25a69457-7,CUST647766,2026-05-26,Dining/Restaurants,MCDONALDS #700,955.2,debit,30954.08,False
6d0ecfef-6,CUST647766,2026-06-01,Salary,MONTHLY SALARY CREDIT,16100.0,credit,47054.08,False
f2688c18-5,CUST647766,2026-06-01,Subscriptions,GYM MEMBERSHIP AUTOPAY,410.65,debit,46643.43,False
66f96622-6,CUST647766,2026-06-02,Utilities,Internet Bill - AUTOPAY,852.48,debit,45790.95,False
b3f71770-0,CUST647766,2026-06-02,Transportation,CAREEM RIDE,67.12,debit,45723.83,False
7cbf1326-4,CUST647766,2026-06-02,Dining/Restaurants,MCDONALDS #347,122.97,debit,45600.86,False
69bda50b-3,CUST647766,2026-06-04,Entertainment,CINEMA TICKET PURCHASE,111.56,debit,45489.3,False
d2e1011f-2,CUST647766,2026-06-04,Savings Transfer,INTERNAL XFER - SAVINGS,290.47,debit,45198.83,False
42ba9d14-c,CUST647766,2026-06-04,Savings Transfer,TRANSFER TO SAVINGS ACCT,166.77,debit,45032.06,False
da3a26f4-c,CUST647766,2026-06-06,Transportation,CAREEM RIDE,732.38,debit,44299.68,False
032beaf7-6,CUST647766,2026-06-07,Transportation,CAREEM RIDE,88.78,debit,44210.9,False
2017950f-5,CUST647766,2026-06-08,Dining/Restaurants,POS - LOCAL RESTAURANT,87.66,debit,44123.24,False
f2697c29-5,CUST647766,2026-06-08,Savings Transfer,TRANSFER TO SAVINGS ACCT,42.78,debit,44080.46,False
f674afeb-c,CUST647766,2026-06-10,Savings Transfer,TRANSFER TO SAVINGS ACCT,201.32,debit,43879.14,False
facd7f56-e,CUST647766,2026-06-12,Entertainment,NETFLIX PPV CHARGE,338.12,debit,43541.02,False
36202a51-c,CUST647766,2026-06-15,Dining/Restaurants,MCDONALDS #450,252.64,debit,43288.38,False
702b411e-f,CUST647766,2026-06-17,Dining/Restaurants,POS - LOCAL RESTAURANT,381.3,debit,42907.08,False
cbc641cb-4,CUST647766,2026-06-18,Dining/Restaurants,MCDONALDS #912,53.73,debit,42853.35,False
5aa00a6a-d,CUST647766,2026-06-19,Shopping,ONLINE STORE CHECKOUT,272.52,debit,42580.83,False
a477b527-b,CUST647766,2026-06-19,Healthcare,LAB TEST PAYMENT,202.15,debit,42378.68,False
eab0c660-1,CUST647766,2026-06-19,Savings Transfer,INTERNAL XFER - SAVINGS,69.07,debit,42309.61,False
293b9e4d-f,CUST647766,2026-06-21,Entertainment,NETFLIX PPV CHARGE,120.95,debit,42188.66,False
44e0cbea-b,CUST647766,2026-06-22,Groceries,SPINNEYS #174,258.07,debit,41930.59,False
dad0159b-8,CUST647766,2026-06-25,Groceries,CARREFOUR HYPERMARKET,1161.25,debit,40769.34,False
563b126e-9,CUST647766,2026-06-25,Healthcare,LAB TEST PAYMENT,97.85,debit,40671.49,False
c596d327-d,CUST647766,2026-06-26,Shopping,MALL PURCHASE - POS,264.57,debit,40406.92,False
ef6b3b27-0,CUST647766,2026-06-28,Rent/Installment,ACH DEBIT - RENT PAYMENT,4485.56,debit,35921.36,False
1373c612-7,CUST647766,2026-06-28,Healthcare,LAB TEST PAYMENT,201.8,debit,35719.56,False
3e813fb7-d,CUSTA4E617,2026-01-01,Salary,MONTHLY SALARY CREDIT,38400.0,credit,44227.61,False
7dcf4acd-9,CUSTA4E617,2026-01-01,Shopping,ONLINE STORE CHECKOUT,578.25,debit,43649.36,False
7f3c54a6-a,CUSTA4E617,2026-01-03,Shopping,AMAZON.EG ORDER,1348.05,debit,42301.31,False
48f298de-6,CUSTA4E617,2026-01-03,Subscriptions,NETFLIX.COM SUBSCRIPTION,690.2,debit,41611.11,False
e420ceb6-9,CUSTA4E617,2026-01-03,Healthcare,CLINIC VISIT FEE,15.3,debit,41595.81,False
670c05ea-9,CUSTA4E617,2026-01-05,Groceries,POS PURCHASE - LOCAL MARKET,535.74,debit,41060.07,False
196a8fb0-f,CUSTA4E617,2026-01-06,Rent/Installment,Monthly Rent Transfer,10292.37,debit,30767.7,False
04e309a0-c,CUSTA4E617,2026-01-09,Entertainment,CINEMA TICKET PURCHASE,1618.98,debit,29148.72,False
488022c8-3,CUSTA4E617,2026-01-09,Entertainment,GAMING STORE PURCHASE,55.31,debit,29093.41,False
f0a14f75-c,CUSTA4E617,2026-01-10,Healthcare,LAB TEST PAYMENT,5.0,debit,29088.41,False
9f3cceef-e,CUSTA4E617,2026-01-12,Groceries,SPINNEYS #779,1311.04,debit,27777.37,False
866f51d7-9,CUSTA4E617,2026-01-12,Dining/Restaurants,POS - LOCAL RESTAURANT,263.51,debit,27513.86,False
01447314-d,CUSTA4E617,2026-01-12,Savings Transfer,TRANSFER TO SAVINGS ACCT,597.52,debit,26916.34,False
e9ded276-4,CUSTA4E617,2026-01-13,Entertainment,GAMING STORE PURCHASE,506.84,debit,26409.5,False
c5aec38e-3,CUSTA4E617,2026-01-14,Shopping,ONLINE STORE CHECKOUT,658.23,debit,25751.27,False
8ba8bb3d-1,CUSTA4E617,2026-01-16,Dining/Restaurants,POS - LOCAL RESTAURANT,62.85,debit,25688.42,False
fa1181af-6,CUSTA4E617,2026-01-19,Entertainment,NETFLIX PPV CHARGE,651.7,debit,25036.72,False
f6a47423-9,CUSTA4E617,2026-01-20,Healthcare,LAB TEST PAYMENT,478.96,debit,24557.76,False
241e84ef-d,CUSTA4E617,2026-01-21,Savings Transfer,TRANSFER TO SAVINGS ACCT,1486.55,debit,23071.21,False
cde1860f-1,CUSTA4E617,2026-01-22,Groceries,POS PURCHASE - LOCAL MARKET,2746.37,debit,20324.84,False
c95f8685-2,CUSTA4E617,2026-01-24,Utilities,ELECTRICITY BILL PMT,1819.11,debit,18505.73,False
56cd7fcc-0,CUSTA4E617,2026-01-25,Transportation,CAREEM RIDE,961.86,debit,17543.87,False
c0d04aed-b,CUSTA4E617,2026-01-27,Groceries,SPINNEYS #947,686.22,debit,16857.65,False
c882dfff-1,CUSTA4E617,2026-01-27,Dining/Restaurants,MCDONALDS #115,1288.33,debit,15569.32,False
07aed2de-0,CUSTA4E617,2026-01-27,Dining/Restaurants,CAFE PURCHASE,1203.7,debit,14365.62,False
18fe3308-a,CUSTA4E617,2026-01-28,Transportation,UBER *TRIP 515,1172.07,debit,13193.55,False
a8f08bce-1,CUSTA4E617,2026-01-28,Healthcare,LAB TEST PAYMENT,105.92,debit,13087.63,False
b12b01a3-5,CUSTA4E617,2026-01-28,Savings Transfer,INTERNAL XFER - SAVINGS,2274.15,debit,10813.48,False
f2573e6c-a,CUSTA4E617,2026-02-01,Groceries,POS PURCHASE - LOCAL MARKET,783.18,debit,10030.3,False
060e6b38-a,CUSTA4E617,2026-02-02,Salary,MONTHLY SALARY CREDIT,38400.0,credit,48430.3,False
e1d9c5dd-2,CUSTA4E617,2026-02-03,Groceries,SPINNEYS #123,1427.69,debit,47002.61,False
05afa5f5-e,CUSTA4E617,2026-02-04,Healthcare,LAB TEST PAYMENT,9.67,debit,46992.94,False
00527a99-a,CUSTA4E617,2026-02-05,Entertainment,NETFLIX PPV CHARGE,1473.31,debit,45519.63,False
df6acbc4-e,CUSTA4E617,2026-02-06,Utilities,ELECTRICITY BILL PMT,1718.42,debit,43801.21,False
1d2efa63-4,CUSTA4E617,2026-02-06,Groceries,POS PURCHASE - LOCAL MARKET,2116.06,debit,41685.15,False
6c59986a-1,CUSTA4E617,2026-02-06,Dining/Restaurants,MCDONALDS #488,224.29,debit,41460.86,False
28cd672e-a,CUSTA4E617,2026-02-06,Entertainment,GAMING STORE PURCHASE,190.68,debit,41270.18,False
2b0d7c57-2,CUSTA4E617,2026-02-06,Healthcare,LAB TEST PAYMENT,8.3,debit,41261.88,False
07a275cd-3,CUSTA4E617,2026-02-07,Shopping,ONLINE STORE CHECKOUT,1252.51,debit,40009.37,False
5bbf86e6-f,CUSTA4E617,2026-02-08,Transportation,UBER *TRIP 235,157.9,debit,39851.47,False
df9a2936-8,CUSTA4E617,2026-02-08,Dining/Restaurants,POS - LOCAL RESTAURANT,1710.65,debit,38140.82,False
406c9bd8-c,CUSTA4E617,2026-02-08,Savings Transfer,INTERNAL XFER - SAVINGS,225.04,debit,37915.78,False
305eda98-c,CUSTA4E617,2026-02-09,Entertainment,GAMING STORE PURCHASE,494.9,debit,37420.88,False
9b231ae3-4,CUSTA4E617,2026-02-10,Shopping,AMAZON.EG ORDER,949.36,debit,36471.52,False
43931b8e-9,CUSTA4E617,2026-02-11,Savings Transfer,INTERNAL XFER - SAVINGS,1861.33,debit,34610.19,False
f8a82121-5,CUSTA4E617,2026-02-12,Transportation,FUEL STATION PURCHASE,301.22,debit,34308.97,False
425c2411-7,CUSTA4E617,2026-02-12,Transportation,CAREEM RIDE,17.39,debit,34291.58,False
930ceb97-e,CUSTA4E617,2026-02-16,Rent/Installment,Home Loan Installment - ONLINE,9041.1,debit,25250.48,False
252ecb2e-3,CUSTA4E617,2026-02-16,Savings Transfer,INTERNAL XFER - SAVINGS,582.45,debit,24668.03,False
21292fb1-0,CUSTA4E617,2026-02-17,Healthcare,CLINIC VISIT FEE,284.55,debit,24383.48,False
fd92a9a3-7,CUSTA4E617,2026-02-18,Transportation,UBER *TRIP 575,1874.71,debit,22508.77,False
5a772d78-d,CUSTA4E617,2026-02-18,Subscriptions,NETFLIX.COM SUBSCRIPTION,675.64,debit,21833.13,False
af6d8e19-b,CUSTA4E617,2026-02-18,Healthcare,CLINIC VISIT FEE,196.98,debit,21636.15,False
888f1b2f-2,CUSTA4E617,2026-02-18,Savings Transfer,TRANSFER TO SAVINGS ACCT,1087.4,debit,20548.75,False
410818d7-c,CUSTA4E617,2026-02-22,Dining/Restaurants,POS - LOCAL RESTAURANT,918.81,debit,19629.94,False
87730891-c,CUSTA4E617,2026-02-22,Entertainment,GAMING STORE PURCHASE,507.68,debit,19122.26,False
66be40a5-c,CUSTA4E617,2026-02-24,Groceries,SPINNEYS #842,43.15,debit,19079.11,False
e4ceb24d-8,CUSTA4E617,2026-02-27,Groceries,SPINNEYS #493,1653.07,debit,17426.04,False
ff4b9e58-0,CUSTA4E617,2026-02-27,Healthcare,LAB TEST PAYMENT,92.54,debit,17333.5,False
7310acaa-b,CUSTA4E617,2026-02-28,Savings Transfer,TRANSFER TO SAVINGS ACCT,893.46,debit,16440.04,False
7e6b220b-f,CUSTA4E617,2026-03-01,Salary,MONTHLY SALARY CREDIT,38400.0,credit,54840.04,False
3130635b-9,CUSTA4E617,2026-03-01,Groceries,SPINNEYS #653,2188.63,debit,52651.41,False
4362965a-b,CUSTA4E617,2026-03-01,Savings Transfer,INTERNAL XFER - SAVINGS,949.87,debit,51701.54,False
a440afe4-0,CUSTA4E617,2026-03-02,Savings Transfer,INTERNAL XFER - SAVINGS,1571.21,debit,50130.33,False
3f196849-0,CUSTA4E617,2026-03-03,Groceries,POS PURCHASE - LOCAL MARKET,3806.19,debit,46324.14,False
e503ba53-9,CUSTA4E617,2026-03-04,Transportation,FUEL STATION PURCHASE,1344.6,debit,44979.54,False
104b8317-6,CUSTA4E617,2026-03-06,Entertainment,CINEMA TICKET PURCHASE,1379.18,debit,43600.36,False
672387d0-9,CUSTA4E617,2026-03-11,Dining/Restaurants,CAFE PURCHASE,221.65,debit,43378.71,False
00c30101-2,CUSTA4E617,2026-03-11,Savings Transfer,TRANSFER TO SAVINGS ACCT,687.24,debit,42691.47,False
6b31a8ef-1,CUSTA4E617,2026-03-12,Subscriptions,NETFLIX.COM SUBSCRIPTION,681.58,debit,42009.89,False
eca295ed-1,CUSTA4E617,2026-03-13,Utilities,Internet Bill - NBE,1702.05,debit,40307.84,False
dfd4e4f2-9,CUSTA4E617,2026-03-13,Healthcare,LAB TEST PAYMENT,15.44,debit,40292.4,False
46aeb3ab-f,CUSTA4E617,2026-03-14,Entertainment,GAMING STORE PURCHASE,215.66,debit,40076.74,False
4645358f-1,CUSTA4E617,2026-03-15,Shopping,ONLINE STORE CHECKOUT,366.97,debit,39709.77,False
8ba3ae98-3,CUSTA4E617,2026-03-15,Shopping,AMAZON.EG ORDER,293.22,debit,39416.55,False
f56c075a-7,CUSTA4E617,2026-03-16,Healthcare,LAB TEST PAYMENT,239.66,debit,39176.89,False
741066d8-2,CUSTA4E617,2026-03-17,Shopping,ONLINE STORE CHECKOUT,842.7,debit,38334.19,False
63005b5a-5,CUSTA4E617,2026-03-19,Transportation,UBER *TRIP 850,15.89,debit,38318.3,False
24076d74-c,CUSTA4E617,2026-03-19,Dining/Restaurants,CAFE PURCHASE,1308.15,debit,37010.15,False
28ba8ef8-b,CUSTA4E617,2026-03-20,Healthcare,CLINIC VISIT FEE,103.41,debit,36906.74,False
9d58bffd-b,CUSTA4E617,2026-03-21,Shopping,AMAZON.EG ORDER,992.38,debit,35914.36,False
44165aed-4,CUSTA4E617,2026-03-22,Transportation,FUEL STATION PURCHASE,322.29,debit,35592.07,False
271a4df0-3,CUSTA4E617,2026-03-22,Savings Transfer,TRANSFER TO SAVINGS ACCT,515.93,debit,35076.14,False
7d14dc7e-0,CUSTA4E617,2026-03-23,Rent/Installment,ACH DEBIT - RENT PAYMENT,9915.33,debit,25160.81,False
d359d010-b,CUSTA4E617,2026-03-23,Entertainment,NETFLIX PPV CHARGE,335.78,debit,24825.03,False
faf2dba6-4,CUSTA4E617,2026-03-23,Savings Transfer,INTERNAL XFER - SAVINGS,740.81,debit,24084.22,False
7fba59d4-c,CUSTA4E617,2026-03-24,Entertainment,CINEMA TICKET PURCHASE,407.02,debit,23677.2,False
54dd3fc5-2,CUSTA4E617,2026-03-24,Healthcare,LAB TEST PAYMENT,34.15,debit,23643.05,False
72f09ac6-9,CUSTA4E617,2026-03-25,Transportation,CAREEM RIDE,341.43,debit,23301.62,False
00fcad35-0,CUSTA4E617,2026-03-25,Dining/Restaurants,CAFE PURCHASE,1516.79,debit,21784.83,False
010ea24f-b,CUSTA4E617,2026-03-25,Healthcare,PHARMACY PURCHASE,161.04,debit,21623.79,False
aff43a7e-c,CUSTA4E617,2026-03-26,Entertainment,CINEMA TICKET PURCHASE,207.64,debit,21416.15,False
9b826a55-7,CUSTA4E617,2026-04-01,Shopping,ONLINE STORE CHECKOUT,4250.78,debit,17165.37,True
2a5f3683-7,CUSTA4E617,2026-04-02,Salary,MONTHLY SALARY CREDIT,38400.0,credit,55565.37,False
551cb7b0-4,CUSTA4E617,2026-04-06,Savings Transfer,INTERNAL XFER - SAVINGS,456.51,debit,55108.86,False
d97186fc-8,CUSTA4E617,2026-04-07,Healthcare,CLINIC VISIT FEE,994.43,debit,54114.43,True
5f41cbfd-1,CUSTA4E617,2026-04-08,Transportation,FUEL STATION PURCHASE,377.13,debit,53737.3,False
aae29df0-6,CUSTA4E617,2026-04-08,Shopping,AMAZON.EG ORDER,50.84,debit,53686.46,True
07a09f21-a,CUSTA4E617,2026-04-09,Groceries,SPINNEYS #286,1516.82,debit,52169.64,False
86b12dc4-c,CUSTA4E617,2026-04-09,Healthcare,PHARMACY PURCHASE,986.52,debit,51183.12,True
28abd4cd-8,CUSTA4E617,2026-04-11,Dining/Restaurants,MCDONALDS #645,2587.15,debit,48595.97,True
ab611a88-1,CUSTA4E617,2026-04-13,Rent/Installment,Home Loan Installment - ONLINE,10519.82,debit,38076.15,False
6026bff7-2,CUSTA4E617,2026-04-13,Groceries,SPINNEYS #707,2651.13,debit,35425.02,False
a31db8f4-f,CUSTA4E617,2026-04-13,Dining/Restaurants,MCDONALDS #689,3130.94,debit,32294.08,True
5567295e-b,CUSTA4E617,2026-04-15,Utilities,Internet Bill - NBE,1736.52,debit,30557.56,False
ad42339a-1,CUSTA4E617,2026-04-15,Savings Transfer,INTERNAL XFER - SAVINGS,2594.13,debit,27963.43,False
ae8f2a1b-9,CUSTA4E617,2026-04-18,Transportation,FUEL STATION PURCHASE,864.59,debit,27098.84,False
327000bd-f,CUSTA4E617,2026-04-20,Savings Transfer,INTERNAL XFER - SAVINGS,731.96,debit,26366.88,False
608b7a4a-5,CUSTA4E617,2026-04-21,Shopping,ONLINE STORE CHECKOUT,332.81,debit,26034.07,True
0c4df575-e,CUSTA4E617,2026-04-22,Entertainment,NETFLIX PPV CHARGE,3040.66,debit,22993.41,True
e7b9a37a-5,CUSTA4E617,2026-04-23,Entertainment,NETFLIX PPV CHARGE,3472.3,debit,19521.11,True
186f5172-0,CUSTA4E617,2026-04-23,Healthcare,CLINIC VISIT FEE,97.46,debit,19423.65,True
aed9e1f6-9,CUSTA4E617,2026-04-24,Dining/Restaurants,POS - LOCAL RESTAURANT,4204.69,debit,15218.96,True
9e52a097-4,CUSTA4E617,2026-04-25,Groceries,POS PURCHASE - LOCAL MARKET,1617.63,debit,13601.33,False
5a09d2fe-f,CUSTA4E617,2026-04-25,Shopping,ONLINE STORE CHECKOUT,2974.12,debit,10627.21,True
0c5cbbb5-f,CUSTA4E617,2026-04-26,Transportation,CAREEM RIDE,436.83,debit,10190.38,False
cc2c799c-f,CUSTA4E617,2026-04-27,Subscriptions,GYM MEMBERSHIP AUTOPAY,743.99,debit,9446.39,False
d6bd4614-e,CUSTA4E617,2026-04-27,Savings Transfer,INTERNAL XFER - SAVINGS,402.38,debit,9044.01,False
d4c2002b-1,CUSTA4E617,2026-04-28,Transportation,UBER *TRIP 659,352.44,debit,8691.57,False
3aa2d05f-3,CUSTA4E617,2026-04-28,Entertainment,GAMING STORE PURCHASE,2343.54,debit,6348.03,True
408af5b6-d,CUSTA4E617,2026-04-28,Savings Transfer,TRANSFER TO SAVINGS ACCT,60.71,debit,6287.32,False
ed9c5d28-7,CUSTA4E617,2026-05-01,Healthcare,CLINIC VISIT FEE,438.73,debit,5848.59,False
2a063566-d,CUSTA4E617,2026-05-03,Salary,MONTHLY SALARY CREDIT,38400.0,credit,44248.59,False
4b5a19c5-a,CUSTA4E617,2026-05-04,Shopping,AMAZON.EG ORDER,1282.47,debit,42966.12,False
2e147aa5-7,CUSTA4E617,2026-05-05,Transportation,UBER *TRIP 964,617.78,debit,42348.34,False
ecc5c3be-0,CUSTA4E617,2026-05-09,Entertainment,GAMING STORE PURCHASE,1448.77,debit,40899.57,False
87eddddf-a,CUSTA4E617,2026-05-10,Subscriptions,SPOTIFY AB,642.2,debit,40257.37,False
4cd906a2-a,CUSTA4E617,2026-05-10,Savings Transfer,INTERNAL XFER - SAVINGS,828.7,debit,39428.67,False
b262906c-e,CUSTA4E617,2026-05-11,Dining/Restaurants,CAFE PURCHASE,1123.26,debit,38305.41,False
a14fdb31-6,CUSTA4E617,2026-05-12,Utilities,ELECTRICITY BILL PMT,1629.9,debit,36675.51,False
f58434ee-c,CUSTA4E617,2026-05-14,Shopping,MALL PURCHASE - POS,138.54,debit,36536.97,False
455c1e0f-e,CUSTA4E617,2026-05-17,Groceries,SPINNEYS #674,3982.62,debit,32554.35,False
5c71496b-a,CUSTA4E617,2026-05-17,Transportation,FUEL STATION PURCHASE,1656.11,debit,30898.24,False
12d69606-8,CUSTA4E617,2026-05-17,Entertainment,NETFLIX PPV CHARGE,352.62,debit,30545.62,False
1a660512-3,CUSTA4E617,2026-05-17,Shopping,AMAZON.EG ORDER,739.41,debit,29806.21,False
fd905b43-3,CUSTA4E617,2026-05-17,Savings Transfer,INTERNAL XFER - SAVINGS,1462.38,debit,28343.83,False
06ddb997-9,CUSTA4E617,2026-05-20,Groceries,POS PURCHASE - LOCAL MARKET,1738.88,debit,26604.95,False
e82a1c0d-0,CUSTA4E617,2026-05-21,Healthcare,PHARMACY PURCHASE,41.8,debit,26563.15,False
73e4e8cd-5,CUSTA4E617,2026-05-24,Entertainment,GAMING STORE PURCHASE,749.78,debit,25813.37,False
8fcf77ec-9,CUSTA4E617,2026-05-24,Savings Transfer,TRANSFER TO SAVINGS ACCT,1698.15,debit,24115.22,False
46ca3a94-0,CUSTA4E617,2026-05-26,Rent/Installment,ACH DEBIT - RENT PAYMENT,10737.38,debit,13377.84,False
f738bf77-7,CUSTA4E617,2026-05-26,Dining/Restaurants,POS - LOCAL RESTAURANT,1657.4,debit,11720.44,False
df01a7cc-8,CUSTA4E617,2026-05-26,Dining/Restaurants,POS - LOCAL RESTAURANT,192.75,debit,11527.69,False
8195b8ef-a,CUSTA4E617,2026-05-28,Shopping,AMAZON.EG ORDER,406.69,debit,11121.0,False
9e171836-b,CUSTA4E617,2026-05-28,Healthcare,CLINIC VISIT FEE,94.04,debit,11026.96,False
e8db6df9-e,CUSTA4E617,2026-06-01,Transportation,FUEL STATION PURCHASE,1608.2,debit,9418.76,False
5f0c5003-8,CUSTA4E617,2026-06-02,Shopping,MALL PURCHASE - POS,1005.16,debit,8413.6,False
7e4c1e7b-b,CUSTA4E617,2026-06-03,Salary,MONTHLY SALARY CREDIT,38400.0,credit,46813.6,False
5443f854-7,CUSTA4E617,2026-06-03,Groceries,POS PURCHASE - LOCAL MARKET,2918.76,debit,43894.84,False
0f7179d8-8,CUSTA4E617,2026-06-03,Transportation,UBER *TRIP 486,370.68,debit,43524.16,False
e4346a96-8,CUSTA4E617,2026-06-03,Shopping,ONLINE STORE CHECKOUT,278.34,debit,43245.82,False
8973fbd4-5,CUSTA4E617,2026-06-06,Groceries,SPINNEYS #394,847.87,debit,42397.95,False
7d442956-d,CUSTA4E617,2026-06-06,Entertainment,CINEMA TICKET PURCHASE,938.52,debit,41459.43,False
87963c08-d,CUSTA4E617,2026-06-07,Dining/Restaurants,CAFE PURCHASE,1313.62,debit,40145.81,False
176b8bdd-3,CUSTA4E617,2026-06-08,Utilities,WATER CO. AUTOPAY,1973.21,debit,38172.6,False
985ce97b-1,CUSTA4E617,2026-06-08,Savings Transfer,TRANSFER TO SAVINGS ACCT,2694.32,debit,35478.28,False
ee9834d9-9,CUSTA4E617,2026-06-10,Savings Transfer,INTERNAL XFER - SAVINGS,1578.13,debit,33900.15,False
5377f458-3,CUSTA4E617,2026-06-11,Healthcare,PHARMACY PURCHASE,140.53,debit,33759.62,False
9b9a81bc-c,CUSTA4E617,2026-06-11,Savings Transfer,INTERNAL XFER - SAVINGS,254.07,debit,33505.55,False
9cb952e0-8,CUSTA4E617,2026-06-12,Groceries,POS PURCHASE - LOCAL MARKET,37.65,debit,33467.9,False
782ca535-b,CUSTA4E617,2026-06-14,Dining/Restaurants,POS - LOCAL RESTAURANT,1420.76,debit,32047.14,False
f6549777-2,CUSTA4E617,2026-06-15,Entertainment,NETFLIX PPV CHARGE,602.73,debit,31444.41,False
f90930d9-f,CUSTA4E617,2026-06-16,Rent/Installment,ACH DEBIT - RENT PAYMENT,10999.28,debit,20445.13,False
6295ff25-1,CUSTA4E617,2026-06-18,Shopping,AMAZON.EG ORDER,364.12,debit,20081.01,False
05e42eac-a,CUSTA4E617,2026-06-18,Subscriptions,NETFLIX.COM SUBSCRIPTION,674.83,debit,19406.18,False
794f3306-7,CUSTA4E617,2026-06-19,Healthcare,LAB TEST PAYMENT,8.8,debit,19397.38,False
096686ea-a,CUSTA4E617,2026-06-20,Transportation,UBER *TRIP 999,286.05,debit,19111.33,False
5c9e2106-0,CUSTA4E617,2026-06-21,Healthcare,LAB TEST PAYMENT,24.38,debit,19086.95,False
98fe8f44-0,CUSTA4E617,2026-06-23,Groceries,POS PURCHASE - LOCAL MARKET,2110.83,debit,16976.12,False
c9ed9da5-d,CUSTA4E617,2026-06-23,Entertainment,CINEMA TICKET PURCHASE,1044.85,debit,15931.27,False
f6fc60b5-0,CUSTA4E617,2026-06-23,Healthcare,LAB TEST PAYMENT,108.28,debit,15822.99,False
25e8297f-c,CUSTA4E617,2026-06-24,Shopping,MALL PURCHASE - POS,1005.14,debit,14817.85,False
6269704b-a,CUSTA4E617,2026-06-24,Healthcare,CLINIC VISIT FEE,334.83,debit,14483.02,False
35a346f5-f,CUSTA4E617,2026-06-26,Savings Transfer,TRANSFER TO SAVINGS ACCT,77.76,debit,14405.26,False
2ca54114-2,CUST244590,2026-01-01,Transportation,FUEL STATION PURCHASE,617.66,debit,7740.68,False
b67836f8-d,CUST244590,2026-01-02,Salary,MONTHLY SALARY CREDIT,9800.0,credit,17540.68,False
1dd3e1e6-5,CUST244590,2026-01-03,Shopping,ONLINE STORE CHECKOUT,152.37,debit,17388.31,False
c6e48d9b-0,CUST244590,2026-01-04,Groceries,CARREFOUR HYPERMARKET,490.23,debit,16898.08,False
e8960883-8,CUST244590,2026-01-04,Savings Transfer,TRANSFER TO SAVINGS ACCT,95.96,debit,16802.12,False
058ea3eb-d,CUST244590,2026-01-05,Transportation,CAREEM RIDE,5.0,debit,16797.12,False
f4ea5068-8,CUST244590,2026-01-06,Entertainment,CINEMA TICKET PURCHASE,18.65,debit,16778.47,False
1bb2a411-6,CUST244590,2026-01-06,Subscriptions,GYM MEMBERSHIP AUTOPAY,153.43,debit,16625.04,False
c332c98c-d,CUST244590,2026-01-07,Healthcare,CLINIC VISIT FEE,17.71,debit,16607.33,False
4ce55939-8,CUST244590,2026-01-11,Groceries,CARREFOUR HYPERMARKET,141.93,debit,16465.4,False
a2656917-3,CUST244590,2026-01-11,Shopping,AMAZON.EG ORDER,97.74,debit,16367.66,False
a2e76c37-4,CUST244590,2026-01-12,Entertainment,GAMING STORE PURCHASE,450.26,debit,15917.4,False
99630e54-2,CUST244590,2026-01-12,Shopping,AMAZON.EG ORDER,380.56,debit,15536.84,False
60728fe7-2,CUST244590,2026-01-13,Entertainment,CINEMA TICKET PURCHASE,180.51,debit,15356.33,False
30a1b4a1-6,CUST244590,2026-01-15,Groceries,POS PURCHASE - LOCAL MARKET,243.47,debit,15112.86,False
e9e27ec4-3,CUST244590,2026-01-16,Savings Transfer,TRANSFER TO SAVINGS ACCT,626.22,debit,14486.64,False
9a5e8d4e-f,CUST244590,2026-01-17,Transportation,UBER *TRIP 233,105.76,debit,14380.88,False
d3eafe64-e,CUST244590,2026-01-17,Dining/Restaurants,CAFE PURCHASE,475.44,debit,13905.44,False
2887c4eb-d,CUST244590,2026-01-19,Shopping,AMAZON.EG ORDER,14.19,debit,13891.25,False
73d4bac5-e,CUST244590,2026-01-19,Savings Transfer,INTERNAL XFER - SAVINGS,363.97,debit,13527.28,False
e155750b-d,CUST244590,2026-01-24,Rent/Installment,ACH DEBIT - RENT PAYMENT,3111.26,debit,10416.02,False
e28c9ac4-2,CUST244590,2026-01-25,Dining/Restaurants,CAFE PURCHASE,18.74,debit,10397.28,False
64391b6a-1,CUST244590,2026-01-26,Transportation,FUEL STATION PURCHASE,37.3,debit,10359.98,False
aa0fdc35-0,CUST244590,2026-01-26,Dining/Restaurants,CAFE PURCHASE,5.0,debit,10354.98,False
c61266d7-2,CUST244590,2026-01-28,Utilities,Internet Bill - NBE,564.93,debit,9790.05,False
38126e79-7,CUST244590,2026-01-28,Healthcare,LAB TEST PAYMENT,173.82,debit,9616.23,False
7586df1d-f,CUST244590,2026-02-03,Salary,MONTHLY SALARY CREDIT,9800.0,credit,19416.23,False
e4a83ed7-c,CUST244590,2026-02-03,Entertainment,NETFLIX PPV CHARGE,593.95,debit,18822.28,False
23b10485-c,CUST244590,2026-02-04,Groceries,SPINNEYS #512,512.51,debit,18309.77,False
b8f986ba-3,CUST244590,2026-02-05,Rent/Installment,ACH DEBIT - RENT PAYMENT,2831.08,debit,15478.69,False
ad7d96f4-7,CUST244590,2026-02-05,Groceries,CARREFOUR HYPERMARKET,365.74,debit,15112.95,False
9e9ac2dd-6,CUST244590,2026-02-05,Shopping,ONLINE STORE CHECKOUT,44.13,debit,15068.82,False
e01a08c7-8,CUST244590,2026-02-05,Shopping,AMAZON.EG ORDER,55.5,debit,15013.32,False
cf2717ae-8,CUST244590,2026-02-05,Savings Transfer,INTERNAL XFER - SAVINGS,264.32,debit,14749.0,False
32558702-9,CUST244590,2026-02-07,Savings Transfer,TRANSFER TO SAVINGS ACCT,54.43,debit,14694.57,False
48ca6bee-b,CUST244590,2026-02-12,Savings Transfer,INTERNAL XFER - SAVINGS,259.71,debit,14434.86,False
4702663d-6,CUST244590,2026-02-13,Savings Transfer,INTERNAL XFER - SAVINGS,372.61,debit,14062.25,False
0995e52f-b,CUST244590,2026-02-14,Dining/Restaurants,POS - LOCAL RESTAURANT,19.8,debit,14042.45,False
502c32b0-b,CUST244590,2026-02-15,Dining/Restaurants,CAFE PURCHASE,228.94,debit,13813.51,False
0883a344-3,CUST244590,2026-02-17,Transportation,CAREEM RIDE,401.57,debit,13411.94,False
972b1abc-d,CUST244590,2026-02-18,Dining/Restaurants,MCDONALDS #776,286.03,debit,13125.91,False
de31555d-f,CUST244590,2026-02-19,Shopping,ONLINE STORE CHECKOUT,611.21,debit,12514.7,False
01788e55-1,CUST244590,2026-02-22,Utilities,Internet Bill - AUTOPAY,511.18,debit,12003.52,False
17d8b028-4,CUST244590,2026-02-23,Healthcare,LAB TEST PAYMENT,36.54,debit,11966.98,False
e8c62585-d,CUST244590,2026-02-24,Groceries,POS PURCHASE - LOCAL MARKET,49.65,debit,11917.33,False
f59094de-8,CUST244590,2026-02-24,Transportation,CAREEM RIDE,323.92,debit,11593.41,False
4b2a4146-3,CUST244590,2026-02-24,Healthcare,LAB TEST PAYMENT,156.27,debit,11437.14,False
0d55a494-b,CUST244590,2026-02-24,Savings Transfer,TRANSFER TO SAVINGS ACCT,203.85,debit,11233.29,False
cccb8a64-0,CUST244590,2026-02-26,Entertainment,NETFLIX PPV CHARGE,104.51,debit,11128.78,False
a49e9965-3,CUST244590,2026-02-28,Subscriptions,SPOTIFY AB,140.02,debit,10988.76,False
25749f03-9,CUST244590,2026-03-01,Entertainment,CINEMA TICKET PURCHASE,36.93,debit,10951.83,False
690c3c56-3,CUST244590,2026-03-02,Salary,MONTHLY SALARY CREDIT,9800.0,credit,20751.83,False
2a829aaa-c,CUST244590,2026-03-02,Entertainment,CINEMA TICKET PURCHASE,399.01,debit,20352.82,False
13d8c46d-8,CUST244590,2026-03-02,Subscriptions,GYM MEMBERSHIP AUTOPAY,146.89,debit,20205.93,False
802a9bf5-e,CUST244590,2026-03-02,Healthcare,CLINIC VISIT FEE,21.37,debit,20184.56,False
853f907b-9,CUST244590,2026-03-04,Transportation,CAREEM RIDE,355.96,debit,19828.6,False
8735ca15-c,CUST244590,2026-03-04,Shopping,MALL PURCHASE - POS,560.96,debit,19267.64,False
bef124c9-9,CUST244590,2026-03-04,Healthcare,PHARMACY PURCHASE,100.3,debit,19167.34,False
1fcc6fa4-9,CUST244590,2026-03-05,Entertainment,NETFLIX PPV CHARGE,138.47,debit,19028.87,False
518dda4e-e,CUST244590,2026-03-07,Savings Transfer,INTERNAL XFER - SAVINGS,39.65,debit,18989.22,False
75f529ef-0,CUST244590,2026-03-08,Utilities,Internet Bill - AUTOPAY,516.04,debit,18473.18,False
4ba6ad02-f,CUST244590,2026-03-08,Entertainment,NETFLIX PPV CHARGE,119.73,debit,18353.45,False
43886d95-0,CUST244590,2026-03-12,Dining/Restaurants,POS - LOCAL RESTAURANT,8.64,debit,18344.81,False
57741924-e,CUST244590,2026-03-12,Dining/Restaurants,POS - LOCAL RESTAURANT,482.59,debit,17862.22,False
b622b78e-5,CUST244590,2026-03-12,Savings Transfer,INTERNAL XFER - SAVINGS,59.39,debit,17802.83,False
09d0a957-4,CUST244590,2026-03-14,Rent/Installment,ACH DEBIT - RENT PAYMENT,3305.42,debit,14497.41,False
71eeca1c-5,CUST244590,2026-03-14,Dining/Restaurants,POS - LOCAL RESTAURANT,13.46,debit,14483.95,False
05620177-1,CUST244590,2026-03-17,Healthcare,PHARMACY PURCHASE,54.42,debit,14429.53,False
c9d4eb13-6,CUST244590,2026-03-19,Savings Transfer,INTERNAL XFER - SAVINGS,161.24,debit,14268.29,False
c6375f0a-4,CUST244590,2026-03-21,Transportation,FUEL STATION PURCHASE,93.83,debit,14174.46,False
8051473b-c,CUST244590,2026-03-23,Savings Transfer,TRANSFER TO SAVINGS ACCT,982.22,debit,13192.24,False
bbdfeedf-0,CUST244590,2026-03-24,Groceries,CARREFOUR HYPERMARKET,377.53,debit,12814.71,False
9cd20163-b,CUST244590,2026-03-24,Healthcare,PHARMACY PURCHASE,5.54,debit,12809.17,False
0cf3e7ec-c,CUST244590,2026-03-25,Dining/Restaurants,CAFE PURCHASE,7.96,debit,12801.21,False
a2f0130a-2,CUST244590,2026-03-25,Shopping,AMAZON.EG ORDER,56.13,debit,12745.08,False
b24a8a30-8,CUST244590,2026-03-26,Shopping,MALL PURCHASE - POS,16.89,debit,12728.19,False
fd5b7fa0-2,CUST244590,2026-03-28,Groceries,POS PURCHASE - LOCAL MARKET,474.47,debit,12253.72,False
f6ed7f9f-8,CUST244590,2026-03-28,Transportation,UBER *TRIP 947,220.5,debit,12033.22,False
5f45a4c1-9,CUST244590,2026-04-01,Transportation,UBER *TRIP 158,340.53,debit,11692.69,False
27b6b6e9-f,CUST244590,2026-04-01,Transportation,UBER *TRIP 914,135.09,debit,11557.6,False
4eec0306-2,CUST244590,2026-04-01,Dining/Restaurants,POS - LOCAL RESTAURANT,149.57,debit,11408.03,False
7d5d298e-5,CUST244590,2026-04-03,Salary,MONTHLY SALARY CREDIT,9800.0,credit,21208.03,False
619e9cb5-5,CUST244590,2026-04-05,Subscriptions,NETFLIX.COM SUBSCRIPTION,162.75,debit,21045.28,False
ba08d8ad-4,CUST244590,2026-04-06,Groceries,SPINNEYS #360,585.59,debit,20459.69,False
75f43ced-e,CUST244590,2026-04-06,Entertainment,CINEMA TICKET PURCHASE,228.93,debit,20230.76,False
3465b0ef-d,CUST244590,2026-04-07,Shopping,MALL PURCHASE - POS,138.91,debit,20091.85,False
61ac6612-8,CUST244590,2026-04-10,Transportation,CAREEM RIDE,181.88,debit,19909.97,False
15ba73e8-a,CUST244590,2026-04-10,Shopping,AMAZON.EG ORDER,6.78,debit,19903.19,False
27a02457-1,CUST244590,2026-04-11,Healthcare,CLINIC VISIT FEE,37.52,debit,19865.67,False
66f60817-f,CUST244590,2026-04-13,Transportation,CAREEM RIDE,46.25,debit,19819.42,False
9b0bf13c-5,CUST244590,2026-04-13,Shopping,ONLINE STORE CHECKOUT,39.77,debit,19779.65,False
83a5a8b7-a,CUST244590,2026-04-14,Savings Transfer,TRANSFER TO SAVINGS ACCT,15.17,debit,19764.48,False
3215df13-6,CUST244590,2026-04-15,Savings Transfer,TRANSFER TO SAVINGS ACCT,337.03,debit,19427.45,False
210013ac-9,CUST244590,2026-04-18,Dining/Restaurants,CAFE PURCHASE,46.95,debit,19380.5,False
4c2d0633-0,CUST244590,2026-04-19,Dining/Restaurants,CAFE PURCHASE,57.41,debit,19323.09,False
42bfac28-0,CUST244590,2026-04-19,Healthcare,LAB TEST PAYMENT,7.08,debit,19316.01,False
6fba863d-9,CUST244590,2026-04-19,Healthcare,PHARMACY PURCHASE,46.04,debit,19269.97,False
3093ecaa-f,CUST244590,2026-04-20,Utilities,WATER CO. AUTOPAY,575.97,debit,18694.0,False
ba406277-a,CUST244590,2026-04-20,Entertainment,GAMING STORE PURCHASE,494.02,debit,18199.98,False
db797616-5,CUST244590,2026-04-21,Dining/Restaurants,POS - LOCAL RESTAURANT,8.81,debit,18191.17,False
f3ac35c6-7,CUST244590,2026-04-21,Dining/Restaurants,CAFE PURCHASE,185.79,debit,18005.38,False
f5e6843f-e,CUST244590,2026-04-21,Shopping,AMAZON.EG ORDER,259.9,debit,17745.48,False
1ab02edd-3,CUST244590,2026-04-22,Rent/Installment,Home Loan Installment - AUTOPAY,3262.33,debit,14483.15,False
13ec213c-f,CUST244590,2026-04-22,Groceries,CARREFOUR HYPERMARKET,293.36,debit,14189.79,False
d827e00e-6,CUST244590,2026-04-22,Shopping,AMAZON.EG ORDER,212.63,debit,13977.16,False
01d7a5eb-6,CUST244590,2026-04-22,Savings Transfer,TRANSFER TO SAVINGS ACCT,209.52,debit,13767.64,False
846c212f-a,CUST244590,2026-04-24,Healthcare,LAB TEST PAYMENT,12.73,debit,13754.91,False
6c9f3fa1-e,CUST244590,2026-04-26,Healthcare,PHARMACY PURCHASE,112.04,debit,13642.87,False
5ca76147-0,CUST244590,2026-04-27,Transportation,UBER *TRIP 816,60.31,debit,13582.56,False
5e4f5b62-8,CUST244590,2026-04-27,Savings Transfer,TRANSFER TO SAVINGS ACCT,707.0,debit,12875.56,False
3abe02f6-8,CUST244590,2026-05-01,Rent/Installment,Monthly Rent Transfer,3144.21,debit,9731.35,False
79f4771d-6,CUST244590,2026-05-01,Groceries,POS PURCHASE - LOCAL MARKET,73.87,debit,9657.48,False
11f097aa-0,CUST244590,2026-05-01,Transportation,FUEL STATION PURCHASE,202.72,debit,9454.76,False
e5d21ead-c,CUST244590,2026-05-01,Savings Transfer,INTERNAL XFER - SAVINGS,50.21,debit,9404.55,False
f8c1e4de-1,CUST244590,2026-05-02,Transportation,CAREEM RIDE,184.29,debit,9220.26,False
1d3a1177-5,CUST244590,2026-05-02,Shopping,ONLINE STORE CHECKOUT,167.35,debit,9052.91,False
e0f20ff7-e,CUST244590,2026-05-03,Salary,MONTHLY SALARY CREDIT,9800.0,credit,18852.91,False
61415471-f,CUST244590,2026-05-03,Dining/Restaurants,POS - LOCAL RESTAURANT,83.92,debit,18768.99,False
c2da2eee-5,CUST244590,2026-05-04,Utilities,Internet Bill - NBE,567.6,debit,18201.39,False
be2f196f-f,CUST244590,2026-05-06,Dining/Restaurants,MCDONALDS #489,406.28,debit,17795.11,False
9d413e97-8,CUST244590,2026-05-08,Healthcare,PHARMACY PURCHASE,83.08,debit,17712.03,False
b24f6b16-d,CUST244590,2026-05-08,Healthcare,CLINIC VISIT FEE,11.18,debit,17700.85,False
5943350c-1,CUST244590,2026-05-09,Entertainment,CINEMA TICKET PURCHASE,39.76,debit,17661.09,False
bb13c6bf-9,CUST244590,2026-05-09,Subscriptions,NETFLIX.COM SUBSCRIPTION,155.53,debit,17505.56,False
9f8aa956-9,CUST244590,2026-05-10,Savings Transfer,TRANSFER TO SAVINGS ACCT,89.35,debit,17416.21,False
6b1afec4-2,CUST244590,2026-05-12,Healthcare,PHARMACY PURCHASE,87.17,debit,17329.04,False
fe487dc2-6,CUST244590,2026-05-13,Savings Transfer,INTERNAL XFER - SAVINGS,555.03,debit,16774.01,False
fa8f8d4b-9,CUST244590,2026-05-15,Transportation,FUEL STATION PURCHASE,163.65,debit,16610.36,False
c46fd021-a,CUST244590,2026-05-17,Groceries,POS PURCHASE - LOCAL MARKET,319.33,debit,16291.03,False
f7bb8f28-5,CUST244590,2026-05-17,Entertainment,NETFLIX PPV CHARGE,564.05,debit,15726.98,False
b9cb1b86-2,CUST244590,2026-05-18,Groceries,SPINNEYS #366,5.0,debit,15721.98,False
a93de576-2,CUST244590,2026-05-18,Groceries,CARREFOUR HYPERMARKET,87.73,debit,15634.25,False
811dd7fd-d,CUST244590,2026-05-19,Shopping,ONLINE STORE CHECKOUT,312.88,debit,15321.37,False
e9481cc5-3,CUST244590,2026-05-22,Groceries,POS PURCHASE - LOCAL MARKET,400.75,debit,14920.62,False
e49fdbf7-5,CUST244590,2026-05-22,Shopping,ONLINE STORE CHECKOUT,195.01,debit,14725.61,False
6a987a9f-1,CUST244590,2026-05-22,Healthcare,LAB TEST PAYMENT,13.07,debit,14712.54,False
2837eb82-0,CUST244590,2026-05-23,Savings Transfer,INTERNAL XFER - SAVINGS,220.09,debit,14492.45,False
3fb691bf-7,CUST244590,2026-05-24,Savings Transfer,INTERNAL XFER - SAVINGS,296.45,debit,14196.0,False
f3768e74-2,CUST244590,2026-05-26,Transportation,UBER *TRIP 365,151.27,debit,14044.73,False
dd3c5e51-c,CUST244590,2026-06-01,Salary,MONTHLY SALARY CREDIT,9800.0,credit,23844.73,False
98a49403-0,CUST244590,2026-06-01,Dining/Restaurants,MCDONALDS #468,356.1,debit,23488.63,False
f70cec19-d,CUST244590,2026-06-05,Groceries,SPINNEYS #504,418.83,debit,23069.8,False
ed90394b-b,CUST244590,2026-06-05,Groceries,POS PURCHASE - LOCAL MARKET,32.18,debit,23037.62,False
09a47b9f-3,CUST244590,2026-06-05,Shopping,ONLINE STORE CHECKOUT,245.76,debit,22791.86,False
652ea059-5,CUST244590,2026-06-07,Transportation,CAREEM RIDE,120.15,debit,22671.71,False
96b56859-0,CUST244590,2026-06-08,Groceries,POS PURCHASE - LOCAL MARKET,270.13,debit,22401.58,False
6b3763d6-c,CUST244590,2026-06-08,Transportation,CAREEM RIDE,37.27,debit,22364.31,False
7863c472-c,CUST244590,2026-06-08,Healthcare,CLINIC VISIT FEE,18.92,debit,22345.39,False
c88d3ae0-a,CUST244590,2026-06-11,Rent/Installment,ACH DEBIT - RENT PAYMENT,2832.31,debit,19513.08,False
2ae61b9b-e,CUST244590,2026-06-11,Dining/Restaurants,CAFE PURCHASE,99.21,debit,19413.87,False
2356347d-2,CUST244590,2026-06-11,Savings Transfer,INTERNAL XFER - SAVINGS,241.78,debit,19172.09,False
8e171adc-9,CUST244590,2026-06-11,Savings Transfer,TRANSFER TO SAVINGS ACCT,53.07,debit,19119.02,False
8efbf0b5-2,CUST244590,2026-06-12,Utilities,Internet Bill - NBE,515.8,debit,18603.22,False
c45e7ea1-2,CUST244590,2026-06-13,Groceries,POS PURCHASE - LOCAL MARKET,273.49,debit,18329.73,False
e0936fa4-6,CUST244590,2026-06-13,Dining/Restaurants,POS - LOCAL RESTAURANT,32.99,debit,18296.74,False
836ba271-2,CUST244590,2026-06-13,Healthcare,LAB TEST PAYMENT,55.92,debit,18240.82,False
d8199021-9,CUST244590,2026-06-18,Shopping,ONLINE STORE CHECKOUT,59.59,debit,18181.23,False
49b9bb4d-5,CUST244590,2026-06-18,Subscriptions,NETFLIX.COM SUBSCRIPTION,148.02,debit,18033.21,False
d5f4508e-9,CUST244590,2026-06-18,Healthcare,CLINIC VISIT FEE,78.54,debit,17954.67,False
9a1ebc57-f,CUST244590,2026-06-18,Healthcare,LAB TEST PAYMENT,27.54,debit,17927.13,False
6e7c6f07-b,CUST244590,2026-06-19,Savings Transfer,INTERNAL XFER - SAVINGS,386.16,debit,17540.97,False
cb8dd2d3-b,CUST244590,2026-06-20,Savings Transfer,TRANSFER TO SAVINGS ACCT,182.08,debit,17358.89,False
bb2fb296-8,CUST244590,2026-06-21,Transportation,UBER *TRIP 940,11.03,debit,17347.86,False
8cc0ebc9-3,CUST244590,2026-06-21,Entertainment,CINEMA TICKET PURCHASE,268.61,debit,17079.25,False
0f0da26a-a,CUST244590,2026-06-21,Shopping,AMAZON.EG ORDER,196.79,debit,16882.46,False
af68822c-8,CUST244590,2026-06-22,Savings Transfer,TRANSFER TO SAVINGS ACCT,376.13,debit,16506.33,False
e2d4f507-d,CUST244590,2026-06-23,Transportation,CAREEM RIDE,535.24,debit,15971.09,False
82fdc9b6-f,CUST244590,2026-06-23,Entertainment,NETFLIX PPV CHARGE,357.65,debit,15613.44,False
4c08ea51-7,CUST244590,2026-06-24,Shopping,AMAZON.EG ORDER,45.82,debit,15567.62,False
cb7570dc-8,CUST244590,2026-06-24,Shopping,AMAZON.EG ORDER,177.23,debit,15390.39,False
8b53a218-e,CUST244590,2026-06-25,Dining/Restaurants,POS - LOCAL RESTAURANT,43.41,debit,15346.98,False
ff6dc9e2-1,CUST244590,2026-06-26,Groceries,CARREFOUR HYPERMARKET,5.0,debit,15341.98,False
de5565df-1,CUST244590,2026-06-27,Transportation,UBER *TRIP 700,15.87,debit,15326.11,False
5ef1ff5a-4,CUST78D97B,2026-01-01,Groceries,CARREFOUR HYPERMARKET,1678.05,debit,10475.55,False
639f82ff-e,CUST78D97B,2026-01-01,Transportation,CAREEM RIDE,137.48,debit,10338.07,False
adc6e6f1-c,CUST78D97B,2026-01-01,Savings Transfer,TRANSFER TO SAVINGS ACCT,447.43,debit,9890.64,False
9bc0ed31-e,CUST78D97B,2026-01-02,Shopping,AMAZON.EG ORDER,362.25,debit,9528.39,False
e1c715cf-7,CUST78D97B,2026-01-02,Savings Transfer,TRANSFER TO SAVINGS ACCT,1348.43,debit,8179.96,False
562b9652-9,CUST78D97B,2026-01-03,Salary,MONTHLY SALARY CREDIT,35900.0,credit,44079.96,False
cda1ad15-c,CUST78D97B,2026-01-04,Shopping,AMAZON.EG ORDER,593.32,debit,43486.64,False
10f42feb-0,CUST78D97B,2026-01-04,Healthcare,PHARMACY PURCHASE,281.38,debit,43205.26,False
9c58f6dd-4,CUST78D97B,2026-01-06,Shopping,MALL PURCHASE - POS,736.1,debit,42469.16,False
69b02984-2,CUST78D97B,2026-01-07,Rent/Installment,Home Loan Installment - NBE,9030.02,debit,33439.14,False
c6f45686-9,CUST78D97B,2026-01-08,Dining/Restaurants,MCDONALDS #900,565.29,debit,32873.85,False
9a1d377d-5,CUST78D97B,2026-01-08,Entertainment,NETFLIX PPV CHARGE,708.1,debit,32165.75,False
fa25eae7-e,CUST78D97B,2026-01-11,Transportation,CAREEM RIDE,317.23,debit,31848.52,False
1ef69c59-4,CUST78D97B,2026-01-13,Entertainment,CINEMA TICKET PURCHASE,957.43,debit,30891.09,False
50ea6f68-0,CUST78D97B,2026-01-14,Transportation,CAREEM RIDE,587.29,debit,30303.8,False
e69bc8aa-e,CUST78D97B,2026-01-14,Shopping,AMAZON.EG ORDER,94.81,debit,30208.99,False
23cb68cd-c,CUST78D97B,2026-01-16,Subscriptions,SPOTIFY AB,916.05,debit,29292.94,False
94b3b564-4,CUST78D97B,2026-01-16,Savings Transfer,TRANSFER TO SAVINGS ACCT,1620.54,debit,27672.4,False
f6c72b04-e,CUST78D97B,2026-01-17,Savings Transfer,INTERNAL XFER - SAVINGS,56.75,debit,27615.65,False
ec22496f-7,CUST78D97B,2026-01-19,Groceries,SPINNEYS #283,2051.16,debit,25564.49,False
062eb266-6,CUST78D97B,2026-01-20,Shopping,ONLINE STORE CHECKOUT,217.2,debit,25347.29,False
dec5f6a1-c,CUST78D97B,2026-01-21,Groceries,POS PURCHASE - LOCAL MARKET,262.88,debit,25084.41,False
5dbb768c-b,CUST78D97B,2026-01-23,Utilities,Internet Bill - NBE,2040.2,debit,23044.21,False
809568db-b,CUST78D97B,2026-01-23,Healthcare,PHARMACY PURCHASE,439.84,debit,22604.37,False
34104330-e,CUST78D97B,2026-01-26,Groceries,CARREFOUR HYPERMARKET,1129.33,debit,21475.04,False
8edece9e-0,CUST78D97B,2026-01-26,Dining/Restaurants,POS - LOCAL RESTAURANT,753.05,debit,20721.99,False
f00f7018-7,CUST78D97B,2026-01-28,Transportation,FUEL STATION PURCHASE,393.94,debit,20328.05,False
8756fbd6-e,CUST78D97B,2026-01-28,Transportation,CAREEM RIDE,5.0,debit,20323.05,False
aaaba4bd-c,CUST78D97B,2026-02-01,Salary,MONTHLY SALARY CREDIT,35900.0,credit,56223.05,False
56372545-d,CUST78D97B,2026-02-02,Groceries,CARREFOUR HYPERMARKET,1070.82,debit,55152.23,False
0d912e5b-c,CUST78D97B,2026-02-02,Subscriptions,NETFLIX.COM SUBSCRIPTION,909.19,debit,54243.04,False
b8017fa9-8,CUST78D97B,2026-02-02,Savings Transfer,TRANSFER TO SAVINGS ACCT,1942.01,debit,52301.03,False
7efd0add-b,CUST78D97B,2026-02-05,Groceries,POS PURCHASE - LOCAL MARKET,2130.49,debit,50170.54,False
eb852dcd-1,CUST78D97B,2026-02-05,Transportation,UBER *TRIP 787,110.81,debit,50059.73,False
d94f75d7-c,CUST78D97B,2026-02-07,Dining/Restaurants,MCDONALDS #830,225.44,debit,49834.29,False
e1dfbcd3-d,CUST78D97B,2026-02-08,Groceries,POS PURCHASE - LOCAL MARKET,1073.53,debit,48760.76,False
19f4b24b-2,CUST78D97B,2026-02-08,Entertainment,GAMING STORE PURCHASE,902.41,debit,47858.35,False
ead9b85e-5,CUST78D97B,2026-02-09,Utilities,WATER CO. AUTOPAY,2256.32,debit,45602.03,False
9281aaad-f,CUST78D97B,2026-02-09,Transportation,FUEL STATION PURCHASE,172.79,debit,45429.24,False
569400c6-9,CUST78D97B,2026-02-09,Transportation,CAREEM RIDE,208.26,debit,45220.98,False
6d056175-4,CUST78D97B,2026-02-10,Dining/Restaurants,CAFE PURCHASE,229.88,debit,44991.1,False
63ccf001-f,CUST78D97B,2026-02-11,Groceries,CARREFOUR HYPERMARKET,738.21,debit,44252.89,False
02b7a8cc-6,CUST78D97B,2026-02-11,Savings Transfer,TRANSFER TO SAVINGS ACCT,826.21,debit,43426.68,False
0aa91122-c,CUST78D97B,2026-02-12,Rent/Installment,Home Loan Installment - NBE,8639.28,debit,34787.4,False
02b3894b-c,CUST78D97B,2026-02-13,Healthcare,LAB TEST PAYMENT,557.63,debit,34229.77,False
f413a5a5-3,CUST78D97B,2026-02-16,Shopping,MALL PURCHASE - POS,1123.18,debit,33106.59,False
c4871421-0,CUST78D97B,2026-02-22,Shopping,AMAZON.EG ORDER,1008.52,debit,32098.07,False
c1527613-c,CUST78D97B,2026-02-23,Transportation,UBER *TRIP 615,520.81,debit,31577.26,False
d387b63e-a,CUST78D97B,2026-02-23,Healthcare,LAB TEST PAYMENT,190.79,debit,31386.47,False
28eab674-5,CUST78D97B,2026-02-23,Savings Transfer,INTERNAL XFER - SAVINGS,328.94,debit,31057.53,False
863a30a1-9,CUST78D97B,2026-02-24,Dining/Restaurants,MCDONALDS #990,315.18,debit,30742.35,False
5fa86739-4,CUST78D97B,2026-02-24,Dining/Restaurants,POS - LOCAL RESTAURANT,430.01,debit,30312.34,False
a43b0d26-9,CUST78D97B,2026-02-25,Entertainment,NETFLIX PPV CHARGE,740.57,debit,29571.77,False
df1958c9-3,CUST78D97B,2026-02-27,Transportation,FUEL STATION PURCHASE,546.14,debit,29025.63,False
9d76d365-1,CUST78D97B,2026-02-28,Dining/Restaurants,MCDONALDS #214,38.08,debit,28987.55,False
6f8ed33c-5,CUST78D97B,2026-02-28,Shopping,ONLINE STORE CHECKOUT,67.53,debit,28920.02,False
42f92233-e,CUST78D97B,2026-03-01,Healthcare,CLINIC VISIT FEE,333.89,debit,28586.13,False
ee403a5e-6,CUST78D97B,2026-03-03,Salary,MONTHLY SALARY CREDIT,35900.0,credit,64486.13,False
2bfa95bf-c,CUST78D97B,2026-03-03,Rent/Installment,Home Loan Installment - NBE,8143.78,debit,56342.35,False
3c605e23-1,CUST78D97B,2026-03-03,Groceries,SPINNEYS #717,846.93,debit,55495.42,False
82386bc2-8,CUST78D97B,2026-03-04,Savings Transfer,TRANSFER TO SAVINGS ACCT,57.99,debit,55437.43,False
179274ec-9,CUST78D97B,2026-03-07,Groceries,POS PURCHASE - LOCAL MARKET,4016.33,debit,51421.1,False
92f6ae34-5,CUST78D97B,2026-03-07,Subscriptions,GYM MEMBERSHIP AUTOPAY,816.98,debit,50604.12,False
7098bc78-f,CUST78D97B,2026-03-09,Utilities,Internet Bill - AUTOPAY,1985.39,debit,48618.73,False
27a45ac5-8,CUST78D97B,2026-03-16,Entertainment,GAMING STORE PURCHASE,190.14,debit,48428.59,False
05e62ae1-c,CUST78D97B,2026-03-17,Dining/Restaurants,CAFE PURCHASE,744.86,debit,47683.73,False
23f5e962-9,CUST78D97B,2026-03-17,Savings Transfer,TRANSFER TO SAVINGS ACCT,1806.84,debit,45876.89,False
ba0d9f50-7,CUST78D97B,2026-03-18,Savings Transfer,TRANSFER TO SAVINGS ACCT,1629.48,debit,44247.41,False
2b13b4e5-6,CUST78D97B,2026-03-19,Dining/Restaurants,CAFE PURCHASE,55.04,debit,44192.37,False
bf74aad3-6,CUST78D97B,2026-03-20,Entertainment,CINEMA TICKET PURCHASE,1206.42,debit,42985.95,False
4142df59-8,CUST78D97B,2026-03-20,Shopping,ONLINE STORE CHECKOUT,48.52,debit,42937.43,False
473a78f4-1,CUST78D97B,2026-03-21,Healthcare,LAB TEST PAYMENT,197.59,debit,42739.84,False
b720fe1e-b,CUST78D97B,2026-03-22,Transportation,FUEL STATION PURCHASE,22.03,debit,42717.81,False
152b2d32-4,CUST78D97B,2026-03-22,Transportation,CAREEM RIDE,1393.09,debit,41324.72,False
60ba8a6d-2,CUST78D97B,2026-03-23,Shopping,MALL PURCHASE - POS,1704.35,debit,39620.37,False
bebb81af-6,CUST78D97B,2026-03-24,Dining/Restaurants,POS - LOCAL RESTAURANT,588.13,debit,39032.24,False
38913f06-a,CUST78D97B,2026-03-26,Shopping,AMAZON.EG ORDER,531.15,debit,38501.09,False
8b4a0a29-1,CUST78D97B,2026-03-26,Healthcare,PHARMACY PURCHASE,166.25,debit,38334.84,False
442d884d-b,CUST78D97B,2026-03-27,Entertainment,NETFLIX PPV CHARGE,181.83,debit,38153.01,False
e0191863-e,CUST78D97B,2026-04-01,Salary,MONTHLY SALARY CREDIT,35900.0,credit,74053.01,False
0d99505c-6,CUST78D97B,2026-04-03,Dining/Restaurants,CAFE PURCHASE,897.72,debit,73155.29,False
058b08e8-f,CUST78D97B,2026-04-03,Shopping,AMAZON.EG ORDER,178.11,debit,72977.18,False
7e56bea0-8,CUST78D97B,2026-04-06,Rent/Installment,ACH DEBIT - RENT PAYMENT,7971.11,debit,65006.07,False
8be138a0-a,CUST78D97B,2026-04-07,Entertainment,GAMING STORE PURCHASE,1145.51,debit,63860.56,False
977c40ae-7,CUST78D97B,2026-04-09,Healthcare,LAB TEST PAYMENT,9.43,debit,63851.13,False
2e5842da-f,CUST78D97B,2026-04-11,Dining/Restaurants,CAFE PURCHASE,426.98,debit,63424.15,False
a052214c-a,CUST78D97B,2026-04-11,Shopping,ONLINE STORE CHECKOUT,7.44,debit,63416.71,False
773bf64a-e,CUST78D97B,2026-04-12,Subscriptions,SPOTIFY AB,862.97,debit,62553.74,False
edadbd48-c,CUST78D97B,2026-04-13,Utilities,WATER CO. AUTOPAY,2156.89,debit,60396.85,False
3bb7f574-d,CUST78D97B,2026-04-13,Transportation,UBER *TRIP 395,662.9,debit,59733.95,False
2c4a4c2e-c,CUST78D97B,2026-04-13,Healthcare,LAB TEST PAYMENT,703.13,debit,59030.82,False
aced1a1f-2,CUST78D97B,2026-04-15,Shopping,AMAZON.EG ORDER,584.02,debit,58446.8,False
f57140c3-d,CUST78D97B,2026-04-15,Healthcare,LAB TEST PAYMENT,5.0,debit,58441.8,False
890236c7-5,CUST78D97B,2026-04-18,Savings Transfer,TRANSFER TO SAVINGS ACCT,1184.17,debit,57257.63,False
b0749d26-6,CUST78D97B,2026-04-18,Savings Transfer,TRANSFER TO SAVINGS ACCT,2039.96,debit,55217.67,False
de7ed915-d,CUST78D97B,2026-04-21,Groceries,POS PURCHASE - LOCAL MARKET,2393.77,debit,52823.9,False
2db56d7f-f,CUST78D97B,2026-04-22,Shopping,MALL PURCHASE - POS,209.13,debit,52614.77,False
be573ade-c,CUST78D97B,2026-04-23,Shopping,AMAZON.EG ORDER,1141.63,debit,51473.14,False
a1137f28-5,CUST78D97B,2026-04-26,Groceries,POS PURCHASE - LOCAL MARKET,2319.08,debit,49154.06,False
90d943ce-b,CUST78D97B,2026-04-26,Dining/Restaurants,POS - LOCAL RESTAURANT,150.89,debit,49003.17,False
ed933401-f,CUST78D97B,2026-04-26,Entertainment,CINEMA TICKET PURCHASE,189.64,debit,48813.53,False
e2e6316a-e,CUST78D97B,2026-04-27,Transportation,CAREEM RIDE,802.86,debit,48010.67,False
5515b4eb-f,CUST78D97B,2026-04-28,Entertainment,GAMING STORE PURCHASE,323.4,debit,47687.27,False
8bdfdb74-4,CUST78D97B,2026-05-01,Salary,MONTHLY SALARY CREDIT,35900.0,credit,83587.27,False
d4fae948-2,CUST78D97B,2026-05-01,Groceries,SPINNEYS #922,195.08,debit,83392.19,False
f424137a-9,CUST78D97B,2026-05-02,Savings Transfer,INTERNAL XFER - SAVINGS,1102.18,debit,82290.01,False
0a479ed4-a,CUST78D97B,2026-05-03,Dining/Restaurants,CAFE PURCHASE,408.55,debit,81881.46,False
545c3ccd-7,CUST78D97B,2026-05-03,Dining/Restaurants,POS - LOCAL RESTAURANT,836.54,debit,81044.92,False
95546799-c,CUST78D97B,2026-05-05,Transportation,CAREEM RIDE,496.66,debit,80548.26,False
45783422-6,CUST78D97B,2026-05-05,Savings Transfer,TRANSFER TO SAVINGS ACCT,910.97,debit,79637.29,False
3134138d-d,CUST78D97B,2026-05-05,Savings Transfer,TRANSFER TO SAVINGS ACCT,450.58,debit,79186.71,False
f98d9ec8-2,CUST78D97B,2026-05-06,Subscriptions,NETFLIX.COM SUBSCRIPTION,840.62,debit,78346.09,False
2b868cfc-8,CUST78D97B,2026-05-08,Transportation,UBER *TRIP 122,1122.25,debit,77223.84,False
2127dd0e-9,CUST78D97B,2026-05-09,Shopping,AMAZON.EG ORDER,1410.57,debit,75813.27,False
a00d9d6b-6,CUST78D97B,2026-05-13,Utilities,Internet Bill - NBE,2037.9,debit,73775.37,False
4556963f-d,CUST78D97B,2026-05-14,Groceries,CARREFOUR HYPERMARKET,396.67,debit,73378.7,False
4b729690-e,CUST78D97B,2026-05-15,Entertainment,NETFLIX PPV CHARGE,724.47,debit,72654.23,False
1ca34378-e,CUST78D97B,2026-05-16,Groceries,POS PURCHASE - LOCAL MARKET,2062.86,debit,70591.37,False
afa61416-1,CUST78D97B,2026-05-16,Savings Transfer,TRANSFER TO SAVINGS ACCT,492.37,debit,70099.0,False
b8868022-2,CUST78D97B,2026-05-17,Groceries,POS PURCHASE - LOCAL MARKET,607.54,debit,69491.46,False
b4e77988-a,CUST78D97B,2026-05-19,Shopping,MALL PURCHASE - POS,443.06,debit,69048.4,False
765e20dd-b,CUST78D97B,2026-05-22,Entertainment,GAMING STORE PURCHASE,848.52,debit,68199.88,False
e8f65601-1,CUST78D97B,2026-05-22,Shopping,ONLINE STORE CHECKOUT,198.14,debit,68001.74,False
75f64169-c,CUST78D97B,2026-05-24,Rent/Installment,Monthly Rent Transfer,8299.14,debit,59702.6,False
5b5ace0d-f,CUST78D97B,2026-05-24,Healthcare,CLINIC VISIT FEE,364.78,debit,59337.82,False
0f883b9b-e,CUST78D97B,2026-05-25,Dining/Restaurants,CAFE PURCHASE,104.48,debit,59233.34,False
251aaa30-7,CUST78D97B,2026-05-26,Healthcare,LAB TEST PAYMENT,297.58,debit,58935.76,False
24da373c-5,CUST78D97B,2026-05-28,Groceries,CARREFOUR HYPERMARKET,1872.84,debit,57062.92,False
d0191632-4,CUST78D97B,2026-06-01,Salary,MONTHLY SALARY CREDIT,35900.0,credit,92962.92,False
265de52c-b,CUST78D97B,2026-06-01,Groceries,CARREFOUR HYPERMARKET,3055.19,debit,89907.73,False
8090f11f-a,CUST78D97B,2026-06-01,Transportation,CAREEM RIDE,1414.13,debit,88493.6,False
e23f5103-6,CUST78D97B,2026-06-02,Rent/Installment,ACH DEBIT - RENT PAYMENT,9252.21,debit,79241.39,False
d4eae520-9,CUST78D97B,2026-06-03,Transportation,CAREEM RIDE,140.99,debit,79100.4,False
74033e7c-0,CUST78D97B,2026-06-03,Shopping,MALL PURCHASE - POS,63.94,debit,79036.46,False
ff375517-8,CUST78D97B,2026-06-05,Savings Transfer,INTERNAL XFER - SAVINGS,297.77,debit,78738.69,False
ba82738c-e,CUST78D97B,2026-06-06,Groceries,POS PURCHASE - LOCAL MARKET,955.67,debit,77783.02,False
86164f37-6,CUST78D97B,2026-06-06,Groceries,CARREFOUR HYPERMARKET,754.19,debit,77028.83,False
b399778e-2,CUST78D97B,2026-06-06,Dining/Restaurants,POS - LOCAL RESTAURANT,1286.37,debit,75742.46,False
c313ae03-7,CUST78D97B,2026-06-07,Healthcare,CLINIC VISIT FEE,36.94,debit,75705.52,False
6cd66c0a-6,CUST78D97B,2026-06-09,Shopping,ONLINE STORE CHECKOUT,1558.84,debit,74146.68,False
e0db194a-e,CUST78D97B,2026-06-11,Savings Transfer,TRANSFER TO SAVINGS ACCT,390.02,debit,73756.66,False
ea586fa4-e,CUST78D97B,2026-06-14,Entertainment,CINEMA TICKET PURCHASE,542.0,debit,73214.66,False
fe30b1e6-9,CUST78D97B,2026-06-14,Healthcare,LAB TEST PAYMENT,290.49,debit,72924.17,False
2798f961-1,CUST78D97B,2026-06-17,Groceries,POS PURCHASE - LOCAL MARKET,207.28,debit,72716.89,False
af9b9226-d,CUST78D97B,2026-06-17,Subscriptions,GYM MEMBERSHIP AUTOPAY,808.94,debit,71907.95,False
aaa386bc-c,CUST78D97B,2026-06-19,Dining/Restaurants,POS - LOCAL RESTAURANT,129.51,debit,71778.44,False
16bc978a-0,CUST78D97B,2026-06-20,Groceries,SPINNEYS #838,594.35,debit,71184.09,False
cb2f8a1f-a,CUST78D97B,2026-06-20,Healthcare,CLINIC VISIT FEE,208.67,debit,70975.42,False
de582962-e,CUST78D97B,2026-06-22,Shopping,AMAZON.EG ORDER,324.82,debit,70650.6,False
7bb5ee39-b,CUST78D97B,2026-06-23,Utilities,WATER CO. AUTOPAY,1960.75,debit,68689.85,False
5fa08bee-f,CUST78D97B,2026-06-24,Entertainment,NETFLIX PPV CHARGE,1178.71,debit,67511.14,False
48fce9f9-0,CUST78D97B,2026-06-25,Savings Transfer,TRANSFER TO SAVINGS ACCT,326.34,debit,67184.8,False
6117fa60-1,CUST78D97B,2026-06-25,Savings Transfer,INTERNAL XFER - SAVINGS,553.23,debit,66631.57,False
2fad365f-7,CUST78D97B,2026-06-26,Transportation,CAREEM RIDE,9.88,debit,66621.69,False
886b41dc-4,CUST78D97B,2026-06-26,Healthcare,LAB TEST PAYMENT,157.44,debit,66464.25,False
146e581e-b,CUST78D97B,2026-06-26,Savings Transfer,TRANSFER TO SAVINGS ACCT,1812.87,debit,64651.38,False
3fdd100d-b,CUSTBA612D,2026-01-01,Savings Transfer,TRANSFER TO SAVINGS ACCT,103.94,debit,4277.35,False
ecccce0b-5,CUSTBA612D,2026-01-03,Salary,MONTHLY SALARY CREDIT,32000.0,credit,36277.35,False
0888732b-d,CUSTBA612D,2026-01-03,Shopping,ONLINE STORE CHECKOUT,2221.81,debit,34055.54,False
050a1918-8,CUSTBA612D,2026-01-03,Shopping,ONLINE STORE CHECKOUT,378.26,debit,33677.28,False
18894f67-5,CUSTBA612D,2026-01-06,Transportation,FUEL STATION PURCHASE,515.13,debit,33162.15,False
63d89d30-3,CUSTBA612D,2026-01-06,Entertainment,CINEMA TICKET PURCHASE,1052.25,debit,32109.9,False
8b5119ca-b,CUSTBA612D,2026-01-07,Savings Transfer,INTERNAL XFER - SAVINGS,93.82,debit,32016.08,False
b7122059-b,CUSTBA612D,2026-01-08,Dining/Restaurants,MCDONALDS #185,1163.1,debit,30852.98,False
c62b398d-0,CUSTBA612D,2026-01-08,Savings Transfer,TRANSFER TO SAVINGS ACCT,58.19,debit,30794.79,False
c534519c-a,CUSTBA612D,2026-01-10,Healthcare,PHARMACY PURCHASE,388.11,debit,30406.68,False
d336c1e1-e,CUSTBA612D,2026-01-11,Transportation,CAREEM RIDE,792.68,debit,29614.0,False
dd68b81e-f,CUSTBA612D,2026-01-11,Dining/Restaurants,POS - LOCAL RESTAURANT,522.12,debit,29091.88,False
0fa6725a-e,CUSTBA612D,2026-01-12,Shopping,AMAZON.EG ORDER,215.72,debit,28876.16,False
70a491ba-3,CUSTBA612D,2026-01-12,Healthcare,LAB TEST PAYMENT,253.31,debit,28622.85,False
cf82e99f-c,CUSTBA612D,2026-01-12,Savings Transfer,INTERNAL XFER - SAVINGS,309.98,debit,28312.87,False
2deb9783-e,CUSTBA612D,2026-01-13,Transportation,UBER *TRIP 310,111.83,debit,28201.04,False
eea61121-1,CUSTBA612D,2026-01-13,Entertainment,GAMING STORE PURCHASE,479.99,debit,27721.05,False
ca57046c-a,CUSTBA612D,2026-01-13,Savings Transfer,INTERNAL XFER - SAVINGS,102.57,debit,27618.48,False
ebd45e5b-9,CUSTBA612D,2026-01-14,Utilities,WATER CO. AUTOPAY,1717.52,debit,25900.96,False
abe40e5b-3,CUSTBA612D,2026-01-15,Dining/Restaurants,CAFE PURCHASE,127.91,debit,25773.05,False
3514d1d6-b,CUSTBA612D,2026-01-15,Shopping,MALL PURCHASE - POS,364.44,debit,25408.61,False
a88f7b73-1,CUSTBA612D,2026-01-18,Groceries,SPINNEYS #281,2193.13,debit,23215.48,False
aa7c31b3-e,CUSTBA612D,2026-01-18,Groceries,CARREFOUR HYPERMARKET,300.84,debit,22914.64,False
5a6400bf-0,CUSTBA612D,2026-01-19,Healthcare,CLINIC VISIT FEE,43.59,debit,22871.05,False
baf98151-a,CUSTBA612D,2026-01-20,Transportation,UBER *TRIP 653,447.89,debit,22423.16,False
7e0d6d11-e,CUSTBA612D,2026-01-20,Dining/Restaurants,CAFE PURCHASE,125.09,debit,22298.07,False
aad5f796-9,CUSTBA612D,2026-01-20,Healthcare,CLINIC VISIT FEE,698.51,debit,21599.56,False
b4c1b198-9,CUSTBA612D,2026-01-25,Transportation,CAREEM RIDE,147.04,debit,21452.52,False
588878e7-4,CUSTBA612D,2026-01-25,Subscriptions,GYM MEMBERSHIP AUTOPAY,509.04,debit,20943.48,False
d113f3a6-d,CUSTBA612D,2026-01-26,Groceries,CARREFOUR HYPERMARKET,1688.77,debit,19254.71,False
5c6499b9-1,CUSTBA612D,2026-01-28,Rent/Installment,Home Loan Installment - AUTOPAY,7136.68,debit,12118.03,False
8206e764-d,CUSTBA612D,2026-01-28,Groceries,SPINNEYS #515,174.07,debit,11943.96,False
159d71a2-e,CUSTBA612D,2026-02-01,Salary,MONTHLY SALARY CREDIT,32000.0,credit,43943.96,False
266d97db-d,CUSTBA612D,2026-02-01,Transportation,FUEL STATION PURCHASE,2079.43,debit,41864.53,False
c67cd711-5,CUSTBA612D,2026-02-01,Entertainment,CINEMA TICKET PURCHASE,311.69,debit,41552.84,False
387ed45f-d,CUSTBA612D,2026-02-03,Shopping,MALL PURCHASE - POS,2218.49,debit,39334.35,False
90c58554-b,CUSTBA612D,2026-02-03,Savings Transfer,INTERNAL XFER - SAVINGS,293.69,debit,39040.66,False
f24aea2d-f,CUSTBA612D,2026-02-05,Subscriptions,SPOTIFY AB,457.1,debit,38583.56,False
72975b41-a,CUSTBA612D,2026-02-06,Groceries,POS PURCHASE - LOCAL MARKET,1114.86,debit,37468.7,False
7cadfb25-d,CUSTBA612D,2026-02-07,Entertainment,GAMING STORE PURCHASE,199.91,debit,37268.79,False
a0f034a0-6,CUSTBA612D,2026-02-08,Healthcare,PHARMACY PURCHASE,162.13,debit,37106.66,False
478cb309-d,CUSTBA612D,2026-02-08,Savings Transfer,TRANSFER TO SAVINGS ACCT,147.91,debit,36958.75,False
0ad8a25e-c,CUSTBA612D,2026-02-08,Savings Transfer,TRANSFER TO SAVINGS ACCT,150.78,debit,36807.97,False
52de7ceb-f,CUSTBA612D,2026-02-09,Dining/Restaurants,MCDONALDS #896,1823.37,debit,34984.6,False
e13389ff-6,CUSTBA612D,2026-02-10,Savings Transfer,INTERNAL XFER - SAVINGS,120.39,debit,34864.21,False
47927273-c,CUSTBA612D,2026-02-12,Rent/Installment,ACH DEBIT - RENT PAYMENT,7046.75,debit,27817.46,False
6c6e50d0-d,CUSTBA612D,2026-02-13,Dining/Restaurants,CAFE PURCHASE,145.05,debit,27672.41,False
529f1ec6-6,CUSTBA612D,2026-02-14,Transportation,CAREEM RIDE,71.54,debit,27600.87,False
0b665f93-1,CUSTBA612D,2026-02-15,Entertainment,NETFLIX PPV CHARGE,175.87,debit,27425.0,False
57aad001-1,CUSTBA612D,2026-02-17,Utilities,Internet Bill - AUTOPAY,1864.9,debit,25560.1,False
2237751a-0,CUSTBA612D,2026-02-18,Savings Transfer,INTERNAL XFER - SAVINGS,34.68,debit,25525.42,False
58098329-6,CUSTBA612D,2026-02-19,Groceries,SPINNEYS #250,175.65,debit,25349.77,False
d487b0e0-b,CUSTBA612D,2026-02-19,Healthcare,LAB TEST PAYMENT,80.85,debit,25268.92,False
2cd1ccd5-d,CUSTBA612D,2026-02-21,Groceries,SPINNEYS #730,2469.5,debit,22799.42,False
6584bdc0-5,CUSTBA612D,2026-02-21,Shopping,MALL PURCHASE - POS,618.33,debit,22181.09,False
212222e4-b,CUSTBA612D,2026-02-23,Entertainment,NETFLIX PPV CHARGE,308.6,debit,21872.49,False
95bb60f5-d,CUSTBA612D,2026-02-24,Healthcare,PHARMACY PURCHASE,1075.23,debit,20797.26,False
14984bb0-f,CUSTBA612D,2026-02-25,Groceries,CARREFOUR HYPERMARKET,179.46,debit,20617.8,False
59b4de02-e,CUSTBA612D,2026-02-28,Entertainment,NETFLIX PPV CHARGE,599.29,debit,20018.51,False
2df7594d-1,CUSTBA612D,2026-02-28,Healthcare,PHARMACY PURCHASE,5.0,debit,20013.51,False
d1c3b6ec-3,CUSTBA612D,2026-03-03,Salary,MONTHLY SALARY CREDIT,32000.0,credit,52013.51,False
64ea8c0d-1,CUSTBA612D,2026-03-03,Utilities,ELECTRICITY BILL PMT,2028.48,debit,49985.03,False
8c61c726-7,CUSTBA612D,2026-03-04,Transportation,FUEL STATION PURCHASE,1177.98,debit,48807.05,False
d9e859ce-e,CUSTBA612D,2026-03-05,Healthcare,LAB TEST PAYMENT,266.08,debit,48540.97,False
643b0fab-8,CUSTBA612D,2026-03-05,Healthcare,LAB TEST PAYMENT,1240.34,debit,47300.63,False
27ca5172-6,CUSTBA612D,2026-03-06,Groceries,CARREFOUR HYPERMARKET,1969.16,debit,45331.47,False
2454b20a-e,CUSTBA612D,2026-03-07,Transportation,CAREEM RIDE,227.44,debit,45104.03,False
221970eb-8,CUSTBA612D,2026-03-07,Dining/Restaurants,CAFE PURCHASE,256.95,debit,44847.08,False
17834e84-3,CUSTBA612D,2026-03-07,Healthcare,LAB TEST PAYMENT,5.0,debit,44842.08,False
b2761cbb-1,CUSTBA612D,2026-03-09,Shopping,MALL PURCHASE - POS,61.78,debit,44780.3,False
5f22881e-b,CUSTBA612D,2026-03-12,Transportation,FUEL STATION PURCHASE,323.7,debit,44456.6,False
a50b1ba6-5,CUSTBA612D,2026-03-12,Savings Transfer,TRANSFER TO SAVINGS ACCT,229.67,debit,44226.93,False
ebb86e60-2,CUSTBA612D,2026-03-14,Groceries,POS PURCHASE - LOCAL MARKET,1015.28,debit,43211.65,False
43dca004-e,CUSTBA612D,2026-03-15,Groceries,SPINNEYS #462,367.33,debit,42844.32,False
32aa9872-8,CUSTBA612D,2026-03-15,Groceries,CARREFOUR HYPERMARKET,689.48,debit,42154.84,False
f25b2415-e,CUSTBA612D,2026-03-15,Dining/Restaurants,CAFE PURCHASE,540.4,debit,41614.44,False
30069af2-c,CUSTBA612D,2026-03-16,Shopping,AMAZON.EG ORDER,2694.42,debit,38920.02,False
398d0e42-2,CUSTBA612D,2026-03-17,Entertainment,CINEMA TICKET PURCHASE,587.37,debit,38332.65,False
34b07274-b,CUSTBA612D,2026-03-17,Subscriptions,NETFLIX.COM SUBSCRIPTION,489.8,debit,37842.85,False
fa6788c8-7,CUSTBA612D,2026-03-18,Rent/Installment,Home Loan Installment - ONLINE,7912.89,debit,29929.96,False
bb989c9e-9,CUSTBA612D,2026-03-18,Dining/Restaurants,CAFE PURCHASE,235.59,debit,29694.37,False
fff977d0-3,CUSTBA612D,2026-03-19,Dining/Restaurants,POS - LOCAL RESTAURANT,70.95,debit,29623.42,False
e1db8fae-e,CUSTBA612D,2026-03-20,Shopping,AMAZON.EG ORDER,198.46,debit,29424.96,False
9992d58c-d,CUSTBA612D,2026-03-22,Savings Transfer,TRANSFER TO SAVINGS ACCT,8.7,debit,29416.26,False
885c2971-5,CUSTBA612D,2026-03-24,Transportation,FUEL STATION PURCHASE,83.31,debit,29332.95,False
9863ed8f-4,CUSTBA612D,2026-03-24,Savings Transfer,TRANSFER TO SAVINGS ACCT,192.5,debit,29140.45,False
7919fd8f-2,CUSTBA612D,2026-03-24,Savings Transfer,TRANSFER TO SAVINGS ACCT,259.73,debit,28880.72,False
c68a61e9-8,CUSTBA612D,2026-03-25,Transportation,FUEL STATION PURCHASE,234.44,debit,28646.28,False
e7d14600-1,CUSTBA612D,2026-03-25,Dining/Restaurants,MCDONALDS #615,845.53,debit,27800.75,False
62d8b760-8,CUSTBA612D,2026-03-25,Entertainment,NETFLIX PPV CHARGE,951.37,debit,26849.38,False
6ced40a5-9,CUSTBA612D,2026-03-26,Groceries,CARREFOUR HYPERMARKET,354.95,debit,26494.43,False
a3a82134-0,CUSTBA612D,2026-04-01,Healthcare,LAB TEST PAYMENT,638.88,debit,25855.55,False
f0375ab9-6,CUSTBA612D,2026-04-02,Rent/Installment,Monthly Rent Transfer,7062.46,debit,18793.09,False
2a6dcb69-3,CUSTBA612D,2026-04-02,Groceries,CARREFOUR HYPERMARKET,1307.61,debit,17485.48,False
9db3faf3-7,CUSTBA612D,2026-04-02,Savings Transfer,INTERNAL XFER - SAVINGS,84.04,debit,17401.44,False
3f1ff098-9,CUSTBA612D,2026-04-03,Salary,MONTHLY SALARY CREDIT,32000.0,credit,49401.44,False
e7927896-7,CUSTBA612D,2026-04-04,Dining/Restaurants,CAFE PURCHASE,1016.85,debit,48384.59,False
92efbd69-f,CUSTBA612D,2026-04-05,Dining/Restaurants,MCDONALDS #800,133.74,debit,48250.85,False
9df18658-3,CUSTBA612D,2026-04-06,Subscriptions,NETFLIX.COM SUBSCRIPTION,464.13,debit,47786.72,False
c404008f-c,CUSTBA612D,2026-04-07,Shopping,AMAZON.EG ORDER,1550.97,debit,46235.75,False
8213b682-7,CUSTBA612D,2026-04-07,Savings Transfer,INTERNAL XFER - SAVINGS,296.44,debit,45939.31,False
61c7bd78-c,CUSTBA612D,2026-04-08,Groceries,SPINNEYS #835,1011.28,debit,44928.03,False
1220b203-8,CUSTBA612D,2026-04-09,Shopping,AMAZON.EG ORDER,995.93,debit,43932.1,False
2d9e9d53-9,CUSTBA612D,2026-04-10,Savings Transfer,INTERNAL XFER - SAVINGS,219.71,debit,43712.39,False
cb141b22-9,CUSTBA612D,2026-04-12,Savings Transfer,TRANSFER TO SAVINGS ACCT,59.69,debit,43652.7,False
dd51b26c-f,CUSTBA612D,2026-04-13,Transportation,UBER *TRIP 102,885.98,debit,42766.72,False
31a7be22-9,CUSTBA612D,2026-04-13,Healthcare,LAB TEST PAYMENT,789.99,debit,41976.73,False
80b9824b-9,CUSTBA612D,2026-04-15,Dining/Restaurants,POS - LOCAL RESTAURANT,903.93,debit,41072.8,False
cc30bd50-1,CUSTBA612D,2026-04-16,Entertainment,NETFLIX PPV CHARGE,890.05,debit,40182.75,False
00dc500d-0,CUSTBA612D,2026-04-18,Shopping,MALL PURCHASE - POS,117.82,debit,40064.93,False
42ac7da6-d,CUSTBA612D,2026-04-23,Utilities,Internet Bill - NBE,1807.6,debit,38257.33,False
721e9cd0-1,CUSTBA612D,2026-04-23,Savings Transfer,TRANSFER TO SAVINGS ACCT,49.77,debit,38207.56,False
50192eaa-b,CUSTBA612D,2026-04-27,Transportation,UBER *TRIP 452,1290.02,debit,36917.54,False
4a31cfb2-d,CUSTBA612D,2026-04-27,Entertainment,GAMING STORE PURCHASE,633.25,debit,36284.29,False
3468e474-7,CUSTBA612D,2026-04-27,Healthcare,CLINIC VISIT FEE,93.01,debit,36191.28,False
57f8f4df-7,CUSTBA612D,2026-04-28,Groceries,CARREFOUR HYPERMARKET,2300.66,debit,33890.62,False
f878e7e4-6,CUSTBA612D,2026-05-01,Healthcare,LAB TEST PAYMENT,12.4,debit,33878.22,False
f5d32c0c-2,CUSTBA612D,2026-05-02,Salary,MONTHLY SALARY CREDIT,32000.0,credit,65878.22,False
f15f3c9a-1,CUSTBA612D,2026-05-03,Healthcare,PHARMACY PURCHASE,477.46,debit,65400.76,False
6b82a04c-c,CUSTBA612D,2026-05-05,Utilities,ELECTRICITY BILL PMT,1874.44,debit,63526.32,False
15edff09-7,CUSTBA612D,2026-05-05,Groceries,SPINNEYS #321,376.69,debit,63149.63,False
711bffbe-0,CUSTBA612D,2026-05-07,Entertainment,CINEMA TICKET PURCHASE,343.6,debit,62806.03,False
1b523bfa-9,CUSTBA612D,2026-05-07,Subscriptions,SPOTIFY AB,459.23,debit,62346.8,False
0c41195b-c,CUSTBA612D,2026-05-08,Dining/Restaurants,MCDONALDS #673,97.88,debit,62248.92,False
80da9070-0,CUSTBA612D,2026-05-08,Entertainment,CINEMA TICKET PURCHASE,54.74,debit,62194.18,False
30124482-1,CUSTBA612D,2026-05-10,Dining/Restaurants,POS - LOCAL RESTAURANT,170.3,debit,62023.88,False
8d840922-e,CUSTBA612D,2026-05-12,Healthcare,PHARMACY PURCHASE,367.72,debit,61656.16,False
47284c49-f,CUSTBA612D,2026-05-13,Shopping,ONLINE STORE CHECKOUT,746.09,debit,60910.07,False
b68e62d2-6,CUSTBA612D,2026-05-13,Savings Transfer,TRANSFER TO SAVINGS ACCT,145.93,debit,60764.14,False
088a2e32-f,CUSTBA612D,2026-05-14,Healthcare,PHARMACY PURCHASE,161.92,debit,60602.22,False
2ad072d9-5,CUSTBA612D,2026-05-16,Shopping,MALL PURCHASE - POS,277.74,debit,60324.48,False
af58c3c4-c,CUSTBA612D,2026-05-17,Entertainment,NETFLIX PPV CHARGE,715.54,debit,59608.94,False
70e997a3-c,CUSTBA612D,2026-05-18,Transportation,FUEL STATION PURCHASE,246.99,debit,59361.95,False
15e6e712-1,CUSTBA612D,2026-05-19,Dining/Restaurants,CAFE PURCHASE,1210.68,debit,58151.27,False
cf3131f6-8,CUSTBA612D,2026-05-19,Savings Transfer,INTERNAL XFER - SAVINGS,254.03,debit,57897.24,False
27692764-1,CUSTBA612D,2026-05-20,Transportation,CAREEM RIDE,687.55,debit,57209.69,False
faaf8b73-d,CUSTBA612D,2026-05-21,Rent/Installment,Monthly Rent Transfer,7055.4,debit,50154.29,False
70dd2bea-7,CUSTBA612D,2026-05-22,Groceries,CARREFOUR HYPERMARKET,3881.63,debit,46272.66,False
c3f9c448-e,CUSTBA612D,2026-05-22,Transportation,FUEL STATION PURCHASE,884.28,debit,45388.38,False
1ab50feb-b,CUSTBA612D,2026-05-23,Shopping,ONLINE STORE CHECKOUT,1057.65,debit,44330.73,False
12aba6c8-9,CUSTBA612D,2026-05-25,Healthcare,LAB TEST PAYMENT,378.71,debit,43952.02,False
93185196-e,CUSTBA612D,2026-05-26,Dining/Restaurants,MCDONALDS #237,361.03,debit,43590.99,False
fb429aab-3,CUSTBA612D,2026-05-26,Shopping,MALL PURCHASE - POS,778.62,debit,42812.37,False
ce422e27-7,CUSTBA612D,2026-05-27,Entertainment,NETFLIX PPV CHARGE,413.84,debit,42398.53,False
61276927-9,CUSTBA612D,2026-05-28,Transportation,FUEL STATION PURCHASE,324.26,debit,42074.27,False
03678b3e-e,CUSTBA612D,2026-05-28,Savings Transfer,INTERNAL XFER - SAVINGS,241.47,debit,41832.8,False
62b170a0-2,CUSTBA612D,2026-05-28,Savings Transfer,TRANSFER TO SAVINGS ACCT,145.83,debit,41686.97,False
6b4751be-d,CUSTBA612D,2026-06-01,Healthcare,CLINIC VISIT FEE,658.99,debit,41027.98,False
164cd965-3,CUSTBA612D,2026-06-02,Salary,MONTHLY SALARY CREDIT,32000.0,credit,73027.98,False
e47f557e-6,CUSTBA612D,2026-06-05,Subscriptions,GYM MEMBERSHIP AUTOPAY,471.32,debit,72556.66,False
e7868da4-4,CUSTBA612D,2026-06-06,Groceries,SPINNEYS #936,973.73,debit,71582.93,False
ad243dac-b,CUSTBA612D,2026-06-06,Savings Transfer,INTERNAL XFER - SAVINGS,130.59,debit,71452.34,False
11a5969d-d,CUSTBA612D,2026-06-07,Dining/Restaurants,POS - LOCAL RESTAURANT,143.22,debit,71309.12,False
1df17643-b,CUSTBA612D,2026-06-10,Groceries,SPINNEYS #416,1319.1,debit,69990.02,False
5e11b81b-7,CUSTBA612D,2026-06-12,Rent/Installment,Monthly Rent Transfer,7255.98,debit,62734.04,False
01b72c9b-c,CUSTBA612D,2026-06-13,Utilities,ELECTRICITY BILL PMT,1803.33,debit,60930.71,False
04dacd42-9,CUSTBA612D,2026-06-14,Groceries,CARREFOUR HYPERMARKET,1372.64,debit,59558.07,False
207ce26b-2,CUSTBA612D,2026-06-14,Shopping,MALL PURCHASE - POS,176.47,debit,59381.6,False
5e085c29-a,CUSTBA612D,2026-06-16,Transportation,FUEL STATION PURCHASE,2028.37,debit,57353.23,False
1b15da8b-2,CUSTBA612D,2026-06-16,Entertainment,CINEMA TICKET PURCHASE,133.06,debit,57220.17,False
972e61cb-8,CUSTBA612D,2026-06-17,Healthcare,LAB TEST PAYMENT,132.35,debit,57087.82,False
6e3505ec-3,CUSTBA612D,2026-06-18,Dining/Restaurants,POS - LOCAL RESTAURANT,1793.46,debit,55294.36,False
f39a67e9-c,CUSTBA612D,2026-06-21,Transportation,FUEL STATION PURCHASE,62.71,debit,55231.65,False
efb68fa3-7,CUSTBA612D,2026-06-21,Healthcare,PHARMACY PURCHASE,165.83,debit,55065.82,False
f2203b84-5,CUSTBA612D,2026-06-22,Shopping,AMAZON.EG ORDER,2395.62,debit,52670.2,False
6dc4453c-8,CUSTBA612D,2026-06-23,Groceries,CARREFOUR HYPERMARKET,263.83,debit,52406.37,False
a59a7ad9-8,CUSTBA612D,2026-06-23,Healthcare,CLINIC VISIT FEE,114.28,debit,52292.09,False
a90ef89f-4,CUSTBA612D,2026-06-24,Dining/Restaurants,CAFE PURCHASE,167.04,debit,52125.05,False
6648fd19-7,CUSTBA612D,2026-06-24,Savings Transfer,TRANSFER TO SAVINGS ACCT,318.21,debit,51806.84,False
de487597-4,CUSTBA612D,2026-06-26,Entertainment,NETFLIX PPV CHARGE,611.83,debit,51195.01,False
40aba5a3-3,CUSTBA612D,2026-06-27,Shopping,AMAZON.EG ORDER,182.47,debit,51012.54,False
a517bb28-1,CUSTBA612D,2026-06-27,Healthcare,CLINIC VISIT FEE,416.12,debit,50596.42,False
d4c8d5af-4,CUSTBA612D,2026-06-28,Entertainment,GAMING STORE PURCHASE,668.29,debit,49928.13,False
b7fe851a-4,CUSTBA612D,2026-06-28,Savings Transfer,TRANSFER TO SAVINGS ACCT,208.86,debit,49719.27,False
de9114eb-8,CUST2BB24A,2026-01-01,Salary,MONTHLY SALARY CREDIT,23900.0,credit,26244.11,False
1b8d6b29-3,CUST2BB24A,2026-01-01,Healthcare,LAB TEST PAYMENT,276.04,debit,25968.07,False
962bbf71-0,CUST2BB24A,2026-01-02,Dining/Restaurants,CAFE PURCHASE,332.95,debit,25635.12,False
dc6c6826-b,CUST2BB24A,2026-01-03,Dining/Restaurants,MCDONALDS #664,90.35,debit,25544.77,False
7070ae6c-4,CUST2BB24A,2026-01-05,Healthcare,PHARMACY PURCHASE,376.41,debit,25168.36,False
ea00e16e-7,CUST2BB24A,2026-01-07,Healthcare,PHARMACY PURCHASE,192.87,debit,24975.49,False
53e2ebae-a,CUST2BB24A,2026-01-12,Dining/Restaurants,MCDONALDS #232,430.62,debit,24544.87,False
0e29bf9e-7,CUST2BB24A,2026-01-12,Dining/Restaurants,MCDONALDS #580,175.54,debit,24369.33,False
64c563e4-c,CUST2BB24A,2026-01-12,Savings Transfer,INTERNAL XFER - SAVINGS,30.0,debit,24339.33,False
bd9579e5-b,CUST2BB24A,2026-01-13,Rent/Installment,Monthly Rent Transfer,7624.81,debit,16714.52,False
cbcc46dc-2,CUST2BB24A,2026-01-13,Entertainment,CINEMA TICKET PURCHASE,267.08,debit,16447.44,False
7ca716fb-0,CUST2BB24A,2026-01-14,Dining/Restaurants,POS - LOCAL RESTAURANT,909.75,debit,15537.69,False
37cfeb27-9,CUST2BB24A,2026-01-16,Groceries,CARREFOUR HYPERMARKET,1104.02,debit,14433.67,False
d8a0a877-6,CUST2BB24A,2026-01-17,Utilities,WATER CO. AUTOPAY,1264.14,debit,13169.53,False
7cba1c96-7,CUST2BB24A,2026-01-20,Transportation,UBER *TRIP 634,934.52,debit,12235.01,False
985d930a-d,CUST2BB24A,2026-01-20,Transportation,UBER *TRIP 101,714.47,debit,11520.54,False
3a6bfdf4-d,CUST2BB24A,2026-01-22,Shopping,ONLINE STORE CHECKOUT,74.44,debit,11446.1,False
4fae1dc5-c,CUST2BB24A,2026-01-22,Savings Transfer,TRANSFER TO SAVINGS ACCT,2010.99,debit,9435.11,False
f6ffc058-9,CUST2BB24A,2026-01-23,Shopping,AMAZON.EG ORDER,1064.61,debit,8370.5,False
0b589268-3,CUST2BB24A,2026-01-24,Groceries,SPINNEYS #730,106.55,debit,8263.95,False
5caae15d-1,CUST2BB24A,2026-01-25,Transportation,CAREEM RIDE,335.3,debit,7928.65,False
e11a36ce-0,CUST2BB24A,2026-01-25,Healthcare,CLINIC VISIT FEE,405.73,debit,7522.92,False
fe6da039-e,CUST2BB24A,2026-01-26,Entertainment,CINEMA TICKET PURCHASE,866.97,debit,6655.95,False
9cd48d3e-3,CUST2BB24A,2026-01-27,Groceries,POS PURCHASE - LOCAL MARKET,707.41,debit,5948.54,False
6d71377c-0,CUST2BB24A,2026-01-27,Subscriptions,GYM MEMBERSHIP AUTOPAY,289.84,debit,5658.7,False
7c74c28b-b,CUST2BB24A,2026-01-28,Shopping,ONLINE STORE CHECKOUT,624.79,debit,5033.91,False
4ece8c94-7,CUST2BB24A,2026-01-28,Savings Transfer,TRANSFER TO SAVINGS ACCT,1080.29,debit,3953.62,False
eaf0d2cd-5,CUST2BB24A,2026-02-01,Salary,MONTHLY SALARY CREDIT,23900.0,credit,27853.62,False
dc600c68-a,CUST2BB24A,2026-02-01,Shopping,MALL PURCHASE - POS,563.77,debit,27289.85,False
b2d0fb07-0,CUST2BB24A,2026-02-02,Groceries,SPINNEYS #506,257.19,debit,27032.66,False
85b01991-c,CUST2BB24A,2026-02-03,Transportation,UBER *TRIP 893,1572.15,debit,25460.51,False
99ba4c8e-9,CUST2BB24A,2026-02-03,Dining/Restaurants,POS - LOCAL RESTAURANT,868.19,debit,24592.32,False
2d6858e2-3,CUST2BB24A,2026-02-03,Entertainment,GAMING STORE PURCHASE,743.34,debit,23848.98,False
9706a511-3,CUST2BB24A,2026-02-06,Transportation,CAREEM RIDE,197.34,debit,23651.64,False
92432567-9,CUST2BB24A,2026-02-07,Healthcare,LAB TEST PAYMENT,114.59,debit,23537.05,False
20d243f3-a,CUST2BB24A,2026-02-07,Savings Transfer,INTERNAL XFER - SAVINGS,47.84,debit,23489.21,False
06b03192-6,CUST2BB24A,2026-02-10,Groceries,CARREFOUR HYPERMARKET,303.74,debit,23185.47,False
b157766e-f,CUST2BB24A,2026-02-11,Dining/Restaurants,POS - LOCAL RESTAURANT,343.15,debit,22842.32,False
4db42e1b-2,CUST2BB24A,2026-02-11,Shopping,MALL PURCHASE - POS,509.84,debit,22332.48,False
9aba301b-6,CUST2BB24A,2026-02-12,Shopping,AMAZON.EG ORDER,11.39,debit,22321.09,False
7bd0a1e7-4,CUST2BB24A,2026-02-13,Utilities,ELECTRICITY BILL PMT,1251.26,debit,21069.83,False
8f3c4497-0,CUST2BB24A,2026-02-13,Shopping,ONLINE STORE CHECKOUT,464.78,debit,20605.05,False
70800c3e-b,CUST2BB24A,2026-02-13,Healthcare,PHARMACY PURCHASE,537.8,debit,20067.25,False
64caef1e-8,CUST2BB24A,2026-02-14,Entertainment,GAMING STORE PURCHASE,433.37,debit,19633.88,False
b457aa9a-7,CUST2BB24A,2026-02-14,Healthcare,LAB TEST PAYMENT,8.02,debit,19625.86,False
be87cd8b-3,CUST2BB24A,2026-02-14,Savings Transfer,INTERNAL XFER - SAVINGS,600.68,debit,19025.18,False
58d0376f-9,CUST2BB24A,2026-02-15,Savings Transfer,INTERNAL XFER - SAVINGS,594.82,debit,18430.36,False
98127cd1-e,CUST2BB24A,2026-02-15,Savings Transfer,INTERNAL XFER - SAVINGS,147.44,debit,18282.92,False
1a44f198-9,CUST2BB24A,2026-02-16,Dining/Restaurants,CAFE PURCHASE,457.81,debit,17825.11,False
0ce584a5-3,CUST2BB24A,2026-02-16,Healthcare,PHARMACY PURCHASE,345.83,debit,17479.28,False
4ff44da5-b,CUST2BB24A,2026-02-17,Savings Transfer,INTERNAL XFER - SAVINGS,1817.98,debit,15661.3,False
4f7c5f8d-c,CUST2BB24A,2026-02-18,Healthcare,LAB TEST PAYMENT,269.72,debit,15391.58,False
50705d98-c,CUST2BB24A,2026-02-20,Rent/Installment,Home Loan Installment - AUTOPAY,8778.74,debit,6612.84,False
2e50f1bb-4,CUST2BB24A,2026-02-22,Groceries,SPINNEYS #334,21.09,debit,6591.75,False
06beebe7-f,CUST2BB24A,2026-02-22,Subscriptions,NETFLIX.COM SUBSCRIPTION,307.24,debit,6284.51,False
e8e8ea49-7,CUST2BB24A,2026-02-26,Groceries,SPINNEYS #382,291.17,debit,5993.34,False
635549ea-2,CUST2BB24A,2026-02-26,Dining/Restaurants,POS - LOCAL RESTAURANT,327.92,debit,5665.42,False
69093241-e,CUST2BB24A,2026-02-26,Shopping,AMAZON.EG ORDER,161.35,debit,5504.07,False
65be5096-d,CUST2BB24A,2026-02-27,Groceries,CARREFOUR HYPERMARKET,1368.3,debit,4135.77,False
89b1e395-c,CUST2BB24A,2026-03-01,Entertainment,CINEMA TICKET PURCHASE,384.9,debit,3750.87,False
77ddc95a-0,CUST2BB24A,2026-03-03,Salary,MONTHLY SALARY CREDIT,23900.0,credit,27650.87,False
71b1ce0d-2,CUST2BB24A,2026-03-03,Shopping,MALL PURCHASE - POS,411.72,debit,27239.15,False
dbb8f7dc-5,CUST2BB24A,2026-03-04,Entertainment,CINEMA TICKET PURCHASE,142.25,debit,27096.9,False
55851736-9,CUST2BB24A,2026-03-05,Transportation,CAREEM RIDE,12.79,debit,27084.11,False
0cab8954-2,CUST2BB24A,2026-03-06,Groceries,CARREFOUR HYPERMARKET,315.01,debit,26769.1,False
d8a9e923-a,CUST2BB24A,2026-03-08,Dining/Restaurants,POS - LOCAL RESTAURANT,359.71,debit,26409.39,False
2a878410-9,CUST2BB24A,2026-03-08,Dining/Restaurants,POS - LOCAL RESTAURANT,983.32,debit,25426.07,False
1a3ad2eb-6,CUST2BB24A,2026-03-09,Savings Transfer,INTERNAL XFER - SAVINGS,2576.7,debit,22849.37,False
9acbe76d-2,CUST2BB24A,2026-03-10,Transportation,FUEL STATION PURCHASE,957.28,debit,21892.09,False
15ffcda2-7,CUST2BB24A,2026-03-10,Healthcare,LAB TEST PAYMENT,884.26,debit,21007.83,False
7f676bb1-c,CUST2BB24A,2026-03-10,Savings Transfer,TRANSFER TO SAVINGS ACCT,342.93,debit,20664.9,False
d3afe512-7,CUST2BB24A,2026-03-11,Dining/Restaurants,MCDONALDS #123,544.62,debit,20120.28,False
864186db-8,CUST2BB24A,2026-03-11,Entertainment,CINEMA TICKET PURCHASE,338.46,debit,19781.82,False
1d3bd1e9-4,CUST2BB24A,2026-03-12,Groceries,CARREFOUR HYPERMARKET,192.5,debit,19589.32,False
538284c6-a,CUST2BB24A,2026-03-12,Entertainment,GAMING STORE PURCHASE,251.51,debit,19337.81,False
c48014bb-0,CUST2BB24A,2026-03-12,Subscriptions,SPOTIFY AB,286.78,debit,19051.03,False
63d9ac9e-5,CUST2BB24A,2026-03-13,Transportation,CAREEM RIDE,79.96,debit,18971.07,False
79d02219-2,CUST2BB24A,2026-03-13,Healthcare,LAB TEST PAYMENT,32.41,debit,18938.66,False
977c0dbe-5,CUST2BB24A,2026-03-14,Savings Transfer,INTERNAL XFER - SAVINGS,170.74,debit,18767.92,False
e292c3cc-2,CUST2BB24A,2026-03-15,Transportation,CAREEM RIDE,372.29,debit,18395.63,False
07544edc-c,CUST2BB24A,2026-03-16,Groceries,SPINNEYS #378,1668.99,debit,16726.64,False
202eb1b1-6,CUST2BB24A,2026-03-17,Utilities,Internet Bill - ONLINE,1137.76,debit,15588.88,False
7fcb53b5-6,CUST2BB24A,2026-03-17,Shopping,ONLINE STORE CHECKOUT,336.35,debit,15252.53,False
85a0b7ba-0,CUST2BB24A,2026-03-19,Dining/Restaurants,CAFE PURCHASE,212.14,debit,15040.39,False
f3fae952-b,CUST2BB24A,2026-03-19,Dining/Restaurants,POS - LOCAL RESTAURANT,19.91,debit,15020.48,False
cecb97dc-9,CUST2BB24A,2026-03-19,Entertainment,GAMING STORE PURCHASE,95.92,debit,14924.56,False
2ba0892d-c,CUST2BB24A,2026-03-22,Transportation,CAREEM RIDE,434.86,debit,14489.7,False
bb3c2c8a-9,CUST2BB24A,2026-03-23,Healthcare,CLINIC VISIT FEE,141.89,debit,14347.81,False
11ad2455-e,CUST2BB24A,2026-03-25,Rent/Installment,Home Loan Installment - AUTOPAY,7575.43,debit,6772.38,False
389b3437-c,CUST2BB24A,2026-03-26,Healthcare,CLINIC VISIT FEE,114.64,debit,6657.74,False
e34aff4b-4,CUST2BB24A,2026-03-27,Shopping,ONLINE STORE CHECKOUT,1005.62,debit,5652.12,False
1c605118-1,CUST2BB24A,2026-04-01,Groceries,POS PURCHASE - LOCAL MARKET,290.08,debit,5362.04,False
1798e0ad-a,CUST2BB24A,2026-04-01,Transportation,UBER *TRIP 409,184.03,debit,5178.01,False
935da9ab-8,CUST2BB24A,2026-04-02,Groceries,POS PURCHASE - LOCAL MARKET,184.38,debit,4993.63,False
d18ce4b4-b,CUST2BB24A,2026-04-02,Savings Transfer,TRANSFER TO SAVINGS ACCT,40.24,debit,4953.39,False
e1fc43ea-f,CUST2BB24A,2026-04-03,Salary,MONTHLY SALARY CREDIT,23900.0,credit,28853.39,False
4e1423d3-f,CUST2BB24A,2026-04-03,Savings Transfer,INTERNAL XFER - SAVINGS,775.49,debit,28077.9,False
4a57d4b8-1,CUST2BB24A,2026-04-03,Savings Transfer,INTERNAL XFER - SAVINGS,739.32,debit,27338.58,False
ee5d736f-2,CUST2BB24A,2026-04-04,Groceries,CARREFOUR HYPERMARKET,700.26,debit,26638.32,False
a38edb1a-a,CUST2BB24A,2026-04-04,Dining/Restaurants,MCDONALDS #897,690.97,debit,25947.35,False
6b5e4f4e-a,CUST2BB24A,2026-04-05,Transportation,UBER *TRIP 138,695.22,debit,25252.13,False
2816038c-8,CUST2BB24A,2026-04-05,Dining/Restaurants,CAFE PURCHASE,641.23,debit,24610.9,False
ee03a386-9,CUST2BB24A,2026-04-05,Savings Transfer,INTERNAL XFER - SAVINGS,1732.71,debit,22878.19,False
de0dd75d-8,CUST2BB24A,2026-04-07,Dining/Restaurants,CAFE PURCHASE,558.51,debit,22319.68,False
3c0b2e41-4,CUST2BB24A,2026-04-07,Entertainment,CINEMA TICKET PURCHASE,289.15,debit,22030.53,False
8b2433cc-9,CUST2BB24A,2026-04-07,Shopping,MALL PURCHASE - POS,250.27,debit,21780.26,False
b52eaa98-c,CUST2BB24A,2026-04-08,Dining/Restaurants,CAFE PURCHASE,129.47,debit,21650.79,False
979810c1-3,CUST2BB24A,2026-04-08,Healthcare,LAB TEST PAYMENT,21.83,debit,21628.96,False
04fa23ff-6,CUST2BB24A,2026-04-12,Transportation,CAREEM RIDE,595.12,debit,21033.84,False
d7d16ef2-2,CUST2BB24A,2026-04-12,Entertainment,GAMING STORE PURCHASE,145.62,debit,20888.22,False
9be08bf9-4,CUST2BB24A,2026-04-14,Entertainment,CINEMA TICKET PURCHASE,70.99,debit,20817.23,False
aabf9bda-0,CUST2BB24A,2026-04-15,Subscriptions,SPOTIFY AB,263.4,debit,20553.83,False
8dadeffc-7,CUST2BB24A,2026-04-18,Shopping,ONLINE STORE CHECKOUT,121.9,debit,20431.93,False
6a1f61c9-7,CUST2BB24A,2026-04-19,Utilities,WATER CO. AUTOPAY,1146.53,debit,19285.4,False
8e2625b4-d,CUST2BB24A,2026-04-19,Entertainment,NETFLIX PPV CHARGE,204.26,debit,19081.14,False
79ffa1be-5,CUST2BB24A,2026-04-19,Healthcare,CLINIC VISIT FEE,1144.7,debit,17936.44,False
6a3f8955-c,CUST2BB24A,2026-04-21,Groceries,POS PURCHASE - LOCAL MARKET,428.53,debit,17507.91,False
b1f83ccd-b,CUST2BB24A,2026-04-21,Transportation,FUEL STATION PURCHASE,351.96,debit,17155.95,False
0ca86b63-3,CUST2BB24A,2026-04-21,Savings Transfer,INTERNAL XFER - SAVINGS,94.78,debit,17061.17,False
ef86c162-6,CUST2BB24A,2026-04-23,Rent/Installment,Monthly Rent Transfer,8804.67,debit,8256.5,False
b5b69937-7,CUST2BB24A,2026-04-24,Shopping,AMAZON.EG ORDER,1014.91,debit,7241.59,False
01112997-e,CUST2BB24A,2026-04-27,Entertainment,NETFLIX PPV CHARGE,363.24,debit,6878.35,False
4cc80211-9,CUST2BB24A,2026-04-27,Shopping,MALL PURCHASE - POS,294.76,debit,6583.59,False
2a4bb89c-4,CUST2BB24A,2026-04-28,Groceries,SPINNEYS #879,357.74,debit,6225.85,False
16372776-0,CUST2BB24A,2026-05-01,Salary,MONTHLY SALARY CREDIT,23900.0,credit,30125.85,False
605aae6a-b,CUST2BB24A,2026-05-01,Groceries,CARREFOUR HYPERMARKET,1089.44,debit,29036.41,False
9df7f988-5,CUST2BB24A,2026-05-01,Transportation,UBER *TRIP 122,381.86,debit,28654.55,False
c7e68676-2,CUST2BB24A,2026-05-02,Entertainment,CINEMA TICKET PURCHASE,357.62,debit,28296.93,False
34650e40-d,CUST2BB24A,2026-05-05,Groceries,POS PURCHASE - LOCAL MARKET,52.01,debit,28244.92,False
7927461b-6,CUST2BB24A,2026-05-06,Entertainment,CINEMA TICKET PURCHASE,167.63,debit,28077.29,False
207e4023-9,CUST2BB24A,2026-05-07,Groceries,CARREFOUR HYPERMARKET,165.49,debit,27911.8,False
b23b10e9-b,CUST2BB24A,2026-05-07,Transportation,CAREEM RIDE,1389.91,debit,26521.89,False
40daa72b-5,CUST2BB24A,2026-05-11,Groceries,POS PURCHASE - LOCAL MARKET,668.31,debit,25853.58,False
83a79fc8-4,CUST2BB24A,2026-05-12,Entertainment,CINEMA TICKET PURCHASE,494.37,debit,25359.21,False
c8b306a7-8,CUST2BB24A,2026-05-14,Dining/Restaurants,POS - LOCAL RESTAURANT,1320.59,debit,24038.62,False
7ee3534c-8,CUST2BB24A,2026-05-15,Dining/Restaurants,POS - LOCAL RESTAURANT,649.48,debit,23389.14,False
8caeeb3d-4,CUST2BB24A,2026-05-18,Entertainment,NETFLIX PPV CHARGE,115.0,debit,23274.14,False
03940d2b-1,CUST2BB24A,2026-05-18,Shopping,MALL PURCHASE - POS,1292.69,debit,21981.45,False
42f2c2ca-b,CUST2BB24A,2026-05-22,Savings Transfer,INTERNAL XFER - SAVINGS,1965.06,debit,20016.39,False
4f7e1c90-6,CUST2BB24A,2026-05-23,Shopping,AMAZON.EG ORDER,357.8,debit,19658.59,False
8ec63ff3-c,CUST2BB24A,2026-05-23,Healthcare,PHARMACY PURCHASE,114.44,debit,19544.15,False
1a2b2c96-3,CUST2BB24A,2026-05-24,Savings Transfer,INTERNAL XFER - SAVINGS,1539.89,debit,18004.26,False
05df102e-5,CUST2BB24A,2026-05-26,Utilities,WATER CO. AUTOPAY,1147.46,debit,16856.8,False
59694cca-b,CUST2BB24A,2026-05-26,Subscriptions,GYM MEMBERSHIP AUTOPAY,305.56,debit,16551.24,False
9477cb4f-a,CUST2BB24A,2026-05-26,Healthcare,PHARMACY PURCHASE,1144.95,debit,15406.29,False
9ffe3639-d,CUST2BB24A,2026-05-27,Rent/Installment,Home Loan Installment - NBE,7922.56,debit,7483.73,False
d4eadbea-f,CUST2BB24A,2026-06-02,Salary,MONTHLY SALARY CREDIT,23900.0,credit,31383.73,False
a614a0af-7,CUST2BB24A,2026-06-03,Transportation,UBER *TRIP 259,618.78,debit,30764.95,False
c22ffed6-4,CUST2BB24A,2026-06-03,Shopping,MALL PURCHASE - POS,1255.85,debit,29509.1,False
cebc0bca-1,CUST2BB24A,2026-06-04,Dining/Restaurants,MCDONALDS #186,166.15,debit,29342.95,False
1ff2a745-7,CUST2BB24A,2026-06-05,Dining/Restaurants,MCDONALDS #597,1390.6,debit,27952.35,False
5fc6b287-e,CUST2BB24A,2026-06-06,Healthcare,PHARMACY PURCHASE,161.67,debit,27790.68,False
26a28ab8-f,CUST2BB24A,2026-06-06,Savings Transfer,INTERNAL XFER - SAVINGS,343.21,debit,27447.47,False
34c7fa55-2,CUST2BB24A,2026-06-08,Healthcare,LAB TEST PAYMENT,352.51,debit,27094.96,False
3e2ed761-f,CUST2BB24A,2026-06-12,Entertainment,GAMING STORE PURCHASE,570.73,debit,26524.23,False
e7a3e7cd-d,CUST2BB24A,2026-06-13,Healthcare,LAB TEST PAYMENT,433.91,debit,26090.32,False
e7e06fc5-c,CUST2BB24A,2026-06-13,Savings Transfer,TRANSFER TO SAVINGS ACCT,2149.1,debit,23941.22,False
c6ef2afd-a,CUST2BB24A,2026-06-17,Entertainment,CINEMA TICKET PURCHASE,645.96,debit,23295.26,False
0c75d9fd-4,CUST2BB24A,2026-06-20,Utilities,Internet Bill - NBE,1192.49,debit,22102.77,False
98a9de48-7,CUST2BB24A,2026-06-20,Transportation,UBER *TRIP 921,971.04,debit,21131.73,False
daec43be-c,CUST2BB24A,2026-06-21,Groceries,POS PURCHASE - LOCAL MARKET,888.08,debit,20243.65,False
6fecbba8-b,CUST2BB24A,2026-06-21,Dining/Restaurants,MCDONALDS #562,23.6,debit,20220.05,False
d2631c41-9,CUST2BB24A,2026-06-21,Subscriptions,NETFLIX.COM SUBSCRIPTION,254.48,debit,19965.57,False
3bc13119-6,CUST2BB24A,2026-06-22,Savings Transfer,INTERNAL XFER - SAVINGS,111.38,debit,19854.19,False
2a10b6a4-5,CUST2BB24A,2026-06-23,Rent/Installment,Home Loan Installment - AUTOPAY,8483.65,debit,11370.54,False
eb5ec614-7,CUST2BB24A,2026-06-24,Savings Transfer,TRANSFER TO SAVINGS ACCT,433.9,debit,10936.64,False
07eb30e6-0,CUST2BB24A,2026-06-25,Dining/Restaurants,MCDONALDS #913,371.06,debit,10565.58,False
164e0584-5,CUST2BB24A,2026-06-25,Healthcare,PHARMACY PURCHASE,205.59,debit,10359.99,False
05ea10b8-7,CUST2BB24A,2026-06-26,Transportation,FUEL STATION PURCHASE,232.93,debit,10127.06,False
2277bebf-2,CUST2BB24A,2026-06-28,Groceries,SPINNEYS #257,1410.75,debit,8716.31,False
8d98f952-3,CUST2BB24A,2026-06-28,Shopping,MALL PURCHASE - POS,619.64,debit,8096.67,False
42ebcec2-f,CUST745341,2026-01-02,Salary,MONTHLY SALARY CREDIT,16600.0,credit,29213.9,False
38677456-d,CUST745341,2026-01-05,Transportation,UBER *TRIP 528,192.96,debit,29020.94,False
37d35b94-1,CUST745341,2026-01-05,Transportation,FUEL STATION PURCHASE,139.24,debit,28881.7,False
8351513b-b,CUST745341,2026-01-06,Rent/Installment,ACH DEBIT - RENT PAYMENT,3654.48,debit,25227.22,False
15555038-f,CUST745341,2026-01-06,Groceries,POS PURCHASE - LOCAL MARKET,397.1,debit,24830.12,False
111a89cf-a,CUST745341,2026-01-06,Transportation,UBER *TRIP 706,247.45,debit,24582.67,False
4ef933f0-7,CUST745341,2026-01-07,Dining/Restaurants,MCDONALDS #255,604.76,debit,23977.91,False
dc0854a6-3,CUST745341,2026-01-07,Shopping,ONLINE STORE CHECKOUT,362.9,debit,23615.01,False
75cfbc73-b,CUST745341,2026-01-11,Dining/Restaurants,POS - LOCAL RESTAURANT,122.32,debit,23492.69,False
db3d752a-c,CUST745341,2026-01-13,Utilities,Internet Bill - AUTOPAY,663.18,debit,22829.51,False
8bb9d4f4-0,CUST745341,2026-01-13,Transportation,CAREEM RIDE,239.57,debit,22589.94,False
a6cb1396-3,CUST745341,2026-01-13,Entertainment,CINEMA TICKET PURCHASE,380.84,debit,22209.1,False
ad6be1ea-4,CUST745341,2026-01-14,Groceries,POS PURCHASE - LOCAL MARKET,659.64,debit,21549.46,False
7d2fa9b8-1,CUST745341,2026-01-14,Groceries,CARREFOUR HYPERMARKET,682.73,debit,20866.73,False
594f37fd-1,CUST745341,2026-01-14,Dining/Restaurants,MCDONALDS #574,35.37,debit,20831.36,False
27dda4eb-3,CUST745341,2026-01-18,Shopping,MALL PURCHASE - POS,663.14,debit,20168.22,False
bf3bdd9a-a,CUST745341,2026-01-18,Savings Transfer,TRANSFER TO SAVINGS ACCT,19.95,debit,20148.27,False
dc3d8ce8-5,CUST745341,2026-01-18,Savings Transfer,INTERNAL XFER - SAVINGS,8.1,debit,20140.17,False
3871dafb-c,CUST745341,2026-01-20,Groceries,POS PURCHASE - LOCAL MARKET,406.61,debit,19733.56,False
c1a5efc8-5,CUST745341,2026-01-20,Entertainment,GAMING STORE PURCHASE,185.3,debit,19548.26,False
075e69ca-7,CUST745341,2026-01-21,Transportation,CAREEM RIDE,386.63,debit,19161.63,False
05824f97-4,CUST745341,2026-01-23,Dining/Restaurants,CAFE PURCHASE,24.38,debit,19137.25,False
e0553bf0-e,CUST745341,2026-01-25,Entertainment,CINEMA TICKET PURCHASE,508.92,debit,18628.33,False
999c0a57-6,CUST745341,2026-01-25,Subscriptions,NETFLIX.COM SUBSCRIPTION,376.23,debit,18252.1,False
46915fa5-7,CUST745341,2026-01-26,Healthcare,PHARMACY PURCHASE,233.55,debit,18018.55,False
8ff8f789-1,CUST745341,2026-01-27,Healthcare,LAB TEST PAYMENT,124.06,debit,17894.49,False
9ff66041-3,CUST745341,2026-01-28,Healthcare,PHARMACY PURCHASE,432.4,debit,17462.09,False
8d195934-c,CUST745341,2026-02-01,Rent/Installment,ACH DEBIT - RENT PAYMENT,3878.52,debit,13583.57,False
c8bab3a7-8,CUST745341,2026-02-02,Salary,MONTHLY SALARY CREDIT,16600.0,credit,30183.57,False
fe91d3c9-8,CUST745341,2026-02-03,Dining/Restaurants,MCDONALDS #391,244.46,debit,29939.11,False
20e81051-3,CUST745341,2026-02-06,Groceries,POS PURCHASE - LOCAL MARKET,186.39,debit,29752.72,False
f4478e37-a,CUST745341,2026-02-07,Healthcare,LAB TEST PAYMENT,243.83,debit,29508.89,False
89eb9268-9,CUST745341,2026-02-08,Groceries,SPINNEYS #633,23.92,debit,29484.97,False
090bb8c7-d,CUST745341,2026-02-08,Shopping,MALL PURCHASE - POS,277.07,debit,29207.9,False
375d9b90-6,CUST745341,2026-02-09,Savings Transfer,TRANSFER TO SAVINGS ACCT,27.31,debit,29180.59,False
1c5080b8-d,CUST745341,2026-02-10,Transportation,FUEL STATION PURCHASE,142.76,debit,29037.83,False
f12d291b-9,CUST745341,2026-02-11,Utilities,WATER CO. AUTOPAY,597.81,debit,28440.02,False
abbd38de-6,CUST745341,2026-02-11,Healthcare,PHARMACY PURCHASE,457.16,debit,27982.86,False
6d5ccb18-e,CUST745341,2026-02-14,Transportation,FUEL STATION PURCHASE,457.38,debit,27525.48,False
809faff5-f,CUST745341,2026-02-15,Groceries,POS PURCHASE - LOCAL MARKET,324.54,debit,27200.94,False
69527d3a-9,CUST745341,2026-02-16,Entertainment,GAMING STORE PURCHASE,306.91,debit,26894.03,False
6ba4b9cb-2,CUST745341,2026-02-17,Shopping,AMAZON.EG ORDER,502.58,debit,26391.45,False
6d8cf1a3-5,CUST745341,2026-02-17,Shopping,ONLINE STORE CHECKOUT,6.86,debit,26384.59,False
104cade2-b,CUST745341,2026-02-20,Transportation,UBER *TRIP 832,155.8,debit,26228.79,False
9a7e3e6b-f,CUST745341,2026-02-20,Dining/Restaurants,POS - LOCAL RESTAURANT,555.37,debit,25673.42,False
d6d0d647-5,CUST745341,2026-02-20,Shopping,MALL PURCHASE - POS,177.38,debit,25496.04,False
7865e008-d,CUST745341,2026-02-21,Savings Transfer,TRANSFER TO SAVINGS ACCT,5.0,debit,25491.04,False
db7bdfd3-a,CUST745341,2026-02-22,Groceries,CARREFOUR HYPERMARKET,1605.19,debit,23885.85,False
9c70b9d4-2,CUST745341,2026-02-23,Subscriptions,GYM MEMBERSHIP AUTOPAY,329.98,debit,23555.87,False
8d63d393-5,CUST745341,2026-02-24,Shopping,ONLINE STORE CHECKOUT,192.25,debit,23363.62,False
277eccf7-d,CUST745341,2026-02-25,Transportation,FUEL STATION PURCHASE,361.97,debit,23001.65,False
4869fd5a-c,CUST745341,2026-02-26,Transportation,UBER *TRIP 283,166.73,debit,22834.92,False
e0e8e873-0,CUST745341,2026-02-28,Entertainment,CINEMA TICKET PURCHASE,783.73,debit,22051.19,False
af433deb-3,CUST745341,2026-03-03,Salary,MONTHLY SALARY CREDIT,16600.0,credit,38651.19,False
cfaf5372-d,CUST745341,2026-03-03,Entertainment,CINEMA TICKET PURCHASE,5.0,debit,38646.19,False
cf1a026f-7,CUST745341,2026-03-05,Savings Transfer,INTERNAL XFER - SAVINGS,5.0,debit,38641.19,False
a1b23b2c-2,CUST745341,2026-03-06,Groceries,SPINNEYS #874,2330.2,debit,36310.99,False
5cc5b4d7-1,CUST745341,2026-03-06,Shopping,MALL PURCHASE - POS,496.46,debit,35814.53,False
e958173d-1,CUST745341,2026-03-06,Healthcare,PHARMACY PURCHASE,39.36,debit,35775.17,False
2b25d403-e,CUST745341,2026-03-06,Savings Transfer,TRANSFER TO SAVINGS ACCT,6.46,debit,35768.71,False
8487ce62-7,CUST745341,2026-03-07,Transportation,FUEL STATION PURCHASE,234.59,debit,35534.12,False
a012105f-f,CUST745341,2026-03-10,Savings Transfer,INTERNAL XFER - SAVINGS,9.9,debit,35524.22,False
f0072380-d,CUST745341,2026-03-12,Rent/Installment,Monthly Rent Transfer,4211.43,debit,31312.79,False
4b1f4624-a,CUST745341,2026-03-13,Groceries,POS PURCHASE - LOCAL MARKET,147.79,debit,31165.0,False
ca5babc0-2,CUST745341,2026-03-14,Transportation,FUEL STATION PURCHASE,587.67,debit,30577.33,False
4a7bfd3e-d,CUST745341,2026-03-15,Dining/Restaurants,MCDONALDS #353,96.21,debit,30481.12,False
a18ecc4a-0,CUST745341,2026-03-17,Entertainment,CINEMA TICKET PURCHASE,1039.6,debit,29441.52,False
25dba061-e,CUST745341,2026-03-17,Shopping,ONLINE STORE CHECKOUT,111.51,debit,29330.01,False
a170a054-9,CUST745341,2026-03-17,Healthcare,PHARMACY PURCHASE,304.05,debit,29025.96,False
2415f6fc-f,CUST745341,2026-03-18,Dining/Restaurants,POS - LOCAL RESTAURANT,727.98,debit,28297.98,False
a8354cb2-5,CUST745341,2026-03-19,Savings Transfer,INTERNAL XFER - SAVINGS,5.0,debit,28292.98,False
c56b5d0b-1,CUST745341,2026-03-20,Healthcare,PHARMACY PURCHASE,186.76,debit,28106.22,False
d1dddee3-0,CUST745341,2026-03-21,Savings Transfer,TRANSFER TO SAVINGS ACCT,6.81,debit,28099.41,False
128913ad-2,CUST745341,2026-03-22,Transportation,UBER *TRIP 319,500.76,debit,27598.65,False
b913ec37-c,CUST745341,2026-03-24,Shopping,AMAZON.EG ORDER,516.73,debit,27081.92,False
d4153056-d,CUST745341,2026-03-24,Healthcare,CLINIC VISIT FEE,33.19,debit,27048.73,False
c8ba79fa-4,CUST745341,2026-03-25,Subscriptions,GYM MEMBERSHIP AUTOPAY,352.19,debit,26696.54,False
c53394ff-1,CUST745341,2026-03-27,Utilities,Internet Bill - ONLINE,703.52,debit,25993.02,False
08c21e20-6,CUST745341,2026-03-27,Healthcare,CLINIC VISIT FEE,200.53,debit,25792.49,False
23e6ca63-d,CUST745341,2026-04-01,Transportation,FUEL STATION PURCHASE,225.57,debit,25566.92,False
9f345648-9,CUST745341,2026-04-01,Healthcare,LAB TEST PAYMENT,468.09,debit,25098.83,False
26e8e0b0-1,CUST745341,2026-04-01,Savings Transfer,TRANSFER TO SAVINGS ACCT,5.0,debit,25093.83,False
12690a89-a,CUST745341,2026-04-01,Savings Transfer,TRANSFER TO SAVINGS ACCT,10.34,debit,25083.49,False
36033699-8,CUST745341,2026-04-03,Salary,MONTHLY SALARY CREDIT,16600.0,credit,41683.49,False
5cad6cfc-0,CUST745341,2026-04-04,Shopping,AMAZON.EG ORDER,168.99,debit,41514.5,False
66f3a3b5-1,CUST745341,2026-04-04,Savings Transfer,INTERNAL XFER - SAVINGS,5.0,debit,41509.5,False
2d93a70c-1,CUST745341,2026-04-05,Shopping,MALL PURCHASE - POS,384.64,debit,41124.86,False
39b5e94d-3,CUST745341,2026-04-06,Groceries,SPINNEYS #433,444.52,debit,40680.34,False
e3987e31-7,CUST745341,2026-04-08,Savings Transfer,INTERNAL XFER - SAVINGS,14.97,debit,40665.37,False
70006632-5,CUST745341,2026-04-09,Entertainment,NETFLIX PPV CHARGE,5.0,debit,40660.37,False
5afc2c53-a,CUST745341,2026-04-10,Transportation,UBER *TRIP 882,165.7,debit,40494.67,False
d8e88af3-2,CUST745341,2026-04-10,Entertainment,GAMING STORE PURCHASE,1006.06,debit,39488.61,False
c12c89b6-5,CUST745341,2026-04-12,Utilities,Internet Bill - NBE,662.89,debit,38825.72,False
96216e60-6,CUST745341,2026-04-12,Healthcare,LAB TEST PAYMENT,224.95,debit,38600.77,False
1c0ac37c-8,CUST745341,2026-04-13,Rent/Installment,Monthly Rent Transfer,4408.31,debit,34192.46,False
ad2b3075-6,CUST745341,2026-04-13,Shopping,AMAZON.EG ORDER,587.34,debit,33605.12,False
e25ddd49-c,CUST745341,2026-04-15,Dining/Restaurants,MCDONALDS #395,89.18,debit,33515.94,False
f89747d1-8,CUST745341,2026-04-17,Dining/Restaurants,CAFE PURCHASE,423.28,debit,33092.66,False
9e3031df-7,CUST745341,2026-04-18,Subscriptions,GYM MEMBERSHIP AUTOPAY,357.66,debit,32735.0,False
361bce88-2,CUST745341,2026-04-19,Transportation,FUEL STATION PURCHASE,325.46,debit,32409.54,False
a0552eb4-9,CUST745341,2026-04-19,Healthcare,LAB TEST PAYMENT,138.38,debit,32271.16,False
831c1515-8,CUST745341,2026-04-20,Groceries,SPINNEYS #787,847.14,debit,31424.02,False
b6a68836-3,CUST745341,2026-04-21,Groceries,POS PURCHASE - LOCAL MARKET,51.32,debit,31372.7,False
2012f410-6,CUST745341,2026-04-22,Transportation,FUEL STATION PURCHASE,13.39,debit,31359.31,False
65b74a99-d,CUST745341,2026-04-24,Groceries,SPINNEYS #239,597.44,debit,30761.87,False
5f52d073-a,CUST745341,2026-04-26,Transportation,FUEL STATION PURCHASE,430.87,debit,30331.0,False
a90870c0-0,CUST745341,2026-04-26,Dining/Restaurants,CAFE PURCHASE,64.89,debit,30266.11,False
da88929b-8,CUST745341,2026-04-28,Groceries,POS PURCHASE - LOCAL MARKET,237.11,debit,30029.0,False
05a6af1e-f,CUST745341,2026-04-28,Dining/Restaurants,POS - LOCAL RESTAURANT,284.83,debit,29744.17,False
75ff59a2-1,CUST745341,2026-05-01,Salary,MONTHLY SALARY CREDIT,16600.0,credit,46344.17,False
a3a9848a-3,CUST745341,2026-05-03,Subscriptions,NETFLIX.COM SUBSCRIPTION,364.15,debit,45980.02,False
ffed13ae-8,CUST745341,2026-05-05,Transportation,FUEL STATION PURCHASE,93.54,debit,45886.48,False
56dd4a1b-2,CUST745341,2026-05-06,Shopping,AMAZON.EG ORDER,62.36,debit,45824.12,False
f53d9ca5-9,CUST745341,2026-05-07,Entertainment,GAMING STORE PURCHASE,316.01,debit,45508.11,False
34188b4c-a,CUST745341,2026-05-08,Shopping,ONLINE STORE CHECKOUT,93.98,debit,45414.13,False
f77ab12a-d,CUST745341,2026-05-09,Transportation,CAREEM RIDE,805.18,debit,44608.95,False
99aacdf6-f,CUST745341,2026-05-10,Dining/Restaurants,MCDONALDS #486,308.86,debit,44300.09,False
01baa2d2-3,CUST745341,2026-05-10,Entertainment,NETFLIX PPV CHARGE,636.45,debit,43663.64,False
31a2deb2-e,CUST745341,2026-05-11,Savings Transfer,INTERNAL XFER - SAVINGS,6.07,debit,43657.57,False
3969b651-e,CUST745341,2026-05-12,Dining/Restaurants,CAFE PURCHASE,214.48,debit,43443.09,False
d9d9b4c9-6,CUST745341,2026-05-13,Transportation,CAREEM RIDE,152.86,debit,43290.23,False
bc1381f0-0,CUST745341,2026-05-14,Groceries,SPINNEYS #683,278.97,debit,43011.26,False
5147dce9-5,CUST745341,2026-05-14,Dining/Restaurants,MCDONALDS #288,58.49,debit,42952.77,False
9d505a52-7,CUST745341,2026-05-16,Savings Transfer,TRANSFER TO SAVINGS ACCT,5.0,debit,42947.77,False
0877717d-1,CUST745341,2026-05-17,Groceries,SPINNEYS #838,1352.63,debit,41595.14,False
27555388-b,CUST745341,2026-05-18,Groceries,POS PURCHASE - LOCAL MARKET,362.05,debit,41233.09,False
80fc3ba8-6,CUST745341,2026-05-18,Shopping,AMAZON.EG ORDER,470.7,debit,40762.39,False
3db7f77a-9,CUST745341,2026-05-18,Savings Transfer,TRANSFER TO SAVINGS ACCT,5.0,debit,40757.39,False
86f19610-3,CUST745341,2026-05-18,Savings Transfer,INTERNAL XFER - SAVINGS,17.21,debit,40740.18,False
7830b1d9-9,CUST745341,2026-05-19,Utilities,Internet Bill - ONLINE,635.88,debit,40104.3,False
035d4c4b-4,CUST745341,2026-05-19,Groceries,CARREFOUR HYPERMARKET,214.38,debit,39889.92,False
40b831c9-d,CUST745341,2026-05-19,Savings Transfer,INTERNAL XFER - SAVINGS,5.0,debit,39884.92,False
aec5d3e2-d,CUST745341,2026-05-21,Transportation,UBER *TRIP 537,39.19,debit,39845.73,False
e054f3f6-d,CUST745341,2026-05-22,Shopping,MALL PURCHASE - POS,398.87,debit,39446.86,False
0689d5c2-b,CUST745341,2026-05-22,Healthcare,PHARMACY PURCHASE,243.0,debit,39203.86,False
4cd3dc4c-8,CUST745341,2026-05-23,Transportation,UBER *TRIP 148,164.09,debit,39039.77,False
b0783281-7,CUST745341,2026-05-24,Rent/Installment,Home Loan Installment - ONLINE,4187.07,debit,34852.7,False
88b43126-7,CUST745341,2026-05-24,Healthcare,PHARMACY PURCHASE,488.38,debit,34364.32,False
a3fbc6f1-c,CUST745341,2026-05-26,Dining/Restaurants,MCDONALDS #219,152.19,debit,34212.13,False
a1e0e0ef-3,CUST745341,2026-05-28,Dining/Restaurants,POS - LOCAL RESTAURANT,91.3,debit,34120.83,False
7adf3989-0,CUST745341,2026-05-28,Healthcare,LAB TEST PAYMENT,82.74,debit,34038.09,False
9187f7be-a,CUST745341,2026-06-02,Salary,MONTHLY SALARY CREDIT,16600.0,credit,50638.09,False
dc431ea6-0,CUST745341,2026-06-02,Groceries,SPINNEYS #415,125.41,debit,50512.68,False
bcc9c491-c,CUST745341,2026-06-03,Groceries,SPINNEYS #558,34.42,debit,50478.26,False
5260975c-6,CUST745341,2026-06-03,Dining/Restaurants,MCDONALDS #804,661.18,debit,49817.08,False
d1c841e6-6,CUST745341,2026-06-04,Dining/Restaurants,CAFE PURCHASE,188.93,debit,49628.15,False
3b3303a4-0,CUST745341,2026-06-05,Savings Transfer,INTERNAL XFER - SAVINGS,5.0,debit,49623.15,False
fc450fa7-a,CUST745341,2026-06-07,Transportation,UBER *TRIP 441,275.47,debit,49347.68,False
42d58833-1,CUST745341,2026-06-09,Transportation,CAREEM RIDE,429.48,debit,48918.2,False
3f0fd20e-b,CUST745341,2026-06-10,Groceries,SPINNEYS #582,646.97,debit,48271.23,False
6bd7e18f-4,CUST745341,2026-06-10,Savings Transfer,TRANSFER TO SAVINGS ACCT,5.0,debit,48266.23,False
cb88b744-f,CUST745341,2026-06-12,Groceries,CARREFOUR HYPERMARKET,356.16,debit,47910.07,False
2286f207-f,CUST745341,2026-06-12,Transportation,FUEL STATION PURCHASE,146.73,debit,47763.34,False
67162ea8-b,CUST745341,2026-06-12,Healthcare,CLINIC VISIT FEE,60.95,debit,47702.39,False
b910ee88-4,CUST745341,2026-06-15,Savings Transfer,INTERNAL XFER - SAVINGS,13.62,debit,47688.77,False
db571b4d-1,CUST745341,2026-06-16,Entertainment,GAMING STORE PURCHASE,36.54,debit,47652.23,False
46f5ad95-5,CUST745341,2026-06-16,Healthcare,LAB TEST PAYMENT,605.14,debit,47047.09,False
012be531-0,CUST745341,2026-06-17,Utilities,WATER CO. AUTOPAY,598.57,debit,46448.52,False
ff0ec928-b,CUST745341,2026-06-17,Healthcare,LAB TEST PAYMENT,164.08,debit,46284.44,False
bd5d2846-2,CUST745341,2026-06-18,Shopping,MALL PURCHASE - POS,305.95,debit,45978.49,False
6d84c915-6,CUST745341,2026-06-22,Shopping,AMAZON.EG ORDER,766.66,debit,45211.83,False
0c3ee550-a,CUST745341,2026-06-23,Subscriptions,SPOTIFY AB,337.37,debit,44874.46,False
80da6c76-5,CUST745341,2026-06-25,Groceries,SPINNEYS #753,1238.32,debit,43636.14,False
74336d90-0,CUST745341,2026-06-26,Transportation,FUEL STATION PURCHASE,456.8,debit,43179.34,False
39d2b714-6,CUST745341,2026-06-26,Entertainment,GAMING STORE PURCHASE,380.37,debit,42798.97,False
5abfc37f-c,CUST745341,2026-06-26,Entertainment,CINEMA TICKET PURCHASE,559.18,debit,42239.79,False
14493367-3,CUST745341,2026-06-26,Savings Transfer,INTERNAL XFER - SAVINGS,6.54,debit,42233.25,False
01b86233-3,CUST745341,2026-06-28,Rent/Installment,Home Loan Installment - AUTOPAY,3750.78,debit,38482.47,False
2f508069-e,CUST49FDED,2026-01-01,Salary,MONTHLY SALARY CREDIT,14400.0,credit,26720.27,False
938dde7d-b,CUST49FDED,2026-01-03,Entertainment,CINEMA TICKET PURCHASE,142.46,debit,26577.81,False
9a1ffc12-0,CUST49FDED,2026-01-05,Transportation,FUEL STATION PURCHASE,489.6,debit,26088.21,False
d27bfa07-2,CUST49FDED,2026-01-05,Transportation,UBER *TRIP 551,108.9,debit,25979.31,False
29272396-4,CUST49FDED,2026-01-05,Healthcare,LAB TEST PAYMENT,138.23,debit,25841.08,False
ac9d30d5-e,CUST49FDED,2026-01-08,Rent/Installment,Monthly Rent Transfer,4867.31,debit,20973.77,False
855a5223-2,CUST49FDED,2026-01-09,Groceries,POS PURCHASE - LOCAL MARKET,291.51,debit,20682.26,False
e8d4f8cf-9,CUST49FDED,2026-01-09,Entertainment,NETFLIX PPV CHARGE,5.0,debit,20677.26,False
f2bd3474-4,CUST49FDED,2026-01-10,Groceries,POS PURCHASE - LOCAL MARKET,213.42,debit,20463.84,False
9b540cb1-b,CUST49FDED,2026-01-10,Dining/Restaurants,CAFE PURCHASE,384.55,debit,20079.29,False
d78d78aa-1,CUST49FDED,2026-01-11,Subscriptions,GYM MEMBERSHIP AUTOPAY,343.62,debit,19735.67,False
1dcc8811-4,CUST49FDED,2026-01-11,Savings Transfer,TRANSFER TO SAVINGS ACCT,270.38,debit,19465.29,False
70c56d07-8,CUST49FDED,2026-01-12,Groceries,SPINNEYS #274,163.39,debit,19301.9,False
50e813b0-7,CUST49FDED,2026-01-13,Savings Transfer,TRANSFER TO SAVINGS ACCT,89.58,debit,19212.32,False
8d004ab0-6,CUST49FDED,2026-01-14,Entertainment,NETFLIX PPV CHARGE,9.82,debit,19202.5,False
2507731d-0,CUST49FDED,2026-01-14,Shopping,ONLINE STORE CHECKOUT,168.77,debit,19033.73,False
89fdac46-1,CUST49FDED,2026-01-14,Healthcare,LAB TEST PAYMENT,59.34,debit,18974.39,False
90450841-0,CUST49FDED,2026-01-15,Savings Transfer,TRANSFER TO SAVINGS ACCT,117.2,debit,18857.19,False
9a28208e-c,CUST49FDED,2026-01-17,Entertainment,NETFLIX PPV CHARGE,85.75,debit,18771.44,False
3e64c0b6-8,CUST49FDED,2026-01-17,Savings Transfer,TRANSFER TO SAVINGS ACCT,46.86,debit,18724.58,False
32e76974-a,CUST49FDED,2026-01-19,Shopping,AMAZON.EG ORDER,92.08,debit,18632.5,False
95aa01ac-2,CUST49FDED,2026-01-19,Healthcare,PHARMACY PURCHASE,158.61,debit,18473.89,False
50536f81-a,CUST49FDED,2026-01-20,Groceries,POS PURCHASE - LOCAL MARKET,1044.4,debit,17429.49,False
ae04823f-6,CUST49FDED,2026-01-21,Dining/Restaurants,CAFE PURCHASE,84.41,debit,17345.08,False
4758261f-5,CUST49FDED,2026-01-23,Utilities,ELECTRICITY BILL PMT,424.16,debit,16920.92,False
10b3e076-4,CUST49FDED,2026-01-23,Transportation,FUEL STATION PURCHASE,324.81,debit,16596.11,False
690aefc5-4,CUST49FDED,2026-01-26,Entertainment,NETFLIX PPV CHARGE,96.76,debit,16499.35,False
e0d30a3c-3,CUST49FDED,2026-01-27,Transportation,FUEL STATION PURCHASE,65.19,debit,16434.16,False
5b4c9a5a-a,CUST49FDED,2026-01-27,Shopping,ONLINE STORE CHECKOUT,233.04,debit,16201.12,False
5e0cf23b-6,CUST49FDED,2026-02-01,Salary,MONTHLY SALARY CREDIT,14400.0,credit,30601.12,False
3dd11dd7-a,CUST49FDED,2026-02-01,Shopping,AMAZON.EG ORDER,90.13,debit,30510.99,False
1ba2c616-0,CUST49FDED,2026-02-01,Shopping,MALL PURCHASE - POS,262.11,debit,30248.88,False
16aeaf25-9,CUST49FDED,2026-02-03,Dining/Restaurants,POS - LOCAL RESTAURANT,156.25,debit,30092.63,False
a04b3824-6,CUST49FDED,2026-02-03,Subscriptions,SPOTIFY AB,295.15,debit,29797.48,False
9fb497f2-0,CUST49FDED,2026-02-04,Entertainment,NETFLIX PPV CHARGE,5.58,debit,29791.9,False
1906a64a-f,CUST49FDED,2026-02-04,Healthcare,PHARMACY PURCHASE,63.63,debit,29728.27,False
77f68cee-2,CUST49FDED,2026-02-05,Transportation,CAREEM RIDE,653.81,debit,29074.46,False
4971b37c-1,CUST49FDED,2026-02-08,Rent/Installment,Monthly Rent Transfer,4471.22,debit,24603.24,False
e25aed1d-d,CUST49FDED,2026-02-08,Groceries,POS PURCHASE - LOCAL MARKET,257.16,debit,24346.08,False
fa530fc7-9,CUST49FDED,2026-02-09,Savings Transfer,INTERNAL XFER - SAVINGS,421.16,debit,23924.92,False
c0000441-5,CUST49FDED,2026-02-11,Groceries,POS PURCHASE - LOCAL MARKET,988.39,debit,22936.53,False
98c117b6-a,CUST49FDED,2026-02-11,Transportation,FUEL STATION PURCHASE,61.94,debit,22874.59,False
9db4f052-7,CUST49FDED,2026-02-11,Healthcare,LAB TEST PAYMENT,24.76,debit,22849.83,False
b0d44daf-1,CUST49FDED,2026-02-12,Entertainment,NETFLIX PPV CHARGE,190.17,debit,22659.66,False
d2303c9a-d,CUST49FDED,2026-02-13,Entertainment,GAMING STORE PURCHASE,138.99,debit,22520.67,False
2720b075-4,CUST49FDED,2026-02-14,Shopping,ONLINE STORE CHECKOUT,143.75,debit,22376.92,False
a0b12b13-6,CUST49FDED,2026-02-14,Savings Transfer,TRANSFER TO SAVINGS ACCT,5.0,debit,22371.92,False
bca7a80f-8,CUST49FDED,2026-02-15,Transportation,UBER *TRIP 510,50.62,debit,22321.3,False
56e49d6f-b,CUST49FDED,2026-02-15,Dining/Restaurants,CAFE PURCHASE,24.1,debit,22297.2,False
9ef7f1db-4,CUST49FDED,2026-02-16,Transportation,UBER *TRIP 488,63.53,debit,22233.67,False
e8186f74-1,CUST49FDED,2026-02-18,Dining/Restaurants,POS - LOCAL RESTAURANT,15.8,debit,22217.87,False
e4e6ed27-6,CUST49FDED,2026-02-18,Healthcare,LAB TEST PAYMENT,176.89,debit,22040.98,False
51183f6e-7,CUST49FDED,2026-02-18,Healthcare,LAB TEST PAYMENT,34.51,debit,22006.47,False
10bf80d4-0,CUST49FDED,2026-02-19,Groceries,CARREFOUR HYPERMARKET,411.68,debit,21594.79,False
f021d3ba-d,CUST49FDED,2026-02-21,Dining/Restaurants,POS - LOCAL RESTAURANT,182.56,debit,21412.23,False
7b071a09-6,CUST49FDED,2026-02-23,Dining/Restaurants,MCDONALDS #741,100.06,debit,21312.17,False
804390c1-8,CUST49FDED,2026-02-27,Healthcare,CLINIC VISIT FEE,23.65,debit,21288.52,False
cc243b3c-6,CUST49FDED,2026-02-28,Utilities,Internet Bill - ONLINE,431.89,debit,20856.63,False
c64af21f-e,CUST49FDED,2026-02-28,Groceries,POS PURCHASE - LOCAL MARKET,256.12,debit,20600.51,False
1bcef9b1-6,CUST49FDED,2026-02-28,Savings Transfer,TRANSFER TO SAVINGS ACCT,66.05,debit,20534.46,False
e8dc7e28-a,CUST49FDED,2026-03-03,Salary,MONTHLY SALARY CREDIT,14400.0,credit,34934.46,False
6516e52b-f,CUST49FDED,2026-03-03,Healthcare,LAB TEST PAYMENT,332.17,debit,34602.29,False
a157d63b-0,CUST49FDED,2026-03-06,Groceries,CARREFOUR HYPERMARKET,851.1,debit,33751.19,False
c67b626d-2,CUST49FDED,2026-03-07,Transportation,UBER *TRIP 757,347.77,debit,33403.42,False
2b200daa-6,CUST49FDED,2026-03-07,Savings Transfer,TRANSFER TO SAVINGS ACCT,245.44,debit,33157.98,False
5894930b-c,CUST49FDED,2026-03-08,Rent/Installment,Monthly Rent Transfer,5083.7,debit,28074.28,False
d27e0665-a,CUST49FDED,2026-03-09,Savings Transfer,TRANSFER TO SAVINGS ACCT,59.8,debit,28014.48,False
80bee8f7-a,CUST49FDED,2026-03-10,Dining/Restaurants,MCDONALDS #704,17.29,debit,27997.19,False
4eb7455f-b,CUST49FDED,2026-03-10,Entertainment,NETFLIX PPV CHARGE,73.7,debit,27923.49,False
1c2fedf8-3,CUST49FDED,2026-03-12,Shopping,AMAZON.EG ORDER,463.88,debit,27459.61,False
06c7c821-e,CUST49FDED,2026-03-13,Subscriptions,NETFLIX.COM SUBSCRIPTION,318.36,debit,27141.25,False
fddcc328-2,CUST49FDED,2026-03-15,Groceries,SPINNEYS #992,98.1,debit,27043.15,False
f5ba4865-5,CUST49FDED,2026-03-15,Dining/Restaurants,CAFE PURCHASE,110.49,debit,26932.66,False
7a789219-5,CUST49FDED,2026-03-16,Transportation,UBER *TRIP 564,117.51,debit,26815.15,False
19609f58-2,CUST49FDED,2026-03-16,Dining/Restaurants,MCDONALDS #661,5.0,debit,26810.15,False
1ef4480e-a,CUST49FDED,2026-03-19,Utilities,WATER CO. AUTOPAY,493.54,debit,26316.61,False
7fd49b56-5,CUST49FDED,2026-03-21,Groceries,POS PURCHASE - LOCAL MARKET,446.32,debit,25870.29,False
4b1b396d-c,CUST49FDED,2026-03-23,Entertainment,CINEMA TICKET PURCHASE,92.0,debit,25778.29,False
a1aa375b-e,CUST49FDED,2026-03-23,Savings Transfer,INTERNAL XFER - SAVINGS,60.08,debit,25718.21,False
5c55e566-a,CUST49FDED,2026-03-25,Groceries,SPINNEYS #728,178.6,debit,25539.61,False
09d57fb6-4,CUST49FDED,2026-03-25,Groceries,SPINNEYS #214,141.65,debit,25397.96,False
4e5e46a5-2,CUST49FDED,2026-03-25,Dining/Restaurants,CAFE PURCHASE,359.8,debit,25038.16,False
93e65ed8-a,CUST49FDED,2026-03-26,Transportation,FUEL STATION PURCHASE,307.33,debit,24730.83,False
02b62ef3-0,CUST49FDED,2026-03-26,Transportation,UBER *TRIP 875,92.81,debit,24638.02,False
ceec3204-7,CUST49FDED,2026-03-27,Entertainment,NETFLIX PPV CHARGE,177.96,debit,24460.06,False
17276abf-0,CUST49FDED,2026-03-27,Savings Transfer,INTERNAL XFER - SAVINGS,81.11,debit,24378.95,False
e2d3a752-8,CUST49FDED,2026-03-28,Shopping,MALL PURCHASE - POS,28.52,debit,24350.43,False
8b5abd45-f,CUST49FDED,2026-03-28,Healthcare,PHARMACY PURCHASE,27.39,debit,24323.04,False
3d2034a3-4,CUST49FDED,2026-04-01,Salary,MONTHLY SALARY CREDIT,14400.0,credit,38723.04,False
1a6a9037-2,CUST49FDED,2026-04-01,Savings Transfer,INTERNAL XFER - SAVINGS,235.49,debit,38487.55,False
0cb78719-d,CUST49FDED,2026-04-02,Dining/Restaurants,POS - LOCAL RESTAURANT,188.67,debit,38298.88,False
5cb0ce6d-c,CUST49FDED,2026-04-04,Dining/Restaurants,CAFE PURCHASE,27.93,debit,38270.95,False
7eed3e6b-6,CUST49FDED,2026-04-04,Shopping,MALL PURCHASE - POS,212.51,debit,38058.44,False
9000c8ef-7,CUST49FDED,2026-04-04,Healthcare,PHARMACY PURCHASE,127.01,debit,37931.43,False
37861bd3-8,CUST49FDED,2026-04-06,Transportation,CAREEM RIDE,89.04,debit,37842.39,False
fef5d7b9-8,CUST49FDED,2026-04-06,Subscriptions,NETFLIX.COM SUBSCRIPTION,325.27,debit,37517.12,False
65d96378-2,CUST49FDED,2026-04-08,Savings Transfer,INTERNAL XFER - SAVINGS,261.36,debit,37255.76,False
626134f7-e,CUST49FDED,2026-04-10,Dining/Restaurants,POS - LOCAL RESTAURANT,15.41,debit,37240.35,False
e6497013-7,CUST49FDED,2026-04-11,Shopping,ONLINE STORE CHECKOUT,55.38,debit,37184.97,False
240f5421-9,CUST49FDED,2026-04-11,Healthcare,LAB TEST PAYMENT,29.99,debit,37154.98,False
96955de5-c,CUST49FDED,2026-04-13,Healthcare,CLINIC VISIT FEE,24.17,debit,37130.81,False
76896b3c-d,CUST49FDED,2026-04-15,Groceries,CARREFOUR HYPERMARKET,1029.23,debit,36101.58,False
f0e845fd-4,CUST49FDED,2026-04-15,Shopping,AMAZON.EG ORDER,19.42,debit,36082.16,False
ea1330f1-0,CUST49FDED,2026-04-16,Transportation,CAREEM RIDE,70.04,debit,36012.12,False
4ebca70a-f,CUST49FDED,2026-04-16,Healthcare,PHARMACY PURCHASE,82.13,debit,35929.99,False
1d04cc01-a,CUST49FDED,2026-04-18,Dining/Restaurants,POS - LOCAL RESTAURANT,38.39,debit,35891.6,False
ec7a9afe-a,CUST49FDED,2026-04-20,Utilities,WATER CO. AUTOPAY,453.18,debit,35438.42,False
3a222c51-8,CUST49FDED,2026-04-20,Shopping,MALL PURCHASE - POS,5.0,debit,35433.42,False
9ca4ffe5-9,CUST49FDED,2026-04-21,Rent/Installment,ACH DEBIT - RENT PAYMENT,5166.14,debit,30267.28,False
f7d48dd7-3,CUST49FDED,2026-04-21,Dining/Restaurants,MCDONALDS #157,164.43,debit,30102.85,False
72938768-1,CUST49FDED,2026-04-24,Groceries,POS PURCHASE - LOCAL MARKET,391.02,debit,29711.83,False
151b79e8-d,CUST49FDED,2026-04-24,Groceries,SPINNEYS #361,471.77,debit,29240.06,False
e05c3d63-7,CUST49FDED,2026-04-24,Entertainment,CINEMA TICKET PURCHASE,134.67,debit,29105.39,False
0d9865a1-c,CUST49FDED,2026-04-24,Healthcare,CLINIC VISIT FEE,56.58,debit,29048.81,False
d1fba95e-b,CUST49FDED,2026-04-25,Entertainment,CINEMA TICKET PURCHASE,197.48,debit,28851.33,False
a62529c4-0,CUST49FDED,2026-04-26,Shopping,MALL PURCHASE - POS,175.22,debit,28676.11,False
5554e7f2-c,CUST49FDED,2026-04-27,Transportation,FUEL STATION PURCHASE,737.35,debit,27938.76,False
2d371eac-3,CUST49FDED,2026-05-01,Salary,MONTHLY SALARY CREDIT,14400.0,credit,42338.76,False
b6f95f67-3,CUST49FDED,2026-05-02,Entertainment,CINEMA TICKET PURCHASE,60.58,debit,42278.18,False
ec608b2e-b,CUST49FDED,2026-05-02,Shopping,MALL PURCHASE - POS,95.24,debit,42182.94,False
6089230d-1,CUST49FDED,2026-05-02,Subscriptions,NETFLIX.COM SUBSCRIPTION,311.56,debit,41871.38,False
e3dc264e-9,CUST49FDED,2026-05-03,Groceries,CARREFOUR HYPERMARKET,455.89,debit,41415.49,False
dbc66ae1-a,CUST49FDED,2026-05-03,Shopping,ONLINE STORE CHECKOUT,190.59,debit,41224.9,False
6130f190-3,CUST49FDED,2026-05-04,Dining/Restaurants,POS - LOCAL RESTAURANT,153.5,debit,41071.4,False
859aa0e3-c,CUST49FDED,2026-05-04,Dining/Restaurants,MCDONALDS #688,77.35,debit,40994.05,False
95df63b6-c,CUST49FDED,2026-05-04,Dining/Restaurants,POS - LOCAL RESTAURANT,122.73,debit,40871.32,False
da270f06-d,CUST49FDED,2026-05-04,Savings Transfer,TRANSFER TO SAVINGS ACCT,236.76,debit,40634.56,False
669a8333-8,CUST49FDED,2026-05-05,Entertainment,CINEMA TICKET PURCHASE,22.14,debit,40612.42,False
66e21daf-e,CUST49FDED,2026-05-09,Entertainment,NETFLIX PPV CHARGE,5.0,debit,40607.42,False
95ca9d16-5,CUST49FDED,2026-05-10,Rent/Installment,ACH DEBIT - RENT PAYMENT,5088.15,debit,35519.27,False
c5439504-f,CUST49FDED,2026-05-10,Groceries,POS PURCHASE - LOCAL MARKET,149.72,debit,35369.55,False
979cefef-e,CUST49FDED,2026-05-11,Transportation,UBER *TRIP 330,341.87,debit,35027.68,False
ebc2684e-5,CUST49FDED,2026-05-14,Transportation,FUEL STATION PURCHASE,21.88,debit,35005.8,False
9c830d00-4,CUST49FDED,2026-05-14,Entertainment,NETFLIX PPV CHARGE,222.99,debit,34782.81,False
78b1b972-e,CUST49FDED,2026-05-14,Entertainment,GAMING STORE PURCHASE,9.32,debit,34773.49,False
930296b2-d,CUST49FDED,2026-05-14,Savings Transfer,INTERNAL XFER - SAVINGS,232.85,debit,34540.64,False
550ae062-e,CUST49FDED,2026-05-15,Transportation,FUEL STATION PURCHASE,202.18,debit,34338.46,False
6d7bd0bd-a,CUST49FDED,2026-05-16,Transportation,CAREEM RIDE,288.98,debit,34049.48,False
39e2c4da-e,CUST49FDED,2026-05-18,Healthcare,CLINIC VISIT FEE,13.55,debit,34035.93,False
29aaa7af-7,CUST49FDED,2026-05-21,Utilities,WATER CO. AUTOPAY,422.39,debit,33613.54,False
7470e578-3,CUST49FDED,2026-05-21,Healthcare,PHARMACY PURCHASE,139.97,debit,33473.57,False
5b2fa46c-3,CUST49FDED,2026-05-24,Groceries,CARREFOUR HYPERMARKET,1083.63,debit,32389.94,False
27877bae-9,CUST49FDED,2026-05-24,Transportation,FUEL STATION PURCHASE,112.95,debit,32276.99,False
ae11c264-5,CUST49FDED,2026-05-26,Healthcare,CLINIC VISIT FEE,202.6,debit,32074.39,False
9f8a958e-2,CUST49FDED,2026-05-27,Dining/Restaurants,MCDONALDS #274,73.88,debit,32000.51,False
6a492008-b,CUST49FDED,2026-05-28,Shopping,ONLINE STORE CHECKOUT,148.99,debit,31851.52,False
e3241600-9,CUST49FDED,2026-06-01,Salary,MONTHLY SALARY CREDIT,14400.0,credit,46251.52,False
b73b9e5f-a,CUST49FDED,2026-06-01,Groceries,CARREFOUR HYPERMARKET,242.04,debit,46009.48,False
4b2a3d6c-8,CUST49FDED,2026-06-01,Transportation,FUEL STATION PURCHASE,258.68,debit,45750.8,False
9e870d87-4,CUST49FDED,2026-06-01,Savings Transfer,TRANSFER TO SAVINGS ACCT,116.77,debit,45634.03,False
6b82620b-9,CUST49FDED,2026-06-04,Subscriptions,GYM MEMBERSHIP AUTOPAY,291.47,debit,45342.56,False
ed531a24-d,CUST49FDED,2026-06-07,Utilities,Internet Bill - AUTOPAY,500.03,debit,44842.53,False
ff83dd9f-9,CUST49FDED,2026-06-07,Savings Transfer,INTERNAL XFER - SAVINGS,90.22,debit,44752.31,False
39f2626c-2,CUST49FDED,2026-06-09,Transportation,UBER *TRIP 515,5.29,debit,44747.02,False
5e334a8e-3,CUST49FDED,2026-06-11,Groceries,CARREFOUR HYPERMARKET,650.02,debit,44097.0,False
dfc00310-1,CUST49FDED,2026-06-11,Savings Transfer,TRANSFER TO SAVINGS ACCT,204.52,debit,43892.48,False
520cd735-1,CUST49FDED,2026-06-14,Entertainment,NETFLIX PPV CHARGE,71.23,debit,43821.25,False
bcc4efcc-a,CUST49FDED,2026-06-17,Healthcare,PHARMACY PURCHASE,344.69,debit,43476.56,False
ba61a678-8,CUST49FDED,2026-06-18,Entertainment,GAMING STORE PURCHASE,50.34,debit,43426.22,False
5631f616-3,CUST49FDED,2026-06-18,Entertainment,CINEMA TICKET PURCHASE,9.79,debit,43416.43,False
c488cf09-3,CUST49FDED,2026-06-19,Transportation,UBER *TRIP 726,403.99,debit,43012.44,False
bd787ed3-6,CUST49FDED,2026-06-20,Entertainment,CINEMA TICKET PURCHASE,15.72,debit,42996.72,False
bd91337c-c,CUST49FDED,2026-06-20,Shopping,ONLINE STORE CHECKOUT,10.52,debit,42986.2,False
5fbf582a-1,CUST49FDED,2026-06-22,Shopping,AMAZON.EG ORDER,445.57,debit,42540.63,False
ddaef278-d,CUST49FDED,2026-06-22,Healthcare,LAB TEST PAYMENT,26.12,debit,42514.51,False
18875130-6,CUST49FDED,2026-06-24,Entertainment,NETFLIX PPV CHARGE,167.15,debit,42347.36,False
64305e54-4,CUST49FDED,2026-06-25,Groceries,CARREFOUR HYPERMARKET,917.18,debit,41430.18,False
8dfca7b6-4,CUST49FDED,2026-06-25,Transportation,FUEL STATION PURCHASE,222.99,debit,41207.19,False
d2c9ba7b-5,CUST49FDED,2026-06-25,Dining/Restaurants,CAFE PURCHASE,160.42,debit,41046.77,False
21a401bc-d,CUST49FDED,2026-06-26,Savings Transfer,INTERNAL XFER - SAVINGS,67.84,debit,40978.93,False
28d125b1-9,CUST49FDED,2026-06-27,Dining/Restaurants,MCDONALDS #242,256.82,debit,40722.11,False
2daccc51-1,CUST49FDED,2026-06-28,Rent/Installment,ACH DEBIT - RENT PAYMENT,4496.54,debit,36225.57,False
70a05950-f,CUST227A60,2026-01-01,Entertainment,CINEMA TICKET PURCHASE,35.99,debit,7308.52,False
b08a59d1-e,CUST227A60,2026-01-02,Entertainment,NETFLIX PPV CHARGE,13.8,debit,7294.72,False
ea5f830f-8,CUST227A60,2026-01-03,Salary,MONTHLY SALARY CREDIT,13500.0,credit,20794.72,False
a6ef8c43-9,CUST227A60,2026-01-03,Transportation,UBER *TRIP 734,62.81,debit,20731.91,False
03d25528-c,CUST227A60,2026-01-03,Dining/Restaurants,CAFE PURCHASE,300.78,debit,20431.13,False
be082537-c,CUST227A60,2026-01-03,Shopping,AMAZON.EG ORDER,364.67,debit,20066.46,False
560dd48f-c,CUST227A60,2026-01-04,Healthcare,LAB TEST PAYMENT,14.47,debit,20051.99,False
b021b204-f,CUST227A60,2026-01-07,Savings Transfer,INTERNAL XFER - SAVINGS,91.45,debit,19960.54,False
bc42f936-d,CUST227A60,2026-01-09,Shopping,ONLINE STORE CHECKOUT,8.46,debit,19952.08,False
2ff9fae8-8,CUST227A60,2026-01-09,Savings Transfer,TRANSFER TO SAVINGS ACCT,23.21,debit,19928.87,False
8b38a737-1,CUST227A60,2026-01-10,Transportation,UBER *TRIP 327,212.6,debit,19716.27,False
262b1d3b-e,CUST227A60,2026-01-10,Healthcare,LAB TEST PAYMENT,153.83,debit,19562.44,False
85c59dd0-5,CUST227A60,2026-01-10,Healthcare,CLINIC VISIT FEE,120.89,debit,19441.55,False
0279d56b-2,CUST227A60,2026-01-11,Dining/Restaurants,POS - LOCAL RESTAURANT,613.95,debit,18827.6,False
bde848fb-2,CUST227A60,2026-01-12,Groceries,POS PURCHASE - LOCAL MARKET,531.49,debit,18296.11,False
ab8a3194-c,CUST227A60,2026-01-12,Transportation,FUEL STATION PURCHASE,308.62,debit,17987.49,False
65218af3-1,CUST227A60,2026-01-13,Groceries,CARREFOUR HYPERMARKET,213.1,debit,17774.39,False
e892c89d-4,CUST227A60,2026-01-14,Savings Transfer,TRANSFER TO SAVINGS ACCT,21.54,debit,17752.85,False
b95b3ec2-c,CUST227A60,2026-01-15,Transportation,UBER *TRIP 108,76.02,debit,17676.83,False
8d501b3f-1,CUST227A60,2026-01-15,Entertainment,CINEMA TICKET PURCHASE,126.95,debit,17549.88,False
bb4cc970-f,CUST227A60,2026-01-15,Healthcare,CLINIC VISIT FEE,203.76,debit,17346.12,False
ab9bf992-3,CUST227A60,2026-01-18,Utilities,ELECTRICITY BILL PMT,664.1,debit,16682.02,False
acc7ea18-e,CUST227A60,2026-01-18,Dining/Restaurants,MCDONALDS #803,454.66,debit,16227.36,False
6d56562d-d,CUST227A60,2026-01-18,Entertainment,CINEMA TICKET PURCHASE,25.44,debit,16201.92,False
5680e5a1-1,CUST227A60,2026-01-18,Savings Transfer,TRANSFER TO SAVINGS ACCT,46.98,debit,16154.94,False
12fba150-d,CUST227A60,2026-01-20,Groceries,SPINNEYS #101,785.41,debit,15369.53,False
044bbc2c-c,CUST227A60,2026-01-21,Rent/Installment,Monthly Rent Transfer,3209.0,debit,12160.53,False
d0198a69-6,CUST227A60,2026-01-21,Shopping,MALL PURCHASE - POS,490.19,debit,11670.34,False
72ef82a4-1,CUST227A60,2026-01-24,Entertainment,GAMING STORE PURCHASE,232.95,debit,11437.39,False
00893a18-8,CUST227A60,2026-01-24,Subscriptions,SPOTIFY AB,229.4,debit,11207.99,False
73a31611-3,CUST227A60,2026-02-01,Salary,MONTHLY SALARY CREDIT,13500.0,credit,24707.99,False
196c8bba-4,CUST227A60,2026-02-01,Utilities,Internet Bill - AUTOPAY,624.29,debit,24083.7,False
23dccd2a-1,CUST227A60,2026-02-01,Healthcare,CLINIC VISIT FEE,201.95,debit,23881.75,False
54891076-d,CUST227A60,2026-02-03,Healthcare,PHARMACY PURCHASE,164.16,debit,23717.59,False
d461ea73-1,CUST227A60,2026-02-04,Transportation,FUEL STATION PURCHASE,25.69,debit,23691.9,False
29370400-f,CUST227A60,2026-02-04,Dining/Restaurants,MCDONALDS #188,890.47,debit,22801.43,False
8e7218c4-1,CUST227A60,2026-02-04,Entertainment,GAMING STORE PURCHASE,167.48,debit,22633.95,False
40a6f68c-d,CUST227A60,2026-02-05,Rent/Installment,Home Loan Installment - NBE,3632.1,debit,19001.85,False
c9773dd0-c,CUST227A60,2026-02-05,Transportation,UBER *TRIP 420,449.34,debit,18552.51,False
b11fb413-2,CUST227A60,2026-02-08,Shopping,MALL PURCHASE - POS,332.48,debit,18220.03,False
3fc403e2-0,CUST227A60,2026-02-09,Healthcare,PHARMACY PURCHASE,5.0,debit,18215.03,False
1bbe88aa-1,CUST227A60,2026-02-10,Healthcare,PHARMACY PURCHASE,63.26,debit,18151.77,False
6776398d-a,CUST227A60,2026-02-13,Savings Transfer,TRANSFER TO SAVINGS ACCT,21.47,debit,18130.3,False
9b02200a-5,CUST227A60,2026-02-15,Groceries,POS PURCHASE - LOCAL MARKET,5.25,debit,18125.05,False
42f1124a-6,CUST227A60,2026-02-15,Groceries,CARREFOUR HYPERMARKET,80.94,debit,18044.11,False
01381487-c,CUST227A60,2026-02-16,Entertainment,CINEMA TICKET PURCHASE,12.76,debit,18031.35,False
09db15de-e,CUST227A60,2026-02-19,Transportation,CAREEM RIDE,228.83,debit,17802.52,False
1adf8678-1,CUST227A60,2026-02-20,Groceries,SPINNEYS #518,254.49,debit,17548.03,False
e42de303-c,CUST227A60,2026-02-20,Dining/Restaurants,CAFE PURCHASE,160.63,debit,17387.4,False
a2fe08fe-f,CUST227A60,2026-02-21,Entertainment,CINEMA TICKET PURCHASE,170.74,debit,17216.66,False
43a753c7-b,CUST227A60,2026-02-22,Entertainment,GAMING STORE PURCHASE,72.94,debit,17143.72,False
af37f4da-1,CUST227A60,2026-02-22,Shopping,MALL PURCHASE - POS,5.0,debit,17138.72,False
6e7cf271-0,CUST227A60,2026-02-24,Subscriptions,NETFLIX.COM SUBSCRIPTION,269.81,debit,16868.91,False
abf7cfe2-1,CUST227A60,2026-02-24,Savings Transfer,INTERNAL XFER - SAVINGS,159.77,debit,16709.14,False
74c9f832-f,CUST227A60,2026-02-25,Dining/Restaurants,POS - LOCAL RESTAURANT,71.05,debit,16638.09,False
ba24e905-6,CUST227A60,2026-02-26,Groceries,POS PURCHASE - LOCAL MARKET,30.39,debit,16607.7,False
fdba2365-7,CUST227A60,2026-02-26,Dining/Restaurants,CAFE PURCHASE,202.15,debit,16405.55,False
53677f21-e,CUST227A60,2026-02-26,Shopping,MALL PURCHASE - POS,386.8,debit,16018.75,False
5876ab56-1,CUST227A60,2026-02-27,Healthcare,PHARMACY PURCHASE,65.64,debit,15953.11,False
f84143c5-7,CUST227A60,2026-02-28,Groceries,CARREFOUR HYPERMARKET,1340.27,debit,14612.84,False
eb7499e9-4,CUST227A60,2026-03-01,Shopping,ONLINE STORE CHECKOUT,156.41,debit,14456.43,False
a8928d83-e,CUST227A60,2026-03-02,Salary,MONTHLY SALARY CREDIT,13500.0,credit,27956.43,False
0a1908bd-3,CUST227A60,2026-03-02,Utilities,ELECTRICITY BILL PMT,623.11,debit,27333.32,False
90d6bd09-3,CUST227A60,2026-03-02,Groceries,CARREFOUR HYPERMARKET,618.0,debit,26715.32,False
f0bc90f0-c,CUST227A60,2026-03-02,Groceries,CARREFOUR HYPERMARKET,1000.69,debit,25714.63,False
8d648edb-0,CUST227A60,2026-03-02,Transportation,FUEL STATION PURCHASE,190.65,debit,25523.98,False
f8a0029e-2,CUST227A60,2026-03-02,Shopping,ONLINE STORE CHECKOUT,424.52,debit,25099.46,False
6f9d0898-5,CUST227A60,2026-03-04,Transportation,FUEL STATION PURCHASE,180.79,debit,24918.67,False
3c4192d7-c,CUST227A60,2026-03-04,Dining/Restaurants,MCDONALDS #310,256.97,debit,24661.7,False
a01aad87-a,CUST227A60,2026-03-04,Shopping,MALL PURCHASE - POS,128.08,debit,24533.62,False
2e0c92e8-5,CUST227A60,2026-03-06,Entertainment,GAMING STORE PURCHASE,9.6,debit,24524.02,False
0409f355-c,CUST227A60,2026-03-11,Dining/Restaurants,POS - LOCAL RESTAURANT,715.37,debit,23808.65,False
36e2bf76-5,CUST227A60,2026-03-11,Dining/Restaurants,MCDONALDS #445,201.27,debit,23607.38,False
329e4539-5,CUST227A60,2026-03-14,Savings Transfer,TRANSFER TO SAVINGS ACCT,92.35,debit,23515.03,False
2dfca306-7,CUST227A60,2026-03-16,Healthcare,CLINIC VISIT FEE,97.71,debit,23417.32,False
8c1a2597-9,CUST227A60,2026-03-18,Healthcare,PHARMACY PURCHASE,58.4,debit,23358.92,False
908307f0-f,CUST227A60,2026-03-19,Healthcare,LAB TEST PAYMENT,326.96,debit,23031.96,False
dce2ac77-f,CUST227A60,2026-03-20,Subscriptions,SPOTIFY AB,234.46,debit,22797.5,False
508f5943-0,CUST227A60,2026-03-21,Dining/Restaurants,POS - LOCAL RESTAURANT,128.26,debit,22669.24,False
fd618ab7-0,CUST227A60,2026-03-22,Transportation,FUEL STATION PURCHASE,140.24,debit,22529.0,False
c09dea46-7,CUST227A60,2026-03-23,Rent/Installment,Monthly Rent Transfer,3211.99,debit,19317.01,False
ff0f664d-9,CUST227A60,2026-03-25,Transportation,FUEL STATION PURCHASE,192.04,debit,19124.97,False
4dff9478-1,CUST227A60,2026-03-25,Transportation,CAREEM RIDE,47.38,debit,19077.59,False
7d851add-d,CUST227A60,2026-03-26,Savings Transfer,INTERNAL XFER - SAVINGS,114.07,debit,18963.52,False
d2d37bd5-f,CUST227A60,2026-03-27,Groceries,POS PURCHASE - LOCAL MARKET,189.97,debit,18773.55,False
14fc42e5-4,CUST227A60,2026-03-28,Entertainment,NETFLIX PPV CHARGE,414.51,debit,18359.04,False
2b41f8af-d,CUST227A60,2026-04-01,Dining/Restaurants,MCDONALDS #302,585.42,debit,17773.62,False
bd123ad5-1,CUST227A60,2026-04-02,Dining/Restaurants,CAFE PURCHASE,633.34,debit,17140.28,False
2db8dddf-0,CUST227A60,2026-04-03,Salary,MONTHLY SALARY CREDIT,13500.0,credit,30640.28,False
d522d093-8,CUST227A60,2026-04-03,Transportation,CAREEM RIDE,78.24,debit,30562.04,False
6a360b3c-1,CUST227A60,2026-04-03,Subscriptions,SPOTIFY AB,233.95,debit,30328.09,False
88f7c922-0,CUST227A60,2026-04-03,Healthcare,PHARMACY PURCHASE,149.23,debit,30178.86,False
bc02144f-1,CUST227A60,2026-04-04,Transportation,CAREEM RIDE,131.38,debit,30047.48,False
77a665cf-a,CUST227A60,2026-04-04,Shopping,ONLINE STORE CHECKOUT,18.58,debit,30028.9,False
b7f1f1dc-f,CUST227A60,2026-04-08,Transportation,FUEL STATION PURCHASE,222.04,debit,29806.86,False
3d70d8d3-3,CUST227A60,2026-04-08,Healthcare,CLINIC VISIT FEE,87.91,debit,29718.95,False
b7084c62-2,CUST227A60,2026-04-10,Entertainment,GAMING STORE PURCHASE,351.94,debit,29367.01,False
7a795567-9,CUST227A60,2026-04-11,Shopping,AMAZON.EG ORDER,550.27,debit,28816.74,False
b027f04f-0,CUST227A60,2026-04-11,Savings Transfer,TRANSFER TO SAVINGS ACCT,23.6,debit,28793.14,False
f639ad8f-b,CUST227A60,2026-04-11,Savings Transfer,TRANSFER TO SAVINGS ACCT,15.31,debit,28777.83,False
8e8fa425-9,CUST227A60,2026-04-13,Groceries,CARREFOUR HYPERMARKET,328.93,debit,28448.9,False
499b49cc-5,CUST227A60,2026-04-13,Groceries,POS PURCHASE - LOCAL MARKET,32.41,debit,28416.49,False
fec41364-f,CUST227A60,2026-04-14,Transportation,FUEL STATION PURCHASE,13.14,debit,28403.35,False
3ecd35e8-3,CUST227A60,2026-04-16,Healthcare,CLINIC VISIT FEE,104.47,debit,28298.88,False
a78581a3-6,CUST227A60,2026-04-16,Savings Transfer,TRANSFER TO SAVINGS ACCT,27.88,debit,28271.0,False
e93f13a5-7,CUST227A60,2026-04-17,Utilities,ELECTRICITY BILL PMT,633.38,debit,27637.62,False
4b12435a-4,CUST227A60,2026-04-18,Rent/Installment,Home Loan Installment - AUTOPAY,3613.65,debit,24023.97,False
06345a26-0,CUST227A60,2026-04-18,Groceries,SPINNEYS #967,392.99,debit,23630.98,False
1ebf6f80-b,CUST227A60,2026-04-18,Entertainment,CINEMA TICKET PURCHASE,34.41,debit,23596.57,False
900bf85a-5,CUST227A60,2026-04-19,Savings Transfer,INTERNAL XFER - SAVINGS,58.62,debit,23537.95,False
0f2a81c5-9,CUST227A60,2026-04-20,Groceries,POS PURCHASE - LOCAL MARKET,939.82,debit,22598.13,False
2224391f-2,CUST227A60,2026-04-23,Transportation,FUEL STATION PURCHASE,214.89,debit,22383.24,False
9c5a748f-2,CUST227A60,2026-04-24,Entertainment,GAMING STORE PURCHASE,103.87,debit,22279.37,False
fa255a28-f,CUST227A60,2026-04-25,Savings Transfer,TRANSFER TO SAVINGS ACCT,67.58,debit,22211.79,False
a49db011-5,CUST227A60,2026-04-26,Shopping,AMAZON.EG ORDER,218.86,debit,21992.93,False
9fc7d858-5,CUST227A60,2026-04-27,Healthcare,PHARMACY PURCHASE,48.68,debit,21944.25,False
e32b2b22-b,CUST227A60,2026-04-28,Healthcare,LAB TEST PAYMENT,117.3,debit,21826.95,False
43b99d42-3,CUST227A60,2026-05-01,Dining/Restaurants,MCDONALDS #552,145.05,debit,21681.9,False
167b674a-6,CUST227A60,2026-05-01,Entertainment,NETFLIX PPV CHARGE,107.85,debit,21574.05,False
01bf1949-e,CUST227A60,2026-05-02,Salary,MONTHLY SALARY CREDIT,13500.0,credit,35074.05,False
957c3288-b,CUST227A60,2026-05-02,Dining/Restaurants,MCDONALDS #200,304.08,debit,34769.97,False
5cfca8d4-1,CUST227A60,2026-05-02,Healthcare,LAB TEST PAYMENT,109.49,debit,34660.48,False
da776cea-7,CUST227A60,2026-05-05,Entertainment,NETFLIX PPV CHARGE,132.82,debit,34527.66,False
2356ee01-e,CUST227A60,2026-05-05,Subscriptions,NETFLIX.COM SUBSCRIPTION,247.02,debit,34280.64,False
2b1a4e01-2,CUST227A60,2026-05-07,Transportation,UBER *TRIP 946,17.28,debit,34263.36,False
e304b6bc-f,CUST227A60,2026-05-07,Shopping,ONLINE STORE CHECKOUT,335.09,debit,33928.27,False
a8e9fad8-e,CUST227A60,2026-05-09,Healthcare,LAB TEST PAYMENT,16.46,debit,33911.81,False
6e254a34-8,CUST227A60,2026-05-11,Dining/Restaurants,POS - LOCAL RESTAURANT,399.05,debit,33512.76,False
176819a1-7,CUST227A60,2026-05-12,Healthcare,PHARMACY PURCHASE,178.81,debit,33333.95,False
dd17aeb5-0,CUST227A60,2026-05-13,Entertainment,GAMING STORE PURCHASE,23.42,debit,33310.53,False
ca714955-a,CUST227A60,2026-05-14,Entertainment,NETFLIX PPV CHARGE,97.76,debit,33212.77,False
a63dc2c3-7,CUST227A60,2026-05-15,Utilities,ELECTRICITY BILL PMT,677.59,debit,32535.18,False
b1a9f650-a,CUST227A60,2026-05-15,Groceries,CARREFOUR HYPERMARKET,1131.22,debit,31403.96,False
c46f42d9-8,CUST227A60,2026-05-15,Transportation,UBER *TRIP 470,615.41,debit,30788.55,False
dd7dc0a0-1,CUST227A60,2026-05-16,Shopping,MALL PURCHASE - POS,425.77,debit,30362.78,False
26b0a071-c,CUST227A60,2026-05-17,Dining/Restaurants,POS - LOCAL RESTAURANT,443.68,debit,29919.1,False
52c6658e-4,CUST227A60,2026-05-17,Entertainment,NETFLIX PPV CHARGE,108.26,debit,29810.84,False
133dfd43-3,CUST227A60,2026-05-19,Healthcare,LAB TEST PAYMENT,205.0,debit,29605.84,False
774c8cf5-7,CUST227A60,2026-05-24,Savings Transfer,TRANSFER TO SAVINGS ACCT,99.84,debit,29506.0,False
ca048bb3-8,CUST227A60,2026-05-25,Groceries,POS PURCHASE - LOCAL MARKET,470.11,debit,29035.89,False
6d15b173-f,CUST227A60,2026-05-25,Groceries,SPINNEYS #532,5.0,debit,29030.89,False
0a4df229-b,CUST227A60,2026-05-25,Healthcare,PHARMACY PURCHASE,35.11,debit,28995.78,False
74661178-1,CUST227A60,2026-05-25,Savings Transfer,TRANSFER TO SAVINGS ACCT,88.9,debit,28906.88,False
88d524ed-6,CUST227A60,2026-05-27,Dining/Restaurants,MCDONALDS #960,30.9,debit,28875.98,False
16d28cf0-b,CUST227A60,2026-05-27,Shopping,ONLINE STORE CHECKOUT,55.16,debit,28820.82,False
1c858baf-e,CUST227A60,2026-05-28,Rent/Installment,Monthly Rent Transfer,3220.63,debit,25600.19,False
361f9fea-4,CUST227A60,2026-05-28,Savings Transfer,INTERNAL XFER - SAVINGS,21.78,debit,25578.41,False
b60378e9-9,CUST227A60,2026-06-02,Dining/Restaurants,POS - LOCAL RESTAURANT,155.19,debit,25423.22,False
bef6aa7a-3,CUST227A60,2026-06-03,Salary,MONTHLY SALARY CREDIT,13500.0,credit,38923.22,False
1cb04146-7,CUST227A60,2026-06-04,Transportation,UBER *TRIP 879,191.67,debit,38731.55,False
e5b72b0b-6,CUST227A60,2026-06-04,Entertainment,NETFLIX PPV CHARGE,172.17,debit,38559.38,False
6d8496d4-1,CUST227A60,2026-06-06,Transportation,FUEL STATION PURCHASE,460.64,debit,38098.74,False
a2ddfe9d-0,CUST227A60,2026-06-07,Entertainment,GAMING STORE PURCHASE,287.19,debit,37811.55,False
cebbc873-5,CUST227A60,2026-06-07,Savings Transfer,TRANSFER TO SAVINGS ACCT,50.8,debit,37760.75,False
c92a697e-a,CUST227A60,2026-06-09,Groceries,CARREFOUR HYPERMARKET,304.55,debit,37456.2,False
ad0578b2-1,CUST227A60,2026-06-09,Dining/Restaurants,CAFE PURCHASE,463.96,debit,36992.24,False
06e4d57b-c,CUST227A60,2026-06-09,Shopping,AMAZON.EG ORDER,183.02,debit,36809.22,False
8af51ac3-d,CUST227A60,2026-06-09,Shopping,MALL PURCHASE - POS,5.0,debit,36804.22,False
94058ac6-1,CUST227A60,2026-06-11,Rent/Installment,Home Loan Installment - NBE,3567.6,debit,33236.62,False
6bf3e56a-6,CUST227A60,2026-06-15,Healthcare,PHARMACY PURCHASE,40.5,debit,33196.12,False
5dee7944-8,CUST227A60,2026-06-16,Groceries,CARREFOUR HYPERMARKET,311.28,debit,32884.84,False
76e42dd4-b,CUST227A60,2026-06-16,Dining/Restaurants,MCDONALDS #533,651.99,debit,32232.85,False
385572ad-b,CUST227A60,2026-06-17,Utilities,Internet Bill - AUTOPAY,667.97,debit,31564.88,False
5a9fe8ef-f,CUST227A60,2026-06-18,Dining/Restaurants,POS - LOCAL RESTAURANT,59.2,debit,31505.68,False
3c53f151-d,CUST227A60,2026-06-18,Subscriptions,NETFLIX.COM SUBSCRIPTION,231.89,debit,31273.79,False
3da287ba-b,CUST227A60,2026-06-19,Shopping,ONLINE STORE CHECKOUT,551.14,debit,30722.65,False
22158027-2,CUST227A60,2026-06-23,Groceries,CARREFOUR HYPERMARKET,131.91,debit,30590.74,False
cf372100-b,CUST227A60,2026-06-24,Groceries,CARREFOUR HYPERMARKET,965.94,debit,29624.8,False
a101dfa0-b,CUST227A60,2026-06-26,Healthcare,PHARMACY PURCHASE,476.04,debit,29148.76,False
f9616e13-7,CUST227A60,2026-06-27,Savings Transfer,INTERNAL XFER - SAVINGS,123.65,debit,29025.11,False
b628903c-c,CUST788902,2026-01-02,Subscriptions,NETFLIX.COM SUBSCRIPTION,968.38,debit,12950.28,False
bf1d487f-e,CUST788902,2026-01-03,Salary,MONTHLY SALARY CREDIT,35200.0,credit,48150.28,False
46686c07-9,CUST788902,2026-01-04,Groceries,SPINNEYS #327,1338.83,debit,46811.45,False
8172d773-4,CUST788902,2026-01-05,Transportation,CAREEM RIDE,722.35,debit,46089.1,False
de1c22d6-9,CUST788902,2026-01-06,Groceries,SPINNEYS #284,2530.49,debit,43558.61,False
b9ccb4c4-5,CUST788902,2026-01-06,Dining/Restaurants,MCDONALDS #658,479.28,debit,43079.33,False
4f2259e7-d,CUST788902,2026-01-06,Entertainment,CINEMA TICKET PURCHASE,667.12,debit,42412.21,False
b9301bdb-f,CUST788902,2026-01-06,Shopping,AMAZON.EG ORDER,441.86,debit,41970.35,False
20ccff18-6,CUST788902,2026-01-08,Groceries,CARREFOUR HYPERMARKET,555.93,debit,41414.42,False
64aad083-9,CUST788902,2026-01-08,Healthcare,CLINIC VISIT FEE,244.63,debit,41169.79,False
bc21ffa1-d,CUST788902,2026-01-08,Savings Transfer,TRANSFER TO SAVINGS ACCT,700.63,debit,40469.16,False
547e1066-4,CUST788902,2026-01-09,Shopping,ONLINE STORE CHECKOUT,122.1,debit,40347.06,False
623e5267-1,CUST788902,2026-01-10,Savings Transfer,TRANSFER TO SAVINGS ACCT,147.44,debit,40199.62,False
c1d45c93-6,CUST788902,2026-01-11,Healthcare,LAB TEST PAYMENT,89.6,debit,40110.02,False
3750ef22-f,CUST788902,2026-01-12,Utilities,Internet Bill - ONLINE,1094.66,debit,39015.36,False
36d8d468-f,CUST788902,2026-01-12,Shopping,AMAZON.EG ORDER,2413.59,debit,36601.77,False
6838826e-2,CUST788902,2026-01-13,Rent/Installment,Home Loan Installment - NBE,7453.32,debit,29148.45,False
d70c1d49-d,CUST788902,2026-01-14,Dining/Restaurants,POS - LOCAL RESTAURANT,460.77,debit,28687.68,False
93ad9606-8,CUST788902,2026-01-14,Dining/Restaurants,CAFE PURCHASE,613.91,debit,28073.77,False
9e21cd78-f,CUST788902,2026-01-15,Transportation,CAREEM RIDE,225.46,debit,27848.31,False
059de444-f,CUST788902,2026-01-18,Transportation,FUEL STATION PURCHASE,42.17,debit,27806.14,False
ff3c7cd0-2,CUST788902,2026-01-19,Shopping,AMAZON.EG ORDER,770.73,debit,27035.41,False
6e1a3399-c,CUST788902,2026-01-19,Savings Transfer,INTERNAL XFER - SAVINGS,275.12,debit,26760.29,False
d24c075b-c,CUST788902,2026-01-24,Dining/Restaurants,MCDONALDS #617,44.66,debit,26715.63,False
b6bc1543-a,CUST788902,2026-01-24,Healthcare,PHARMACY PURCHASE,44.12,debit,26671.51,False
195fd099-f,CUST788902,2026-01-25,Dining/Restaurants,POS - LOCAL RESTAURANT,310.26,debit,26361.25,False
c1ed8210-d,CUST788902,2026-01-27,Transportation,UBER *TRIP 564,692.88,debit,25668.37,False
010cc393-3,CUST788902,2026-01-27,Entertainment,CINEMA TICKET PURCHASE,866.65,debit,24801.72,False
0a08914d-c,CUST788902,2026-01-27,Healthcare,LAB TEST PAYMENT,10.33,debit,24791.39,False
ff67aef4-7,CUST788902,2026-01-28,Groceries,CARREFOUR HYPERMARKET,687.91,debit,24103.48,False
7c7c7a6d-7,CUST788902,2026-02-03,Salary,MONTHLY SALARY CREDIT,35200.0,credit,59303.48,False
7fb0695e-3,CUST788902,2026-02-03,Transportation,CAREEM RIDE,1472.17,debit,57831.31,False
537e1ad0-c,CUST788902,2026-02-04,Shopping,AMAZON.EG ORDER,168.64,debit,57662.67,False
20c3981e-e,CUST788902,2026-02-05,Shopping,ONLINE STORE CHECKOUT,432.94,debit,57229.73,False
5edead2d-5,CUST788902,2026-02-06,Entertainment,NETFLIX PPV CHARGE,891.25,debit,56338.48,False
0fb69778-0,CUST788902,2026-02-06,Subscriptions,GYM MEMBERSHIP AUTOPAY,1010.95,debit,55327.53,False
4d4591a7-0,CUST788902,2026-02-08,Utilities,ELECTRICITY BILL PMT,1292.97,debit,54034.56,False
e5f0381f-f,CUST788902,2026-02-08,Transportation,CAREEM RIDE,208.26,debit,53826.3,False
acb847c0-a,CUST788902,2026-02-09,Healthcare,PHARMACY PURCHASE,48.73,debit,53777.57,False
cd3ec5ca-1,CUST788902,2026-02-12,Healthcare,PHARMACY PURCHASE,234.65,debit,53542.92,False
b16ed08c-e,CUST788902,2026-02-16,Savings Transfer,INTERNAL XFER - SAVINGS,756.45,debit,52786.47,False
239f7a92-e,CUST788902,2026-02-19,Rent/Installment,Monthly Rent Transfer,7443.69,debit,45342.78,False
33eba4a5-1,CUST788902,2026-02-19,Groceries,CARREFOUR HYPERMARKET,816.66,debit,44526.12,False
12994d89-8,CUST788902,2026-02-19,Transportation,CAREEM RIDE,85.88,debit,44440.24,False
d232885e-b,CUST788902,2026-02-19,Dining/Restaurants,MCDONALDS #558,980.26,debit,43459.98,False
19635b0a-9,CUST788902,2026-02-20,Dining/Restaurants,POS - LOCAL RESTAURANT,610.9,debit,42849.08,False
ffdb1689-f,CUST788902,2026-02-20,Shopping,MALL PURCHASE - POS,1613.15,debit,41235.93,False
f49002bf-8,CUST788902,2026-02-21,Shopping,MALL PURCHASE - POS,998.44,debit,40237.49,False
8869768c-e,CUST788902,2026-02-22,Savings Transfer,TRANSFER TO SAVINGS ACCT,323.44,debit,39914.05,False
cf7113f7-7,CUST788902,2026-02-23,Entertainment,CINEMA TICKET PURCHASE,629.76,debit,39284.29,False
5abe1b91-c,CUST788902,2026-02-23,Healthcare,PHARMACY PURCHASE,74.21,debit,39210.08,False
d4f9cfee-3,CUST788902,2026-02-23,Healthcare,PHARMACY PURCHASE,30.85,debit,39179.23,False
9c379386-f,CUST788902,2026-02-25,Groceries,POS PURCHASE - LOCAL MARKET,4234.03,debit,34945.2,False
97d5c3c1-9,CUST788902,2026-02-26,Shopping,AMAZON.EG ORDER,166.3,debit,34778.9,False
48af8100-0,CUST788902,2026-03-01,Healthcare,PHARMACY PURCHASE,29.75,debit,34749.15,False
ec939f02-c,CUST788902,2026-03-01,Savings Transfer,TRANSFER TO SAVINGS ACCT,276.48,debit,34472.67,False
138065e9-0,CUST788902,2026-03-02,Salary,MONTHLY SALARY CREDIT,35200.0,credit,69672.67,False
3ff59493-f,CUST788902,2026-03-02,Transportation,UBER *TRIP 448,183.19,debit,69489.48,False
bb4d7bf0-f,CUST788902,2026-03-02,Savings Transfer,TRANSFER TO SAVINGS ACCT,192.24,debit,69297.24,False
39b17971-c,CUST788902,2026-03-05,Rent/Installment,Home Loan Installment - ONLINE,8166.39,debit,61130.85,False
e446ae9c-f,CUST788902,2026-03-05,Utilities,ELECTRICITY BILL PMT,1117.01,debit,60013.84,False
27ba386b-b,CUST788902,2026-03-05,Healthcare,CLINIC VISIT FEE,146.82,debit,59867.02,False
a76f7aaf-9,CUST788902,2026-03-06,Shopping,MALL PURCHASE - POS,316.53,debit,59550.49,False
18a0a720-a,CUST788902,2026-03-07,Entertainment,GAMING STORE PURCHASE,577.04,debit,58973.45,False
481e2209-6,CUST788902,2026-03-11,Dining/Restaurants,CAFE PURCHASE,499.83,debit,58473.62,False
42d13777-8,CUST788902,2026-03-12,Transportation,UBER *TRIP 466,188.87,debit,58284.75,False
53da2658-1,CUST788902,2026-03-13,Entertainment,NETFLIX PPV CHARGE,27.83,debit,58256.92,False
1f7421b8-a,CUST788902,2026-03-13,Entertainment,CINEMA TICKET PURCHASE,327.19,debit,57929.73,False
1225ead8-5,CUST788902,2026-03-14,Savings Transfer,TRANSFER TO SAVINGS ACCT,58.82,debit,57870.91,False
d7d293ac-1,CUST788902,2026-03-16,Groceries,SPINNEYS #142,121.31,debit,57749.6,False
ff15b11a-8,CUST788902,2026-03-16,Groceries,POS PURCHASE - LOCAL MARKET,1453.38,debit,56296.22,False
646a3c14-9,CUST788902,2026-03-16,Savings Transfer,INTERNAL XFER - SAVINGS,590.36,debit,55705.86,False
a178b626-0,CUST788902,2026-03-18,Groceries,CARREFOUR HYPERMARKET,3047.97,debit,52657.89,False
78545a27-b,CUST788902,2026-03-18,Shopping,MALL PURCHASE - POS,249.75,debit,52408.14,False
8b43a178-7,CUST788902,2026-03-19,Transportation,FUEL STATION PURCHASE,1162.54,debit,51245.6,False
d56ec144-e,CUST788902,2026-03-19,Entertainment,CINEMA TICKET PURCHASE,181.01,debit,51064.59,False
cd924863-f,CUST788902,2026-03-21,Healthcare,CLINIC VISIT FEE,29.96,debit,51034.63,False
e92eb1f0-d,CUST788902,2026-03-24,Groceries,CARREFOUR HYPERMARKET,228.61,debit,50806.02,False
7f63d434-f,CUST788902,2026-03-24,Dining/Restaurants,CAFE PURCHASE,1106.21,debit,49699.81,False
437fb8d6-9,CUST788902,2026-03-24,Entertainment,NETFLIX PPV CHARGE,434.2,debit,49265.61,False
6d950208-c,CUST788902,2026-03-24,Shopping,ONLINE STORE CHECKOUT,27.95,debit,49237.66,False
49570d45-1,CUST788902,2026-03-25,Dining/Restaurants,POS - LOCAL RESTAURANT,72.66,debit,49165.0,False
c90d2352-4,CUST788902,2026-03-25,Shopping,MALL PURCHASE - POS,2646.69,debit,46518.31,False
521fbb05-3,CUST788902,2026-03-27,Dining/Restaurants,CAFE PURCHASE,139.28,debit,46379.03,False
67d8af2e-3,CUST788902,2026-03-27,Healthcare,LAB TEST PAYMENT,134.69,debit,46244.34,False
585aa5c2-5,CUST788902,2026-03-28,Subscriptions,NETFLIX.COM SUBSCRIPTION,899.64,debit,45344.7,False
3a998953-8,CUST788902,2026-04-01,Salary,MONTHLY SALARY CREDIT,35200.0,credit,80544.7,False
98965780-5,CUST788902,2026-04-01,Transportation,FUEL STATION PURCHASE,62.99,debit,80481.71,False
11d8bd4c-f,CUST788902,2026-04-02,Groceries,SPINNEYS #121,30.34,debit,80451.37,False
e433cf09-1,CUST788902,2026-04-02,Groceries,SPINNEYS #509,3236.7,debit,77214.67,False
e1369f39-d,CUST788902,2026-04-03,Healthcare,CLINIC VISIT FEE,7.07,debit,77207.6,False
8f0e4974-b,CUST788902,2026-04-04,Dining/Restaurants,MCDONALDS #758,840.94,debit,76366.66,False
b63c05c1-9,CUST788902,2026-04-04,Entertainment,GAMING STORE PURCHASE,61.79,debit,76304.87,False
d564d627-c,CUST788902,2026-04-05,Groceries,SPINNEYS #597,1973.07,debit,74331.8,False
c5167756-b,CUST788902,2026-04-06,Entertainment,NETFLIX PPV CHARGE,101.97,debit,74229.83,False
413ecfcb-b,CUST788902,2026-04-07,Rent/Installment,Monthly Rent Transfer,8009.51,debit,66220.32,False
28c65c97-2,CUST788902,2026-04-09,Dining/Restaurants,POS - LOCAL RESTAURANT,587.41,debit,65632.91,False
3ae699d6-5,CUST788902,2026-04-10,Utilities,WATER CO. AUTOPAY,1089.53,debit,64543.38,False
9d9180a7-b,CUST788902,2026-04-10,Healthcare,LAB TEST PAYMENT,160.74,debit,64382.64,False
9e5e6108-6,CUST788902,2026-04-12,Entertainment,NETFLIX PPV CHARGE,160.89,debit,64221.75,False
d9fd7e1a-4,CUST788902,2026-04-12,Savings Transfer,INTERNAL XFER - SAVINGS,87.77,debit,64133.98,False
f0514d0c-3,CUST788902,2026-04-13,Transportation,CAREEM RIDE,87.86,debit,64046.12,False
833a5d7d-c,CUST788902,2026-04-13,Entertainment,GAMING STORE PURCHASE,1298.18,debit,62747.94,False
cb1bdb9b-c,CUST788902,2026-04-14,Transportation,UBER *TRIP 555,39.03,debit,62708.91,False
05d9a9fe-7,CUST788902,2026-04-15,Transportation,UBER *TRIP 304,168.55,debit,62540.36,False
7df136e1-c,CUST788902,2026-04-17,Transportation,FUEL STATION PURCHASE,1242.14,debit,61298.22,False
b6dd11d4-c,CUST788902,2026-04-19,Healthcare,PHARMACY PURCHASE,28.72,debit,61269.5,False
1e20f64c-7,CUST788902,2026-04-19,Savings Transfer,INTERNAL XFER - SAVINGS,312.82,debit,60956.68,False
8247b5d4-5,CUST788902,2026-04-20,Shopping,MALL PURCHASE - POS,2185.35,debit,58771.33,False
763b35da-f,CUST788902,2026-04-23,Shopping,AMAZON.EG ORDER,1595.46,debit,57175.87,False
1276be4c-d,CUST788902,2026-04-23,Healthcare,PHARMACY PURCHASE,161.06,debit,57014.81,False
becbea55-e,CUST788902,2026-04-25,Savings Transfer,TRANSFER TO SAVINGS ACCT,568.55,debit,56446.26,False
0f8ef425-6,CUST788902,2026-04-26,Savings Transfer,TRANSFER TO SAVINGS ACCT,159.41,debit,56286.85,False
8da9c0bf-e,CUST788902,2026-04-27,Subscriptions,SPOTIFY AB,1091.41,debit,55195.44,False
958edfe1-9,CUST788902,2026-04-28,Dining/Restaurants,MCDONALDS #905,369.64,debit,54825.8,False
dae81071-8,CUST788902,2026-05-02,Salary,MONTHLY SALARY CREDIT,35200.0,credit,90025.8,False
610c07d3-0,CUST788902,2026-05-02,Transportation,FUEL STATION PURCHASE,1440.5,debit,88585.3,False
51bc6494-3,CUST788902,2026-05-02,Shopping,AMAZON.EG ORDER,566.92,debit,88018.38,False
275429a3-4,CUST788902,2026-05-05,Utilities,WATER CO. AUTOPAY,1255.89,debit,86762.49,False
a7d76474-6,CUST788902,2026-05-05,Entertainment,GAMING STORE PURCHASE,799.0,debit,85963.49,False
543b96db-f,CUST788902,2026-05-05,Savings Transfer,TRANSFER TO SAVINGS ACCT,520.86,debit,85442.63,False
b695921b-4,CUST788902,2026-05-08,Healthcare,LAB TEST PAYMENT,128.14,debit,85314.49,False
71ba27b5-c,CUST788902,2026-05-08,Healthcare,PHARMACY PURCHASE,83.48,debit,85231.01,False
36f88b8f-3,CUST788902,2026-05-09,Groceries,CARREFOUR HYPERMARKET,952.95,debit,84278.06,False
820a330d-1,CUST788902,2026-05-09,Healthcare,CLINIC VISIT FEE,145.58,debit,84132.48,False
4aa40e43-e,CUST788902,2026-05-11,Groceries,CARREFOUR HYPERMARKET,407.27,debit,83725.21,False
a628cea3-5,CUST788902,2026-05-12,Rent/Installment,Monthly Rent Transfer,8670.52,debit,75054.69,False
03542cb9-5,CUST788902,2026-05-13,Entertainment,CINEMA TICKET PURCHASE,405.87,debit,74648.82,False
42fcf566-7,CUST788902,2026-05-14,Entertainment,NETFLIX PPV CHARGE,89.55,debit,74559.27,False
08096f92-1,CUST788902,2026-05-14,Healthcare,PHARMACY PURCHASE,7.64,debit,74551.63,False
627cc09b-7,CUST788902,2026-05-14,Savings Transfer,INTERNAL XFER - SAVINGS,85.14,debit,74466.49,False
bb584588-0,CUST788902,2026-05-15,Savings Transfer,INTERNAL XFER - SAVINGS,105.32,debit,74361.17,False
76784dd8-6,CUST788902,2026-05-16,Transportation,FUEL STATION PURCHASE,284.18,debit,74076.99,False
3b6991fe-b,CUST788902,2026-05-16,Healthcare,LAB TEST PAYMENT,8.86,debit,74068.13,False
7c0994b7-4,CUST788902,2026-05-17,Shopping,MALL PURCHASE - POS,1772.53,debit,72295.6,False
30d1be5f-5,CUST788902,2026-05-17,Subscriptions,SPOTIFY AB,899.31,debit,71396.29,False
8a8f77a7-0,CUST788902,2026-05-19,Savings Transfer,INTERNAL XFER - SAVINGS,269.24,debit,71127.05,False
4d33a263-3,CUST788902,2026-05-20,Savings Transfer,TRANSFER TO SAVINGS ACCT,125.3,debit,71001.75,False
351c3cc3-9,CUST788902,2026-05-21,Groceries,CARREFOUR HYPERMARKET,755.27,debit,70246.48,False
89bcf53d-8,CUST788902,2026-05-21,Groceries,SPINNEYS #593,1089.51,debit,69156.97,False
03e0ba74-5,CUST788902,2026-05-22,Shopping,MALL PURCHASE - POS,244.73,debit,68912.24,False
fc83a3d3-7,CUST788902,2026-05-23,Shopping,AMAZON.EG ORDER,128.75,debit,68783.49,False
d8149dc3-e,CUST788902,2026-05-24,Groceries,SPINNEYS #340,1161.83,debit,67621.66,False
7f15247b-b,CUST788902,2026-05-24,Dining/Restaurants,MCDONALDS #400,1253.23,debit,66368.43,False
3a3d3b91-0,CUST788902,2026-05-24,Shopping,ONLINE STORE CHECKOUT,931.93,debit,65436.5,False
0d50e78c-2,CUST788902,2026-05-27,Entertainment,GAMING STORE PURCHASE,177.13,debit,65259.37,False
b8a465cc-3,CUST788902,2026-05-28,Dining/Restaurants,CAFE PURCHASE,549.26,debit,64710.11,False
7fb8c881-b,CUST788902,2026-06-01,Healthcare,PHARMACY PURCHASE,10.28,debit,64699.83,False
3477f4e6-e,CUST788902,2026-06-03,Salary,MONTHLY SALARY CREDIT,35200.0,credit,99899.83,False
0c85df8e-1,CUST788902,2026-06-03,Dining/Restaurants,POS - LOCAL RESTAURANT,104.65,debit,99795.18,False
78e8d9d8-1,CUST788902,2026-06-03,Shopping,MALL PURCHASE - POS,842.13,debit,98953.05,False
6ea6c255-2,CUST788902,2026-06-04,Entertainment,GAMING STORE PURCHASE,511.56,debit,98441.49,False
cc8570ca-2,CUST788902,2026-06-06,Subscriptions,NETFLIX.COM SUBSCRIPTION,1014.19,debit,97427.3,False
b4a5ae0a-9,CUST788902,2026-06-06,Savings Transfer,INTERNAL XFER - SAVINGS,184.72,debit,97242.58,False
18697fb4-b,CUST788902,2026-06-07,Dining/Restaurants,CAFE PURCHASE,1390.7,debit,95851.88,False
faddcf7a-0,CUST788902,2026-06-11,Savings Transfer,INTERNAL XFER - SAVINGS,78.64,debit,95773.24,False
c6196e31-b,CUST788902,2026-06-12,Savings Transfer,INTERNAL XFER - SAVINGS,478.14,debit,95295.1,False
2edc9063-e,CUST788902,2026-06-13,Groceries,CARREFOUR HYPERMARKET,12.56,debit,95282.54,False
c1f7e8d8-c,CUST788902,2026-06-15,Transportation,UBER *TRIP 368,205.87,debit,95076.67,False
c4f33e59-1,CUST788902,2026-06-17,Savings Transfer,INTERNAL XFER - SAVINGS,489.21,debit,94587.46,False
6a50090d-a,CUST788902,2026-06-18,Shopping,MALL PURCHASE - POS,1945.76,debit,92641.7,False
9eb68270-6,CUST788902,2026-06-19,Dining/Restaurants,CAFE PURCHASE,214.85,debit,92426.85,False
73fe3c33-0,CUST788902,2026-06-19,Entertainment,GAMING STORE PURCHASE,1052.39,debit,91374.46,False
dc9256a6-3,CUST788902,2026-06-20,Shopping,MALL PURCHASE - POS,820.49,debit,90553.97,False
5cd4ba9e-4,CUST788902,2026-06-22,Rent/Installment,Monthly Rent Transfer,8649.5,debit,81904.47,False
73965767-a,CUST788902,2026-06-22,Transportation,FUEL STATION PURCHASE,748.8,debit,81155.67,False
c6897a9f-8,CUST788902,2026-06-22,Healthcare,LAB TEST PAYMENT,330.74,debit,80824.93,False
0a370ad8-b,CUST788902,2026-06-25,Utilities,ELECTRICITY BILL PMT,1148.95,debit,79675.98,False
b521b2fc-7,CUST788902,2026-06-25,Transportation,UBER *TRIP 658,754.04,debit,78921.94,False
9e251534-2,CUST788902,2026-06-25,Healthcare,PHARMACY PURCHASE,32.54,debit,78889.4,False
9ab2d7e1-3,CUST788902,2026-06-26,Groceries,POS PURCHASE - LOCAL MARKET,1373.44,debit,77515.96,False
7effd75b-f,CUST788902,2026-06-26,Savings Transfer,TRANSFER TO SAVINGS ACCT,7.57,debit,77508.39,False
b89bc20c-1,CUST788902,2026-06-28,Groceries,POS PURCHASE - LOCAL MARKET,3137.48,debit,74370.91,False
d13d844d-b,CUST788902,2026-06-28,Transportation,FUEL STATION PURCHASE,36.74,debit,74334.17,False
895cc6cc-9,CUST1EB859,2026-01-01,Salary,MONTHLY SALARY CREDIT,22500.0,credit,34676.53,False
c383cdeb-2,CUST1EB859,2026-01-01,Entertainment,GAMING STORE PURCHASE,476.46,debit,34200.07,False
536f958c-7,CUST1EB859,2026-01-02,Groceries,POS PURCHASE - LOCAL MARKET,356.06,debit,33844.01,False
b2ec7812-f,CUST1EB859,2026-01-02,Transportation,UBER *TRIP 131,458.16,debit,33385.85,False
798af65d-8,CUST1EB859,2026-01-04,Healthcare,CLINIC VISIT FEE,18.64,debit,33367.21,False
9f9949db-6,CUST1EB859,2026-01-05,Groceries,POS PURCHASE - LOCAL MARKET,1760.13,debit,31607.08,False
3a4bd363-b,CUST1EB859,2026-01-05,Healthcare,PHARMACY PURCHASE,16.54,debit,31590.54,False
6ede2fd7-9,CUST1EB859,2026-01-06,Entertainment,GAMING STORE PURCHASE,230.09,debit,31360.45,False
33a7dc87-8,CUST1EB859,2026-01-06,Savings Transfer,TRANSFER TO SAVINGS ACCT,494.49,debit,30865.96,False
b5825093-4,CUST1EB859,2026-01-10,Savings Transfer,TRANSFER TO SAVINGS ACCT,186.39,debit,30679.57,False
991a9261-0,CUST1EB859,2026-01-11,Rent/Installment,Monthly Rent Transfer,7533.01,debit,23146.56,False
8c6ddb6f-5,CUST1EB859,2026-01-11,Groceries,CARREFOUR HYPERMARKET,429.62,debit,22716.94,False
19be9100-0,CUST1EB859,2026-01-11,Savings Transfer,INTERNAL XFER - SAVINGS,58.94,debit,22658.0,False
aaeef3b2-d,CUST1EB859,2026-01-13,Dining/Restaurants,MCDONALDS #641,662.06,debit,21995.94,False
2ef7a097-2,CUST1EB859,2026-01-13,Subscriptions,NETFLIX.COM SUBSCRIPTION,549.56,debit,21446.38,False
417f7379-8,CUST1EB859,2026-01-13,Savings Transfer,TRANSFER TO SAVINGS ACCT,206.65,debit,21239.73,False
1823dbaa-b,CUST1EB859,2026-01-15,Entertainment,CINEMA TICKET PURCHASE,739.96,debit,20499.77,False
ec26bd40-7,CUST1EB859,2026-01-18,Shopping,AMAZON.EG ORDER,52.82,debit,20446.95,False
637fc394-a,CUST1EB859,2026-01-20,Dining/Restaurants,POS - LOCAL RESTAURANT,795.38,debit,19651.57,False
0133edbc-a,CUST1EB859,2026-01-21,Transportation,FUEL STATION PURCHASE,568.5,debit,19083.07,False
fc03f9d8-8,CUST1EB859,2026-01-22,Entertainment,GAMING STORE PURCHASE,13.91,debit,19069.16,False
0f9560b2-b,CUST1EB859,2026-01-22,Shopping,AMAZON.EG ORDER,648.93,debit,18420.23,False
acf2f59c-1,CUST1EB859,2026-01-25,Utilities,ELECTRICITY BILL PMT,778.66,debit,17641.57,False
4b93b0ef-7,CUST1EB859,2026-01-25,Groceries,CARREFOUR HYPERMARKET,484.09,debit,17157.48,False
d0e0dfe8-a,CUST1EB859,2026-01-25,Healthcare,PHARMACY PURCHASE,1027.95,debit,16129.53,False
456f2745-0,CUST1EB859,2026-02-01,Savings Transfer,INTERNAL XFER - SAVINGS,110.46,debit,16019.07,False
5b36e9a2-d,CUST1EB859,2026-02-02,Groceries,CARREFOUR HYPERMARKET,796.31,debit,15222.76,False
9d571f98-2,CUST1EB859,2026-02-02,Entertainment,NETFLIX PPV CHARGE,312.57,debit,14910.19,False
8efa3c00-2,CUST1EB859,2026-02-03,Salary,MONTHLY SALARY CREDIT,22500.0,credit,37410.19,False
c0c903b2-2,CUST1EB859,2026-02-03,Subscriptions,SPOTIFY AB,501.83,debit,36908.36,False
b621b70b-e,CUST1EB859,2026-02-04,Savings Transfer,INTERNAL XFER - SAVINGS,129.57,debit,36778.79,False
edbe5686-7,CUST1EB859,2026-02-05,Utilities,ELECTRICITY BILL PMT,738.28,debit,36040.51,False
d8f174c0-9,CUST1EB859,2026-02-06,Shopping,ONLINE STORE CHECKOUT,553.28,debit,35487.23,False
8f3e815f-d,CUST1EB859,2026-02-06,Shopping,AMAZON.EG ORDER,149.92,debit,35337.31,False
674dd53b-5,CUST1EB859,2026-02-07,Rent/Installment,Home Loan Installment - NBE,7822.69,debit,27514.62,False
9c697825-b,CUST1EB859,2026-02-09,Transportation,FUEL STATION PURCHASE,570.51,debit,26944.11,False
fde7b0d6-a,CUST1EB859,2026-02-09,Savings Transfer,TRANSFER TO SAVINGS ACCT,187.71,debit,26756.4,False
0e56df65-c,CUST1EB859,2026-02-10,Entertainment,GAMING STORE PURCHASE,744.27,debit,26012.13,False
b1f7adb2-d,CUST1EB859,2026-02-12,Transportation,UBER *TRIP 815,82.36,debit,25929.77,False
32bd8482-f,CUST1EB859,2026-02-12,Entertainment,GAMING STORE PURCHASE,51.91,debit,25877.86,False
fe7e3ce7-7,CUST1EB859,2026-02-15,Groceries,SPINNEYS #942,743.8,debit,25134.06,False
94cf76f0-f,CUST1EB859,2026-02-15,Savings Transfer,TRANSFER TO SAVINGS ACCT,384.19,debit,24749.87,False
bb8aaa6b-e,CUST1EB859,2026-02-16,Dining/Restaurants,MCDONALDS #630,43.65,debit,24706.22,False
b7881d2e-c,CUST1EB859,2026-02-18,Dining/Restaurants,MCDONALDS #221,291.0,debit,24415.22,False
f544a524-1,CUST1EB859,2026-02-18,Healthcare,PHARMACY PURCHASE,114.29,debit,24300.93,False
3cb2c3ce-e,CUST1EB859,2026-02-19,Healthcare,LAB TEST PAYMENT,400.92,debit,23900.01,False
20883a20-3,CUST1EB859,2026-02-19,Healthcare,LAB TEST PAYMENT,548.36,debit,23351.65,False
27fec51e-3,CUST1EB859,2026-02-20,Entertainment,GAMING STORE PURCHASE,244.15,debit,23107.5,False
265f8d8d-d,CUST1EB859,2026-02-20,Shopping,AMAZON.EG ORDER,35.99,debit,23071.51,False
6eee60cb-b,CUST1EB859,2026-02-21,Groceries,SPINNEYS #100,1253.39,debit,21818.12,False
2d9422a8-2,CUST1EB859,2026-02-23,Transportation,CAREEM RIDE,262.68,debit,21555.44,False
60c655d6-e,CUST1EB859,2026-02-23,Transportation,FUEL STATION PURCHASE,168.63,debit,21386.81,False
d26de627-a,CUST1EB859,2026-02-27,Dining/Restaurants,CAFE PURCHASE,1019.32,debit,20367.49,False
88dd1950-f,CUST1EB859,2026-02-27,Entertainment,NETFLIX PPV CHARGE,5.0,debit,20362.49,False
313d01bc-4,CUST1EB859,2026-02-28,Dining/Restaurants,CAFE PURCHASE,145.76,debit,20216.73,False
a0235db3-b,CUST1EB859,2026-02-28,Savings Transfer,INTERNAL XFER - SAVINGS,148.99,debit,20067.74,False
91a6241c-b,CUST1EB859,2026-03-03,Salary,MONTHLY SALARY CREDIT,22500.0,credit,42567.74,False
019bd4df-7,CUST1EB859,2026-03-03,Savings Transfer,TRANSFER TO SAVINGS ACCT,241.34,debit,42326.4,False
6a1d7c7e-b,CUST1EB859,2026-03-04,Transportation,UBER *TRIP 309,227.9,debit,42098.5,False
af126888-e,CUST1EB859,2026-03-05,Dining/Restaurants,MCDONALDS #631,469.0,debit,41629.5,False
6265154a-e,CUST1EB859,2026-03-05,Shopping,AMAZON.EG ORDER,260.2,debit,41369.3,False
9bbe79a6-4,CUST1EB859,2026-03-05,Healthcare,LAB TEST PAYMENT,111.41,debit,41257.89,False
8cd3611b-f,CUST1EB859,2026-03-06,Dining/Restaurants,CAFE PURCHASE,537.82,debit,40720.07,False
f01f0fa6-b,CUST1EB859,2026-03-06,Healthcare,CLINIC VISIT FEE,24.2,debit,40695.87,False
b22258f1-5,CUST1EB859,2026-03-08,Subscriptions,GYM MEMBERSHIP AUTOPAY,526.52,debit,40169.35,False
a559bcd6-3,CUST1EB859,2026-03-10,Healthcare,PHARMACY PURCHASE,50.64,debit,40118.71,False
7f5c6cbb-9,CUST1EB859,2026-03-11,Dining/Restaurants,CAFE PURCHASE,69.89,debit,40048.82,False
801faf68-3,CUST1EB859,2026-03-12,Savings Transfer,TRANSFER TO SAVINGS ACCT,83.93,debit,39964.89,False
f0d667ed-3,CUST1EB859,2026-03-13,Utilities,ELECTRICITY BILL PMT,797.14,debit,39167.75,False
bd4c8f54-5,CUST1EB859,2026-03-13,Entertainment,CINEMA TICKET PURCHASE,90.6,debit,39077.15,False
cb608655-f,CUST1EB859,2026-03-14,Entertainment,NETFLIX PPV CHARGE,41.58,debit,39035.57,False
7186191a-9,CUST1EB859,2026-03-15,Groceries,SPINNEYS #250,944.47,debit,38091.1,False
15849f47-f,CUST1EB859,2026-03-16,Healthcare,CLINIC VISIT FEE,450.4,debit,37640.7,False
6bad1e1a-8,CUST1EB859,2026-03-16,Savings Transfer,INTERNAL XFER - SAVINGS,12.01,debit,37628.69,False
123fa0d7-8,CUST1EB859,2026-03-20,Entertainment,NETFLIX PPV CHARGE,1209.81,debit,36418.88,False
0d675edc-5,CUST1EB859,2026-03-21,Savings Transfer,TRANSFER TO SAVINGS ACCT,285.91,debit,36132.97,False
c4eac631-a,CUST1EB859,2026-03-23,Dining/Restaurants,MCDONALDS #403,67.65,debit,36065.32,False
8d3a94db-4,CUST1EB859,2026-03-23,Savings Transfer,INTERNAL XFER - SAVINGS,320.36,debit,35744.96,False
7f6fd274-b,CUST1EB859,2026-03-24,Groceries,POS PURCHASE - LOCAL MARKET,1126.67,debit,34618.29,False
a1c60c6a-d,CUST1EB859,2026-03-24,Groceries,POS PURCHASE - LOCAL MARKET,18.58,debit,34599.71,False
c3dc06cd-6,CUST1EB859,2026-03-25,Rent/Installment,Monthly Rent Transfer,7632.29,debit,26967.42,False
59892672-b,CUST1EB859,2026-03-25,Healthcare,CLINIC VISIT FEE,471.89,debit,26495.53,False
62ee98f8-f,CUST1EB859,2026-03-26,Transportation,FUEL STATION PURCHASE,818.82,debit,25676.71,False
5f63c0a9-2,CUST1EB859,2026-03-27,Dining/Restaurants,CAFE PURCHASE,174.63,debit,25502.08,False
90f965fa-e,CUST1EB859,2026-03-28,Groceries,CARREFOUR HYPERMARKET,1085.07,debit,24417.01,False
65e44284-2,CUST1EB859,2026-03-28,Shopping,MALL PURCHASE - POS,481.19,debit,23935.82,False
c5ae74d4-6,CUST1EB859,2026-04-01,Groceries,SPINNEYS #867,395.88,debit,23539.94,False
914d462f-0,CUST1EB859,2026-04-02,Savings Transfer,TRANSFER TO SAVINGS ACCT,446.95,debit,23092.99,False
937ce171-4,CUST1EB859,2026-04-03,Salary,MONTHLY SALARY CREDIT,22500.0,credit,45592.99,False
69014d4e-b,CUST1EB859,2026-04-03,Transportation,UBER *TRIP 808,310.07,debit,45282.92,False
964b17f3-1,CUST1EB859,2026-04-03,Transportation,CAREEM RIDE,221.85,debit,45061.07,False
a930d4a0-e,CUST1EB859,2026-04-03,Dining/Restaurants,POS - LOCAL RESTAURANT,939.91,debit,44121.16,False
587aeef3-a,CUST1EB859,2026-04-06,Dining/Restaurants,CAFE PURCHASE,139.5,debit,43981.66,False
5e2f48af-5,CUST1EB859,2026-04-06,Shopping,AMAZON.EG ORDER,111.15,debit,43870.51,False
aff3a59c-a,CUST1EB859,2026-04-07,Dining/Restaurants,POS - LOCAL RESTAURANT,412.98,debit,43457.53,False
eda6855b-1,CUST1EB859,2026-04-07,Subscriptions,GYM MEMBERSHIP AUTOPAY,461.74,debit,42995.79,False
90eabce0-9,CUST1EB859,2026-04-07,Savings Transfer,TRANSFER TO SAVINGS ACCT,224.8,debit,42770.99,False
831cdce9-7,CUST1EB859,2026-04-09,Entertainment,NETFLIX PPV CHARGE,543.32,debit,42227.67,False
d4c82d49-9,CUST1EB859,2026-04-09,Shopping,AMAZON.EG ORDER,188.27,debit,42039.4,False
5ff0d892-8,CUST1EB859,2026-04-10,Groceries,SPINNEYS #966,1954.5,debit,40084.9,False
2a6d64cd-e,CUST1EB859,2026-04-10,Groceries,POS PURCHASE - LOCAL MARKET,209.94,debit,39874.96,False
323fd0bf-2,CUST1EB859,2026-04-10,Savings Transfer,INTERNAL XFER - SAVINGS,139.13,debit,39735.83,False
fa5daea0-c,CUST1EB859,2026-04-11,Shopping,MALL PURCHASE - POS,175.58,debit,39560.25,False
e9893e5a-4,CUST1EB859,2026-04-11,Savings Transfer,INTERNAL XFER - SAVINGS,136.67,debit,39423.58,False
3a590a9e-e,CUST1EB859,2026-04-12,Healthcare,LAB TEST PAYMENT,272.36,debit,39151.22,False
7b762699-8,CUST1EB859,2026-04-13,Entertainment,GAMING STORE PURCHASE,18.56,debit,39132.66,False
16259eb2-4,CUST1EB859,2026-04-14,Transportation,CAREEM RIDE,451.75,debit,38680.91,False
d92e2498-3,CUST1EB859,2026-04-16,Utilities,ELECTRICITY BILL PMT,682.06,debit,37998.85,False
965c831f-a,CUST1EB859,2026-04-20,Rent/Installment,Monthly Rent Transfer,7762.92,debit,30235.93,False
bf13e57d-8,CUST1EB859,2026-04-20,Entertainment,GAMING STORE PURCHASE,366.39,debit,29869.54,False
fa35045e-6,CUST1EB859,2026-04-20,Shopping,ONLINE STORE CHECKOUT,145.15,debit,29724.39,False
bd604411-2,CUST1EB859,2026-04-22,Healthcare,CLINIC VISIT FEE,869.38,debit,28855.01,False
871af7d0-d,CUST1EB859,2026-04-23,Savings Transfer,INTERNAL XFER - SAVINGS,11.94,debit,28843.07,False
7ad35e29-5,CUST1EB859,2026-04-25,Groceries,SPINNEYS #605,110.63,debit,28732.44,False
3603d430-5,CUST1EB859,2026-04-26,Entertainment,CINEMA TICKET PURCHASE,491.79,debit,28240.65,False
b767d5e4-e,CUST1EB859,2026-04-27,Dining/Restaurants,MCDONALDS #671,60.54,debit,28180.11,False
1b2c7155-e,CUST1EB859,2026-04-27,Shopping,AMAZON.EG ORDER,5.0,debit,28175.11,False
29e576da-b,CUST1EB859,2026-05-01,Rent/Installment,Monthly Rent Transfer,6930.48,debit,21244.63,False
6d564bbf-e,CUST1EB859,2026-05-02,Salary,MONTHLY SALARY CREDIT,22500.0,credit,43744.63,False
01a219f1-2,CUST1EB859,2026-05-02,Transportation,CAREEM RIDE,106.54,debit,43638.09,False
3c9d67c6-6,CUST1EB859,2026-05-02,Transportation,CAREEM RIDE,5.0,debit,43633.09,False
2e2cd7dd-e,CUST1EB859,2026-05-03,Healthcare,LAB TEST PAYMENT,810.32,debit,42822.77,False
64105fa2-e,CUST1EB859,2026-05-04,Transportation,FUEL STATION PURCHASE,63.34,debit,42759.43,False
a4b95479-d,CUST1EB859,2026-05-05,Healthcare,LAB TEST PAYMENT,216.36,debit,42543.07,False
cbbb4aa0-5,CUST1EB859,2026-05-06,Entertainment,CINEMA TICKET PURCHASE,226.98,debit,42316.09,False
ac4be74f-c,CUST1EB859,2026-05-06,Savings Transfer,TRANSFER TO SAVINGS ACCT,130.72,debit,42185.37,False
9bcabb49-0,CUST1EB859,2026-05-07,Groceries,POS PURCHASE - LOCAL MARKET,22.38,debit,42162.99,False
da264b26-3,CUST1EB859,2026-05-08,Transportation,UBER *TRIP 773,186.41,debit,41976.58,False
f5124589-7,CUST1EB859,2026-05-09,Dining/Restaurants,POS - LOCAL RESTAURANT,495.88,debit,41480.7,False
c2842404-8,CUST1EB859,2026-05-09,Healthcare,PHARMACY PURCHASE,84.21,debit,41396.49,False
595f0789-5,CUST1EB859,2026-05-10,Shopping,AMAZON.EG ORDER,573.4,debit,40823.09,False
7b19eedb-e,CUST1EB859,2026-05-13,Shopping,AMAZON.EG ORDER,91.69,debit,40731.4,False
ff8280ce-f,CUST1EB859,2026-05-13,Healthcare,CLINIC VISIT FEE,56.73,debit,40674.67,False
e09e6aee-4,CUST1EB859,2026-05-14,Entertainment,CINEMA TICKET PURCHASE,231.05,debit,40443.62,False
0ac5da32-7,CUST1EB859,2026-05-18,Subscriptions,SPOTIFY AB,508.9,debit,39934.72,False
987f411b-e,CUST1EB859,2026-05-19,Savings Transfer,TRANSFER TO SAVINGS ACCT,800.23,debit,39134.49,False
2fb85250-6,CUST1EB859,2026-05-20,Groceries,CARREFOUR HYPERMARKET,369.93,debit,38764.56,False
9f8dfce2-c,CUST1EB859,2026-05-21,Dining/Restaurants,MCDONALDS #181,373.73,debit,38390.83,False
d1837e69-4,CUST1EB859,2026-05-22,Transportation,UBER *TRIP 250,702.95,debit,37687.88,False
cdc1684a-3,CUST1EB859,2026-05-22,Dining/Restaurants,CAFE PURCHASE,275.77,debit,37412.11,False
a5d4adda-a,CUST1EB859,2026-05-23,Groceries,CARREFOUR HYPERMARKET,125.33,debit,37286.78,False
7ce10174-c,CUST1EB859,2026-05-23,Dining/Restaurants,MCDONALDS #984,153.79,debit,37132.99,False
c34b9d7f-1,CUST1EB859,2026-05-25,Dining/Restaurants,MCDONALDS #396,65.54,debit,37067.45,False
08bf4aa8-0,CUST1EB859,2026-05-25,Entertainment,GAMING STORE PURCHASE,402.76,debit,36664.69,False
d0f11b22-d,CUST1EB859,2026-05-26,Entertainment,NETFLIX PPV CHARGE,626.47,debit,36038.22,False
26ff2fb3-9,CUST1EB859,2026-05-27,Utilities,WATER CO. AUTOPAY,763.91,debit,35274.31,False
bae0ddb8-f,CUST1EB859,2026-05-27,Groceries,POS PURCHASE - LOCAL MARKET,2387.71,debit,32886.6,False
00d596e1-b,CUST1EB859,2026-05-27,Healthcare,PHARMACY PURCHASE,5.0,debit,32881.6,False
912e44bc-5,CUST1EB859,2026-05-28,Groceries,CARREFOUR HYPERMARKET,39.32,debit,32842.28,False
b1689290-7,CUST1EB859,2026-06-01,Salary,MONTHLY SALARY CREDIT,22500.0,credit,55342.28,False
27ecc574-a,CUST1EB859,2026-06-02,Groceries,POS PURCHASE - LOCAL MARKET,395.67,debit,54946.61,False
8dbc1622-0,CUST1EB859,2026-06-02,Dining/Restaurants,POS - LOCAL RESTAURANT,163.13,debit,54783.48,False
fb66055c-c,CUST1EB859,2026-06-02,Healthcare,CLINIC VISIT FEE,591.28,debit,54192.2,False
f72a3dea-4,CUST1EB859,2026-06-04,Transportation,FUEL STATION PURCHASE,17.87,debit,54174.33,False
d67cd656-5,CUST1EB859,2026-06-04,Dining/Restaurants,POS - LOCAL RESTAURANT,768.99,debit,53405.34,False
8e5cd706-d,CUST1EB859,2026-06-05,Rent/Installment,Home Loan Installment - NBE,7476.7,debit,45928.64,False
e569c082-d,CUST1EB859,2026-06-08,Savings Transfer,INTERNAL XFER - SAVINGS,69.66,debit,45858.98,False
a06ccc1e-4,CUST1EB859,2026-06-10,Entertainment,GAMING STORE PURCHASE,776.3,debit,45082.68,False
9c626ef0-7,CUST1EB859,2026-06-11,Utilities,ELECTRICITY BILL PMT,741.58,debit,44341.1,False
bf118c45-7,CUST1EB859,2026-06-11,Transportation,CAREEM RIDE,132.24,debit,44208.86,False
02b7c870-3,CUST1EB859,2026-06-11,Transportation,UBER *TRIP 626,377.19,debit,43831.67,False
df62c51a-d,CUST1EB859,2026-06-12,Groceries,SPINNEYS #402,753.05,debit,43078.62,False
c15ef916-9,CUST1EB859,2026-06-12,Shopping,AMAZON.EG ORDER,105.65,debit,42972.97,False
88b07968-7,CUST1EB859,2026-06-12,Shopping,AMAZON.EG ORDER,72.03,debit,42900.94,False
b5ff23f6-e,CUST1EB859,2026-06-12,Savings Transfer,TRANSFER TO SAVINGS ACCT,690.81,debit,42210.13,False
d9e3b02a-e,CUST1EB859,2026-06-13,Dining/Restaurants,POS - LOCAL RESTAURANT,195.86,debit,42014.27,False
42417713-0,CUST1EB859,2026-06-13,Shopping,AMAZON.EG ORDER,555.85,debit,41458.42,False
3309b41b-d,CUST1EB859,2026-06-13,Savings Transfer,INTERNAL XFER - SAVINGS,117.6,debit,41340.82,False
97359bdf-1,CUST1EB859,2026-06-14,Groceries,CARREFOUR HYPERMARKET,188.59,debit,41152.23,False
5e7c5948-2,CUST1EB859,2026-06-15,Entertainment,CINEMA TICKET PURCHASE,42.19,debit,41110.04,False
703578aa-2,CUST1EB859,2026-06-19,Savings Transfer,INTERNAL XFER - SAVINGS,50.02,debit,41060.02,False
86fe861a-b,CUST1EB859,2026-06-20,Transportation,CAREEM RIDE,437.51,debit,40622.51,False
9ffd50fa-7,CUST1EB859,2026-06-20,Dining/Restaurants,CAFE PURCHASE,5.0,debit,40617.51,False
8f615da8-a,CUST1EB859,2026-06-22,Subscriptions,NETFLIX.COM SUBSCRIPTION,556.74,debit,40060.77,False
135a9ab1-5,CUST1EB859,2026-06-26,Entertainment,NETFLIX PPV CHARGE,565.0,debit,39495.77,False
c417cd76-a,CUST1EB859,2026-06-26,Healthcare,PHARMACY PURCHASE,433.76,debit,39062.01,False
da68c87c-4,CUST1EB859,2026-06-27,Groceries,CARREFOUR HYPERMARKET,625.17,debit,38436.84,False
e12a077d-b,CUST1EB859,2026-06-28,Groceries,CARREFOUR HYPERMARKET,1136.18,debit,37300.66,False
2d3895aa-e,CUST1EB859,2026-06-28,Dining/Restaurants,POS - LOCAL RESTAURANT,303.28,debit,36997.38,False
c8190992-d,CUST82BFDD,2026-01-02,Salary,MONTHLY SALARY CREDIT,33500.0,credit,46051.46,False
0860c0ae-a,CUST82BFDD,2026-01-03,Savings Transfer,TRANSFER TO SAVINGS ACCT,1371.52,debit,44679.94,False
b4d38415-7,CUST82BFDD,2026-01-05,Entertainment,CINEMA TICKET PURCHASE,181.22,debit,44498.72,False
b5e6897a-a,CUST82BFDD,2026-01-06,Dining/Restaurants,MCDONALDS #717,773.79,debit,43724.93,False
c7bcff47-5,CUST82BFDD,2026-01-06,Healthcare,PHARMACY PURCHASE,45.84,debit,43679.09,False
904182a7-6,CUST82BFDD,2026-01-07,Utilities,WATER CO. AUTOPAY,1446.74,debit,42232.35,False
ffb7d942-b,CUST82BFDD,2026-01-08,Subscriptions,GYM MEMBERSHIP AUTOPAY,756.5,debit,41475.85,False
41d5f7af-8,CUST82BFDD,2026-01-09,Transportation,UBER *TRIP 976,14.18,debit,41461.67,False
bdd7d45d-e,CUST82BFDD,2026-01-09,Healthcare,LAB TEST PAYMENT,187.88,debit,41273.79,False
b29e076a-1,CUST82BFDD,2026-01-10,Entertainment,NETFLIX PPV CHARGE,649.05,debit,40624.74,False
ce3410f3-e,CUST82BFDD,2026-01-13,Shopping,ONLINE STORE CHECKOUT,564.56,debit,40060.18,False
492fd463-4,CUST82BFDD,2026-01-14,Dining/Restaurants,POS - LOCAL RESTAURANT,599.0,debit,39461.18,False
8a9d8424-0,CUST82BFDD,2026-01-14,Healthcare,LAB TEST PAYMENT,405.46,debit,39055.72,False
56043c81-c,CUST82BFDD,2026-01-16,Entertainment,CINEMA TICKET PURCHASE,1264.82,debit,37790.9,False
94797ff1-a,CUST82BFDD,2026-01-18,Groceries,CARREFOUR HYPERMARKET,2049.38,debit,35741.52,False
8e1e5baf-3,CUST82BFDD,2026-01-20,Groceries,SPINNEYS #370,589.08,debit,35152.44,False
5125b611-b,CUST82BFDD,2026-01-21,Shopping,AMAZON.EG ORDER,303.34,debit,34849.1,False
9398111e-f,CUST82BFDD,2026-01-22,Groceries,POS PURCHASE - LOCAL MARKET,385.43,debit,34463.67,False
bdd16b6e-3,CUST82BFDD,2026-01-23,Transportation,CAREEM RIDE,2226.44,debit,32237.23,False
e83825fa-a,CUST82BFDD,2026-01-24,Rent/Installment,Home Loan Installment - ONLINE,11510.01,debit,20727.22,False
7cbd268d-4,CUST82BFDD,2026-01-25,Healthcare,PHARMACY PURCHASE,341.6,debit,20385.62,False
23d1cb3d-4,CUST82BFDD,2026-01-26,Transportation,FUEL STATION PURCHASE,53.34,debit,20332.28,False
4f25d2f3-1,CUST82BFDD,2026-01-26,Savings Transfer,INTERNAL XFER - SAVINGS,1294.55,debit,19037.73,False
01c5417d-b,CUST82BFDD,2026-01-27,Shopping,MALL PURCHASE - POS,412.49,debit,18625.24,False
9d74b7d5-7,CUST82BFDD,2026-01-28,Savings Transfer,TRANSFER TO SAVINGS ACCT,106.67,debit,18518.57,False
01f7188b-8,CUST82BFDD,2026-02-02,Dining/Restaurants,POS - LOCAL RESTAURANT,5.0,debit,18513.57,False
8898defa-e,CUST82BFDD,2026-02-02,Healthcare,LAB TEST PAYMENT,560.02,debit,17953.55,False
df1aa6c9-6,CUST82BFDD,2026-02-03,Salary,MONTHLY SALARY CREDIT,33500.0,credit,51453.55,False
4d3bc975-1,CUST82BFDD,2026-02-03,Shopping,MALL PURCHASE - POS,201.88,debit,51251.67,False
971e2ce8-8,CUST82BFDD,2026-02-05,Dining/Restaurants,CAFE PURCHASE,420.02,debit,50831.65,False
5d429171-2,CUST82BFDD,2026-02-05,Savings Transfer,TRANSFER TO SAVINGS ACCT,230.62,debit,50601.03,False
95eec9a0-c,CUST82BFDD,2026-02-06,Groceries,SPINNEYS #740,2311.91,debit,48289.12,False
749166a3-a,CUST82BFDD,2026-02-06,Dining/Restaurants,CAFE PURCHASE,63.0,debit,48226.12,False
8c18e839-c,CUST82BFDD,2026-02-07,Transportation,UBER *TRIP 177,1139.26,debit,47086.86,False
6f109651-2,CUST82BFDD,2026-02-07,Subscriptions,GYM MEMBERSHIP AUTOPAY,769.28,debit,46317.58,False
3f6d6114-6,CUST82BFDD,2026-02-08,Groceries,CARREFOUR HYPERMARKET,318.23,debit,45999.35,False
c27f93d6-b,CUST82BFDD,2026-02-08,Entertainment,GAMING STORE PURCHASE,267.43,debit,45731.92,False
29ba0ae2-d,CUST82BFDD,2026-02-08,Savings Transfer,INTERNAL XFER - SAVINGS,358.87,debit,45373.05,False
511e46a2-8,CUST82BFDD,2026-02-08,Savings Transfer,INTERNAL XFER - SAVINGS,612.49,debit,44760.56,False
109cc766-8,CUST82BFDD,2026-02-09,Shopping,MALL PURCHASE - POS,189.75,debit,44570.81,False
2493385b-0,CUST82BFDD,2026-02-11,Healthcare,CLINIC VISIT FEE,262.34,debit,44308.47,False
943f2c6e-0,CUST82BFDD,2026-02-11,Savings Transfer,INTERNAL XFER - SAVINGS,921.93,debit,43386.54,False
e3602bf1-a,CUST82BFDD,2026-02-12,Entertainment,GAMING STORE PURCHASE,411.25,debit,42975.29,False
324a06cb-4,CUST82BFDD,2026-02-13,Rent/Installment,ACH DEBIT - RENT PAYMENT,11293.96,debit,31681.33,False
4bccd9cf-b,CUST82BFDD,2026-02-13,Transportation,CAREEM RIDE,1236.26,debit,30445.07,False
f60a220e-c,CUST82BFDD,2026-02-14,Entertainment,NETFLIX PPV CHARGE,412.96,debit,30032.11,False
c36bbb1f-d,CUST82BFDD,2026-02-18,Savings Transfer,TRANSFER TO SAVINGS ACCT,599.19,debit,29432.92,False
359cd5e5-d,CUST82BFDD,2026-02-20,Healthcare,LAB TEST PAYMENT,83.22,debit,29349.7,False
c31d5a1b-4,CUST82BFDD,2026-02-20,Healthcare,LAB TEST PAYMENT,169.78,debit,29179.92,False
80eb00a7-4,CUST82BFDD,2026-02-21,Shopping,ONLINE STORE CHECKOUT,71.06,debit,29108.86,False
7d809b5b-8,CUST82BFDD,2026-02-23,Utilities,Internet Bill - NBE,1456.12,debit,27652.74,False
fc5046cf-e,CUST82BFDD,2026-02-24,Transportation,FUEL STATION PURCHASE,61.72,debit,27591.02,False
bee3321c-6,CUST82BFDD,2026-02-24,Dining/Restaurants,MCDONALDS #755,231.92,debit,27359.1,False
2cb5ba9d-4,CUST82BFDD,2026-02-25,Entertainment,NETFLIX PPV CHARGE,549.77,debit,26809.33,False
3831bbc0-8,CUST82BFDD,2026-02-26,Dining/Restaurants,CAFE PURCHASE,568.65,debit,26240.68,False
cf662e36-d,CUST82BFDD,2026-02-26,Shopping,MALL PURCHASE - POS,802.5,debit,25438.18,False
e7471b19-3,CUST82BFDD,2026-02-27,Groceries,SPINNEYS #907,9.98,debit,25428.2,False
a03b1fb9-f,CUST82BFDD,2026-02-27,Entertainment,CINEMA TICKET PURCHASE,392.92,debit,25035.28,False
40287883-a,CUST82BFDD,2026-03-01,Entertainment,GAMING STORE PURCHASE,530.24,debit,24505.04,False
ccc9d48d-9,CUST82BFDD,2026-03-03,Salary,MONTHLY SALARY CREDIT,33500.0,credit,58005.04,False
d93d160f-7,CUST82BFDD,2026-03-03,Transportation,CAREEM RIDE,1184.03,debit,56821.01,False
e0b78d46-b,CUST82BFDD,2026-03-05,Shopping,MALL PURCHASE - POS,56.27,debit,56764.74,False
351a001f-8,CUST82BFDD,2026-03-05,Savings Transfer,TRANSFER TO SAVINGS ACCT,177.55,debit,56587.19,False
806d2a8f-1,CUST82BFDD,2026-03-06,Utilities,ELECTRICITY BILL PMT,1533.58,debit,55053.61,False
c6b3a07d-8,CUST82BFDD,2026-03-06,Healthcare,CLINIC VISIT FEE,383.87,debit,54669.74,False
75bf4e9d-6,CUST82BFDD,2026-03-07,Dining/Restaurants,CAFE PURCHASE,1247.92,debit,53421.82,False
e2b903eb-9,CUST82BFDD,2026-03-07,Entertainment,GAMING STORE PURCHASE,776.42,debit,52645.4,False
37c7792b-b,CUST82BFDD,2026-03-09,Entertainment,GAMING STORE PURCHASE,143.53,debit,52501.87,False
9218e98e-e,CUST82BFDD,2026-03-09,Healthcare,PHARMACY PURCHASE,584.87,debit,51917.0,False
c2f2b393-9,CUST82BFDD,2026-03-09,Savings Transfer,TRANSFER TO SAVINGS ACCT,832.06,debit,51084.94,False
a03e4964-a,CUST82BFDD,2026-03-11,Transportation,FUEL STATION PURCHASE,801.18,debit,50283.76,False
16d26bc2-e,CUST82BFDD,2026-03-12,Savings Transfer,INTERNAL XFER - SAVINGS,1107.31,debit,49176.45,False
f796cc3d-3,CUST82BFDD,2026-03-13,Shopping,AMAZON.EG ORDER,546.47,debit,48629.98,False
6a1ef816-8,CUST82BFDD,2026-03-13,Healthcare,LAB TEST PAYMENT,112.01,debit,48517.97,False
01828401-e,CUST82BFDD,2026-03-14,Entertainment,GAMING STORE PURCHASE,696.86,debit,47821.11,False
56401a3b-c,CUST82BFDD,2026-03-14,Shopping,MALL PURCHASE - POS,34.33,debit,47786.78,False
b88aef39-3,CUST82BFDD,2026-03-14,Shopping,MALL PURCHASE - POS,217.58,debit,47569.2,False
ce3cef42-7,CUST82BFDD,2026-03-17,Subscriptions,SPOTIFY AB,791.15,debit,46778.05,False
c61b522b-d,CUST82BFDD,2026-03-17,Healthcare,CLINIC VISIT FEE,9.6,debit,46768.45,False
1f75c68d-0,CUST82BFDD,2026-03-18,Transportation,FUEL STATION PURCHASE,512.0,debit,46256.45,False
a2462291-6,CUST82BFDD,2026-03-19,Dining/Restaurants,CAFE PURCHASE,15.86,debit,46240.59,False
67f19c19-7,CUST82BFDD,2026-03-19,Savings Transfer,INTERNAL XFER - SAVINGS,981.2,debit,45259.39,False
0977dd3e-2,CUST82BFDD,2026-03-21,Groceries,CARREFOUR HYPERMARKET,922.35,debit,44337.04,False
2c092711-0,CUST82BFDD,2026-03-22,Rent/Installment,Home Loan Installment - ONLINE,10666.85,debit,33670.19,False
a039b92e-6,CUST82BFDD,2026-03-23,Groceries,SPINNEYS #864,1617.91,debit,32052.28,False
6442dc5d-f,CUST82BFDD,2026-03-23,Groceries,SPINNEYS #165,345.18,debit,31707.1,False
44b8b7c5-4,CUST82BFDD,2026-03-24,Shopping,MALL PURCHASE - POS,255.36,debit,31451.74,False
10306d9e-3,CUST82BFDD,2026-03-25,Groceries,POS PURCHASE - LOCAL MARKET,187.29,debit,31264.45,False
d2f91138-7,CUST82BFDD,2026-04-01,Salary,MONTHLY SALARY CREDIT,33500.0,credit,64764.45,False
9e664a4a-3,CUST82BFDD,2026-04-01,Entertainment,GAMING STORE PURCHASE,1034.38,debit,63730.07,False
da48009b-8,CUST82BFDD,2026-04-01,Savings Transfer,INTERNAL XFER - SAVINGS,571.14,debit,63158.93,False
458532d8-b,CUST82BFDD,2026-04-02,Entertainment,CINEMA TICKET PURCHASE,25.52,debit,63133.41,False
2d48992a-d,CUST82BFDD,2026-04-02,Shopping,AMAZON.EG ORDER,290.13,debit,62843.28,False
a9623784-f,CUST82BFDD,2026-04-04,Dining/Restaurants,MCDONALDS #471,37.63,debit,62805.65,False
253354f6-f,CUST82BFDD,2026-04-05,Subscriptions,NETFLIX.COM SUBSCRIPTION,818.55,debit,61987.1,False
715ad472-3,CUST82BFDD,2026-04-07,Groceries,CARREFOUR HYPERMARKET,267.77,debit,61719.33,False
c83a4d78-1,CUST82BFDD,2026-04-08,Transportation,UBER *TRIP 723,1166.3,debit,60553.03,False
b714e997-b,CUST82BFDD,2026-04-09,Entertainment,GAMING STORE PURCHASE,466.37,debit,60086.66,False
27e2e3f8-7,CUST82BFDD,2026-04-10,Dining/Restaurants,POS - LOCAL RESTAURANT,111.16,debit,59975.5,False
f85a985f-a,CUST82BFDD,2026-04-10,Healthcare,PHARMACY PURCHASE,11.45,debit,59964.05,False
67ce4bde-8,CUST82BFDD,2026-04-11,Dining/Restaurants,MCDONALDS #668,374.15,debit,59589.9,False
34d38347-2,CUST82BFDD,2026-04-11,Shopping,ONLINE STORE CHECKOUT,169.69,debit,59420.21,False
1221851b-f,CUST82BFDD,2026-04-14,Savings Transfer,TRANSFER TO SAVINGS ACCT,330.88,debit,59089.33,False
d8938722-5,CUST82BFDD,2026-04-15,Groceries,CARREFOUR HYPERMARKET,2163.06,debit,56926.27,False
63be6859-9,CUST82BFDD,2026-04-16,Dining/Restaurants,MCDONALDS #960,821.47,debit,56104.8,False
f3ea4528-0,CUST82BFDD,2026-04-17,Groceries,POS PURCHASE - LOCAL MARKET,393.21,debit,55711.59,False
05a7635c-2,CUST82BFDD,2026-04-17,Shopping,ONLINE STORE CHECKOUT,408.37,debit,55303.22,False
915c8ffd-7,CUST82BFDD,2026-04-17,Healthcare,LAB TEST PAYMENT,352.2,debit,54951.02,False
94499509-1,CUST82BFDD,2026-04-17,Savings Transfer,INTERNAL XFER - SAVINGS,1061.55,debit,53889.47,False
52bad684-7,CUST82BFDD,2026-04-18,Utilities,WATER CO. AUTOPAY,1447.31,debit,52442.16,False
578d74d0-c,CUST82BFDD,2026-04-19,Entertainment,GAMING STORE PURCHASE,29.79,debit,52412.37,False
d6a07c99-2,CUST82BFDD,2026-04-20,Dining/Restaurants,POS - LOCAL RESTAURANT,33.02,debit,52379.35,False
00a90171-9,CUST82BFDD,2026-04-20,Healthcare,CLINIC VISIT FEE,483.89,debit,51895.46,False
66e4e40f-c,CUST82BFDD,2026-04-21,Entertainment,GAMING STORE PURCHASE,545.73,debit,51349.73,False
5f2ef798-d,CUST82BFDD,2026-04-22,Transportation,FUEL STATION PURCHASE,9.84,debit,51339.89,False
1f5f1ff0-b,CUST82BFDD,2026-04-24,Transportation,UBER *TRIP 317,411.59,debit,50928.3,False
e85daf08-5,CUST82BFDD,2026-04-24,Healthcare,CLINIC VISIT FEE,64.58,debit,50863.72,False
1884be88-7,CUST82BFDD,2026-04-24,Healthcare,PHARMACY PURCHASE,139.19,debit,50724.53,False
a1f00560-d,CUST82BFDD,2026-04-25,Transportation,CAREEM RIDE,569.85,debit,50154.68,False
a1015728-c,CUST82BFDD,2026-04-25,Savings Transfer,TRANSFER TO SAVINGS ACCT,714.18,debit,49440.5,False
e40a3c74-6,CUST82BFDD,2026-04-26,Groceries,SPINNEYS #257,138.28,debit,49302.22,False
41bbec92-0,CUST82BFDD,2026-04-27,Rent/Installment,ACH DEBIT - RENT PAYMENT,12365.9,debit,36936.32,False
ad85c159-5,CUST82BFDD,2026-04-27,Shopping,AMAZON.EG ORDER,205.32,debit,36731.0,False
9dd7386b-2,CUST82BFDD,2026-05-01,Healthcare,LAB TEST PAYMENT,58.42,debit,36672.58,False
aaf54193-7,CUST82BFDD,2026-05-02,Salary,MONTHLY SALARY CREDIT,33500.0,credit,70172.58,False
6886ea96-2,CUST82BFDD,2026-05-03,Groceries,SPINNEYS #194,490.58,debit,69682.0,False
67c60db4-7,CUST82BFDD,2026-05-03,Shopping,MALL PURCHASE - POS,118.18,debit,69563.82,False
ada6810e-b,CUST82BFDD,2026-05-03,Healthcare,PHARMACY PURCHASE,615.31,debit,68948.51,False
6ec61ac9-6,CUST82BFDD,2026-05-04,Savings Transfer,TRANSFER TO SAVINGS ACCT,982.21,debit,67966.3,False
147c1c69-c,CUST82BFDD,2026-05-05,Transportation,UBER *TRIP 236,54.71,debit,67911.59,False
46bee483-7,CUST82BFDD,2026-05-06,Transportation,UBER *TRIP 582,881.59,debit,67030.0,False
3cbb44e0-f,CUST82BFDD,2026-05-07,Groceries,POS PURCHASE - LOCAL MARKET,6.42,debit,67023.58,False
ee6f7a33-c,CUST82BFDD,2026-05-10,Subscriptions,SPOTIFY AB,774.66,debit,66248.92,False
408bbd91-3,CUST82BFDD,2026-05-11,Shopping,MALL PURCHASE - POS,539.38,debit,65709.54,False
9f177837-c,CUST82BFDD,2026-05-11,Savings Transfer,TRANSFER TO SAVINGS ACCT,1687.09,debit,64022.45,False
791cb2be-b,CUST82BFDD,2026-05-13,Groceries,SPINNEYS #941,404.32,debit,63618.13,False
42847721-c,CUST82BFDD,2026-05-13,Healthcare,LAB TEST PAYMENT,189.25,debit,63428.88,False
c1a549ae-7,CUST82BFDD,2026-05-15,Entertainment,GAMING STORE PURCHASE,754.92,debit,62673.96,False
777dec23-c,CUST82BFDD,2026-05-16,Utilities,WATER CO. AUTOPAY,1451.27,debit,61222.69,False
781d1727-1,CUST82BFDD,2026-05-16,Transportation,UBER *TRIP 561,405.12,debit,60817.57,False
4112a0a6-c,CUST82BFDD,2026-05-17,Groceries,CARREFOUR HYPERMARKET,1137.66,debit,59679.91,False
af657f0d-e,CUST82BFDD,2026-05-17,Transportation,FUEL STATION PURCHASE,68.11,debit,59611.8,False
014667d2-7,CUST82BFDD,2026-05-17,Healthcare,CLINIC VISIT FEE,183.16,debit,59428.64,False
f10a672f-8,CUST82BFDD,2026-05-17,Healthcare,PHARMACY PURCHASE,46.38,debit,59382.26,False
e3514045-d,CUST82BFDD,2026-05-18,Entertainment,NETFLIX PPV CHARGE,1540.36,debit,57841.9,False
763e6e2f-4,CUST82BFDD,2026-05-22,Shopping,AMAZON.EG ORDER,126.49,debit,57715.41,False
0d026c45-a,CUST82BFDD,2026-05-24,Transportation,UBER *TRIP 325,928.01,debit,56787.4,False
2ed04708-2,CUST82BFDD,2026-05-24,Shopping,AMAZON.EG ORDER,121.19,debit,56666.21,False
897c11e4-6,CUST82BFDD,2026-05-25,Rent/Installment,Home Loan Installment - AUTOPAY,12167.07,debit,44499.14,False
9a6141ad-7,CUST82BFDD,2026-05-26,Groceries,CARREFOUR HYPERMARKET,543.27,debit,43955.87,False
3fc01a43-0,CUST82BFDD,2026-05-27,Dining/Restaurants,POS - LOCAL RESTAURANT,49.5,debit,43906.37,False
35be440b-1,CUST82BFDD,2026-05-27,Shopping,ONLINE STORE CHECKOUT,229.89,debit,43676.48,False
385d878a-3,CUST82BFDD,2026-05-28,Dining/Restaurants,CAFE PURCHASE,1328.93,debit,42347.55,False
8a14c4ab-2,CUST82BFDD,2026-06-02,Dining/Restaurants,POS - LOCAL RESTAURANT,94.6,debit,42252.95,False
41eb52e4-f,CUST82BFDD,2026-06-03,Salary,MONTHLY SALARY CREDIT,33500.0,credit,75752.95,False
fbec6999-7,CUST82BFDD,2026-06-03,Dining/Restaurants,CAFE PURCHASE,204.93,debit,75548.02,False
a0e12e97-8,CUST82BFDD,2026-06-03,Savings Transfer,INTERNAL XFER - SAVINGS,1036.86,debit,74511.16,False
d1b39484-e,CUST82BFDD,2026-06-04,Groceries,CARREFOUR HYPERMARKET,92.75,debit,74418.41,False
0e2716d6-b,CUST82BFDD,2026-06-04,Entertainment,CINEMA TICKET PURCHASE,659.12,debit,73759.29,False
07d2d68a-e,CUST82BFDD,2026-06-05,Utilities,ELECTRICITY BILL PMT,1478.05,debit,72281.24,False
1fa6581c-7,CUST82BFDD,2026-06-05,Groceries,CARREFOUR HYPERMARKET,889.26,debit,71391.98,False
a0c31010-7,CUST82BFDD,2026-06-07,Transportation,CAREEM RIDE,848.91,debit,70543.07,False
0db26228-1,CUST82BFDD,2026-06-08,Shopping,ONLINE STORE CHECKOUT,747.05,debit,69796.02,False
69faed66-3,CUST82BFDD,2026-06-09,Groceries,POS PURCHASE - LOCAL MARKET,86.75,debit,69709.27,False
cee0629d-9,CUST82BFDD,2026-06-09,Entertainment,NETFLIX PPV CHARGE,1177.79,debit,68531.48,False
3ae9a858-c,CUST82BFDD,2026-06-11,Dining/Restaurants,POS - LOCAL RESTAURANT,380.69,debit,68150.79,False
a44a2013-8,CUST82BFDD,2026-06-12,Entertainment,GAMING STORE PURCHASE,443.07,debit,67707.72,False
e6afe86a-0,CUST82BFDD,2026-06-13,Rent/Installment,Monthly Rent Transfer,11715.89,debit,55991.83,False
213ca494-c,CUST82BFDD,2026-06-14,Healthcare,LAB TEST PAYMENT,775.47,debit,55216.36,False
744c0edb-1,CUST82BFDD,2026-06-14,Healthcare,CLINIC VISIT FEE,27.69,debit,55188.67,False
c03889dc-a,CUST82BFDD,2026-06-15,Subscriptions,SPOTIFY AB,778.48,debit,54410.19,False
e917f836-6,CUST82BFDD,2026-06-16,Transportation,CAREEM RIDE,1022.52,debit,53387.67,False
baeb0c15-e,CUST82BFDD,2026-06-18,Groceries,POS PURCHASE - LOCAL MARKET,519.57,debit,52868.1,False
0ed218c5-4,CUST82BFDD,2026-06-18,Shopping,MALL PURCHASE - POS,58.47,debit,52809.63,False
ae457774-0,CUST82BFDD,2026-06-19,Groceries,POS PURCHASE - LOCAL MARKET,942.47,debit,51867.16,False
cba837ca-7,CUST82BFDD,2026-06-20,Transportation,CAREEM RIDE,384.42,debit,51482.74,False
c8174186-3,CUST82BFDD,2026-06-20,Shopping,AMAZON.EG ORDER,56.22,debit,51426.52,False
3bac6dad-4,CUST82BFDD,2026-06-20,Savings Transfer,INTERNAL XFER - SAVINGS,472.69,debit,50953.83,False
b24031bf-6,CUST82BFDD,2026-06-21,Shopping,MALL PURCHASE - POS,227.57,debit,50726.26,False
b8d973f6-e,CUST82BFDD,2026-06-22,Dining/Restaurants,MCDONALDS #202,565.98,debit,50160.28,False
d46c4ae6-f,CUST82BFDD,2026-06-22,Dining/Restaurants,POS - LOCAL RESTAURANT,33.54,debit,50126.74,False
3490a4d3-8,CUST82BFDD,2026-06-23,Transportation,CAREEM RIDE,115.86,debit,50010.88,False
ce138cda-7,CUST82BFDD,2026-06-26,Transportation,FUEL STATION PURCHASE,135.07,debit,49875.81,False
523260c2-2,CUST82BFDD,2026-06-26,Healthcare,LAB TEST PAYMENT,242.79,debit,49633.02,False
fcbd16df-7,CUST82BFDD,2026-06-28,Shopping,AMAZON.EG ORDER,57.52,debit,49575.5,False
8f92e0d4-2,CUST82BFDD,2026-06-28,Savings Transfer,INTERNAL XFER - SAVINGS,1107.82,debit,48467.68,False
a0daecbd-3,CUST04F1D1,2026-01-01,Salary,MONTHLY SALARY CREDIT,20400.0,credit,32258.97,False
91675bce-6,CUST04F1D1,2026-01-03,Transportation,FUEL STATION PURCHASE,643.39,debit,31615.58,False
82cd5d0f-8,CUST04F1D1,2026-01-04,Entertainment,CINEMA TICKET PURCHASE,99.63,debit,31515.95,False
18f924d6-7,CUST04F1D1,2026-01-05,Shopping,ONLINE STORE CHECKOUT,833.06,debit,30682.89,False
7cbc069a-3,CUST04F1D1,2026-01-05,Healthcare,CLINIC VISIT FEE,43.83,debit,30639.06,False
37b3cece-0,CUST04F1D1,2026-01-06,Groceries,SPINNEYS #192,543.93,debit,30095.13,False
e289086f-9,CUST04F1D1,2026-01-06,Dining/Restaurants,MCDONALDS #178,759.12,debit,29336.01,False
5643adb2-8,CUST04F1D1,2026-01-07,Entertainment,GAMING STORE PURCHASE,230.15,debit,29105.86,False
95240bf7-d,CUST04F1D1,2026-01-08,Healthcare,CLINIC VISIT FEE,86.03,debit,29019.83,False
e363bebc-3,CUST04F1D1,2026-01-08,Savings Transfer,INTERNAL XFER - SAVINGS,166.47,debit,28853.36,False
0077b1c5-4,CUST04F1D1,2026-01-09,Groceries,POS PURCHASE - LOCAL MARKET,9.76,debit,28843.6,False
0d188171-1,CUST04F1D1,2026-01-12,Transportation,FUEL STATION PURCHASE,101.72,debit,28741.88,False
6dfbbce1-1,CUST04F1D1,2026-01-12,Transportation,FUEL STATION PURCHASE,210.98,debit,28530.9,False
8aa88a5b-1,CUST04F1D1,2026-01-13,Transportation,CAREEM RIDE,28.91,debit,28501.99,False
13eba81c-d,CUST04F1D1,2026-01-13,Transportation,UBER *TRIP 844,221.13,debit,28280.86,False
20fa576c-c,CUST04F1D1,2026-01-13,Entertainment,GAMING STORE PURCHASE,385.54,debit,27895.32,False
8ad69553-d,CUST04F1D1,2026-01-13,Healthcare,CLINIC VISIT FEE,54.97,debit,27840.35,False
f477b9c2-a,CUST04F1D1,2026-01-14,Healthcare,CLINIC VISIT FEE,108.44,debit,27731.91,False
4ebfc075-d,CUST04F1D1,2026-01-15,Dining/Restaurants,MCDONALDS #444,560.38,debit,27171.53,False
fa88c385-6,CUST04F1D1,2026-01-18,Rent/Installment,Monthly Rent Transfer,4725.97,debit,22445.56,False
90b3696e-a,CUST04F1D1,2026-01-18,Groceries,SPINNEYS #741,847.66,debit,21597.9,False
316fa515-7,CUST04F1D1,2026-01-18,Savings Transfer,TRANSFER TO SAVINGS ACCT,704.17,debit,20893.73,False
8797338d-a,CUST04F1D1,2026-01-19,Utilities,ELECTRICITY BILL PMT,621.53,debit,20272.2,False
50afc54e-c,CUST04F1D1,2026-01-19,Entertainment,NETFLIX PPV CHARGE,374.05,debit,19898.15,False
2c9c17e9-c,CUST04F1D1,2026-01-20,Healthcare,LAB TEST PAYMENT,5.0,debit,19893.15,False
9945e26a-9,CUST04F1D1,2026-01-22,Shopping,ONLINE STORE CHECKOUT,179.54,debit,19713.61,False
936cb37a-7,CUST04F1D1,2026-01-24,Savings Transfer,INTERNAL XFER - SAVINGS,375.0,debit,19338.61,False
566cdaf1-3,CUST04F1D1,2026-01-25,Shopping,AMAZON.EG ORDER,395.81,debit,18942.8,False
497c02ba-f,CUST04F1D1,2026-01-27,Entertainment,NETFLIX PPV CHARGE,298.14,debit,18644.66,False
c77a5602-8,CUST04F1D1,2026-01-28,Groceries,POS PURCHASE - LOCAL MARKET,997.26,debit,17647.4,False
4918ffe6-4,CUST04F1D1,2026-01-28,Subscriptions,GYM MEMBERSHIP AUTOPAY,483.56,debit,17163.84,False
b842ff59-1,CUST04F1D1,2026-02-01,Salary,MONTHLY SALARY CREDIT,20400.0,credit,37563.84,False
8f6424fb-1,CUST04F1D1,2026-02-01,Groceries,POS PURCHASE - LOCAL MARKET,652.53,debit,36911.31,False
44eca57b-6,CUST04F1D1,2026-02-01,Savings Transfer,INTERNAL XFER - SAVINGS,585.14,debit,36326.17,False
20ceb5e7-9,CUST04F1D1,2026-02-04,Savings Transfer,INTERNAL XFER - SAVINGS,275.99,debit,36050.18,False
32e72c5d-8,CUST04F1D1,2026-02-06,Entertainment,GAMING STORE PURCHASE,1255.3,debit,34794.88,False
49ed0336-a,CUST04F1D1,2026-02-06,Shopping,ONLINE STORE CHECKOUT,239.72,debit,34555.16,False
68bb507d-1,CUST04F1D1,2026-02-07,Savings Transfer,TRANSFER TO SAVINGS ACCT,310.4,debit,34244.76,False
39b939dc-b,CUST04F1D1,2026-02-08,Groceries,SPINNEYS #164,5.0,debit,34239.76,False
b501d9f6-6,CUST04F1D1,2026-02-08,Transportation,CAREEM RIDE,714.03,debit,33525.73,False
3caceb89-0,CUST04F1D1,2026-02-09,Shopping,MALL PURCHASE - POS,1113.84,debit,32411.89,False
1f0a4f6a-5,CUST04F1D1,2026-02-10,Groceries,SPINNEYS #469,303.32,debit,32108.57,False
146b5732-e,CUST04F1D1,2026-02-10,Groceries,CARREFOUR HYPERMARKET,1418.51,debit,30690.06,False
82164b0d-e,CUST04F1D1,2026-02-10,Subscriptions,SPOTIFY AB,498.08,debit,30191.98,False
95936361-c,CUST04F1D1,2026-02-12,Healthcare,CLINIC VISIT FEE,89.4,debit,30102.58,False
180494e4-2,CUST04F1D1,2026-02-13,Transportation,UBER *TRIP 168,585.18,debit,29517.4,False
4c970c27-3,CUST04F1D1,2026-02-15,Savings Transfer,INTERNAL XFER - SAVINGS,222.53,debit,29294.87,False
d650692b-8,CUST04F1D1,2026-02-16,Rent/Installment,Home Loan Installment - ONLINE,5086.44,debit,24208.43,False
0cbc9d8c-6,CUST04F1D1,2026-02-16,Utilities,WATER CO. AUTOPAY,618.57,debit,23589.86,False
e21b3270-c,CUST04F1D1,2026-02-16,Dining/Restaurants,CAFE PURCHASE,202.99,debit,23386.87,False
283b12ae-5,CUST04F1D1,2026-02-18,Shopping,MALL PURCHASE - POS,71.16,debit,23315.71,False
78795c73-4,CUST04F1D1,2026-02-21,Dining/Restaurants,POS - LOCAL RESTAURANT,822.96,debit,22492.75,False
8be7341f-3,CUST04F1D1,2026-02-24,Healthcare,LAB TEST PAYMENT,264.41,debit,22228.34,False
b3702e1d-1,CUST04F1D1,2026-02-25,Dining/Restaurants,MCDONALDS #754,118.06,debit,22110.28,False
5d580489-5,CUST04F1D1,2026-02-28,Dining/Restaurants,POS - LOCAL RESTAURANT,136.18,debit,21974.1,False
ac916051-4,CUST04F1D1,2026-02-28,Entertainment,GAMING STORE PURCHASE,33.94,debit,21940.16,False
685dea20-7,CUST04F1D1,2026-03-01,Transportation,CAREEM RIDE,1135.45,debit,20804.71,False
9d852b7b-3,CUST04F1D1,2026-03-01,Shopping,MALL PURCHASE - POS,199.66,debit,20605.05,False
3269ec98-1,CUST04F1D1,2026-03-01,Subscriptions,NETFLIX.COM SUBSCRIPTION,497.47,debit,20107.58,False
8ca735a3-6,CUST04F1D1,2026-03-02,Salary,MONTHLY SALARY CREDIT,20400.0,credit,40507.58,False
0e671863-2,CUST04F1D1,2026-03-02,Shopping,AMAZON.EG ORDER,833.74,debit,39673.84,False
7dca3ba4-6,CUST04F1D1,2026-03-03,Transportation,FUEL STATION PURCHASE,65.72,debit,39608.12,False
83978fec-6,CUST04F1D1,2026-03-03,Dining/Restaurants,POS - LOCAL RESTAURANT,422.45,debit,39185.67,False
75ded631-2,CUST04F1D1,2026-03-04,Shopping,AMAZON.EG ORDER,183.58,debit,39002.09,False
86774cb4-1,CUST04F1D1,2026-03-05,Dining/Restaurants,POS - LOCAL RESTAURANT,12.11,debit,38989.98,False
54bfda08-6,CUST04F1D1,2026-03-05,Healthcare,PHARMACY PURCHASE,65.71,debit,38924.27,False
2c6a814a-2,CUST04F1D1,2026-03-05,Savings Transfer,TRANSFER TO SAVINGS ACCT,517.02,debit,38407.25,False
62bae950-9,CUST04F1D1,2026-03-06,Entertainment,CINEMA TICKET PURCHASE,17.12,debit,38390.13,False
7fd60640-4,CUST04F1D1,2026-03-08,Groceries,SPINNEYS #592,686.04,debit,37704.09,False
be965f94-c,CUST04F1D1,2026-03-08,Healthcare,LAB TEST PAYMENT,82.96,debit,37621.13,False
0a2e70c7-2,CUST04F1D1,2026-03-09,Shopping,MALL PURCHASE - POS,112.31,debit,37508.82,False
45d3f7cb-6,CUST04F1D1,2026-03-09,Healthcare,PHARMACY PURCHASE,170.63,debit,37338.19,False
22c46e7b-3,CUST04F1D1,2026-03-10,Groceries,CARREFOUR HYPERMARKET,1095.72,debit,36242.47,False
3d58c30d-e,CUST04F1D1,2026-03-11,Groceries,CARREFOUR HYPERMARKET,547.62,debit,35694.85,False
0dcdb07d-5,CUST04F1D1,2026-03-15,Rent/Installment,Home Loan Installment - AUTOPAY,4514.98,debit,31179.87,False
3531a3bb-7,CUST04F1D1,2026-03-15,Dining/Restaurants,MCDONALDS #516,344.69,debit,30835.18,False
9b058cd2-8,CUST04F1D1,2026-03-17,Utilities,ELECTRICITY BILL PMT,674.56,debit,30160.62,False
3ed4b377-6,CUST04F1D1,2026-03-17,Entertainment,NETFLIX PPV CHARGE,29.38,debit,30131.24,False
2afdb2b6-5,CUST04F1D1,2026-03-18,Groceries,SPINNEYS #349,148.09,debit,29983.15,False
6ff34069-8,CUST04F1D1,2026-03-18,Dining/Restaurants,CAFE PURCHASE,21.62,debit,29961.53,False
e9369c43-f,CUST04F1D1,2026-03-21,Entertainment,GAMING STORE PURCHASE,1352.38,debit,28609.15,False
cc005c29-a,CUST04F1D1,2026-03-22,Dining/Restaurants,MCDONALDS #350,343.55,debit,28265.6,False
88a695f8-d,CUST04F1D1,2026-03-24,Savings Transfer,TRANSFER TO SAVINGS ACCT,871.18,debit,27394.42,False
23175a57-f,CUST04F1D1,2026-04-01,Salary,MONTHLY SALARY CREDIT,20400.0,credit,47794.42,False
0b8435bb-3,CUST04F1D1,2026-04-03,Savings Transfer,TRANSFER TO SAVINGS ACCT,420.64,debit,47373.78,False
cedc0ed6-b,CUST04F1D1,2026-04-04,Utilities,ELECTRICITY BILL PMT,646.99,debit,46726.79,False
8d3a213c-4,CUST04F1D1,2026-04-04,Groceries,CARREFOUR HYPERMARKET,1190.72,debit,45536.07,False
a073c858-d,CUST04F1D1,2026-04-04,Shopping,MALL PURCHASE - POS,444.35,debit,45091.72,False
3b93bb2f-1,CUST04F1D1,2026-04-05,Healthcare,LAB TEST PAYMENT,71.39,debit,45020.33,False
78ce875f-5,CUST04F1D1,2026-04-05,Healthcare,CLINIC VISIT FEE,106.56,debit,44913.77,False
3be9ba87-8,CUST04F1D1,2026-04-06,Entertainment,NETFLIX PPV CHARGE,70.21,debit,44843.56,False
4c0c67cf-3,CUST04F1D1,2026-04-07,Savings Transfer,INTERNAL XFER - SAVINGS,139.18,debit,44704.38,False
edd39cc8-f,CUST04F1D1,2026-04-08,Shopping,AMAZON.EG ORDER,136.22,debit,44568.16,False
e0cfa196-f,CUST04F1D1,2026-04-09,Rent/Installment,Monthly Rent Transfer,4961.01,debit,39607.15,False
6b1f25ee-3,CUST04F1D1,2026-04-09,Entertainment,NETFLIX PPV CHARGE,677.74,debit,38929.41,False
5e1734ea-1,CUST04F1D1,2026-04-10,Transportation,CAREEM RIDE,359.59,debit,38569.82,False
f4a7ee86-5,CUST04F1D1,2026-04-11,Savings Transfer,INTERNAL XFER - SAVINGS,575.72,debit,37994.1,False
2d75ab51-3,CUST04F1D1,2026-04-13,Entertainment,CINEMA TICKET PURCHASE,227.6,debit,37766.5,False
d1bdddd1-0,CUST04F1D1,2026-04-14,Transportation,UBER *TRIP 277,232.0,debit,37534.5,False
6a3875dc-2,CUST04F1D1,2026-04-16,Dining/Restaurants,CAFE PURCHASE,300.83,debit,37233.67,False
ab5ce783-5,CUST04F1D1,2026-04-18,Healthcare,CLINIC VISIT FEE,33.83,debit,37199.84,False
7dbb85f9-9,CUST04F1D1,2026-04-19,Transportation,FUEL STATION PURCHASE,590.18,debit,36609.66,False
63c03b42-b,CUST04F1D1,2026-04-19,Dining/Restaurants,POS - LOCAL RESTAURANT,862.25,debit,35747.41,False
631cf75c-6,CUST04F1D1,2026-04-20,Shopping,MALL PURCHASE - POS,820.64,debit,34926.77,False
e67c8db2-8,CUST04F1D1,2026-04-21,Savings Transfer,TRANSFER TO SAVINGS ACCT,219.07,debit,34707.7,False
3f4ace9c-d,CUST04F1D1,2026-04-23,Shopping,MALL PURCHASE - POS,205.06,debit,34502.64,False
4e152332-4,CUST04F1D1,2026-04-23,Healthcare,LAB TEST PAYMENT,108.16,debit,34394.48,False
fbc4f423-f,CUST04F1D1,2026-04-24,Groceries,POS PURCHASE - LOCAL MARKET,1009.5,debit,33384.98,False
bdbc0548-b,CUST04F1D1,2026-04-25,Dining/Restaurants,POS - LOCAL RESTAURANT,18.6,debit,33366.38,False
92b2d70f-1,CUST04F1D1,2026-04-25,Subscriptions,SPOTIFY AB,528.08,debit,32838.3,False
24c7f168-c,CUST04F1D1,2026-04-27,Groceries,SPINNEYS #795,102.81,debit,32735.49,False
406c7eba-3,CUST04F1D1,2026-04-27,Entertainment,NETFLIX PPV CHARGE,307.8,debit,32427.69,False
b35214ad-0,CUST04F1D1,2026-04-28,Savings Transfer,INTERNAL XFER - SAVINGS,57.83,debit,32369.86,False
5e34b4d5-5,CUST04F1D1,2026-05-01,Transportation,FUEL STATION PURCHASE,633.97,debit,31735.89,False
d912cc4b-6,CUST04F1D1,2026-05-01,Healthcare,PHARMACY PURCHASE,272.31,debit,31463.58,False
8be4e04b-2,CUST04F1D1,2026-05-03,Salary,MONTHLY SALARY CREDIT,20400.0,credit,51863.58,False
20068848-d,CUST04F1D1,2026-05-03,Groceries,CARREFOUR HYPERMARKET,1480.49,debit,50383.09,False
493b2006-b,CUST04F1D1,2026-05-04,Transportation,CAREEM RIDE,46.17,debit,50336.92,False
aabae907-e,CUST04F1D1,2026-05-04,Shopping,AMAZON.EG ORDER,560.37,debit,49776.55,False
cfa4fdea-c,CUST04F1D1,2026-05-04,Healthcare,PHARMACY PURCHASE,76.33,debit,49700.22,False
2d917f37-d,CUST04F1D1,2026-05-04,Healthcare,PHARMACY PURCHASE,5.0,debit,49695.22,False
b9d6d5bf-7,CUST04F1D1,2026-05-05,Transportation,CAREEM RIDE,111.42,debit,49583.8,False
861ef75c-e,CUST04F1D1,2026-05-07,Entertainment,CINEMA TICKET PURCHASE,10.92,debit,49572.88,False
f9d06f66-4,CUST04F1D1,2026-05-07,Savings Transfer,TRANSFER TO SAVINGS ACCT,43.24,debit,49529.64,False
cdb12cb0-5,CUST04F1D1,2026-05-09,Savings Transfer,TRANSFER TO SAVINGS ACCT,889.91,debit,48639.73,False
57ae0cb6-9,CUST04F1D1,2026-05-10,Utilities,Internet Bill - ONLINE,690.1,debit,47949.63,False
e120f358-9,CUST04F1D1,2026-05-10,Dining/Restaurants,POS - LOCAL RESTAURANT,155.21,debit,47794.42,False
f8e2d3a2-1,CUST04F1D1,2026-05-10,Entertainment,NETFLIX PPV CHARGE,311.72,debit,47482.7,False
61343051-9,CUST04F1D1,2026-05-12,Groceries,CARREFOUR HYPERMARKET,1051.47,debit,46431.23,False
35adb892-3,CUST04F1D1,2026-05-13,Dining/Restaurants,MCDONALDS #431,27.38,debit,46403.85,False
bb095794-9,CUST04F1D1,2026-05-14,Transportation,CAREEM RIDE,318.01,debit,46085.84,False
ca509f89-8,CUST04F1D1,2026-05-14,Savings Transfer,INTERNAL XFER - SAVINGS,29.31,debit,46056.53,False
eb660b5e-f,CUST04F1D1,2026-05-17,Shopping,ONLINE STORE CHECKOUT,16.56,debit,46039.97,False
ec98d117-9,CUST04F1D1,2026-05-19,Dining/Restaurants,POS - LOCAL RESTAURANT,1134.69,debit,44905.28,False
c0ad513a-2,CUST04F1D1,2026-05-19,Shopping,MALL PURCHASE - POS,623.52,debit,44281.76,False
4f7983f4-8,CUST04F1D1,2026-05-21,Entertainment,CINEMA TICKET PURCHASE,961.05,debit,43320.71,False
436f6c85-4,CUST04F1D1,2026-05-22,Subscriptions,NETFLIX.COM SUBSCRIPTION,482.11,debit,42838.6,False
3526beae-5,CUST04F1D1,2026-05-22,Savings Transfer,INTERNAL XFER - SAVINGS,313.42,debit,42525.18,False
5246c674-2,CUST04F1D1,2026-05-23,Transportation,UBER *TRIP 893,151.07,debit,42374.11,False
d455efc0-b,CUST04F1D1,2026-05-23,Shopping,MALL PURCHASE - POS,258.61,debit,42115.5,False
0358f048-0,CUST04F1D1,2026-05-26,Rent/Installment,ACH DEBIT - RENT PAYMENT,4270.35,debit,37845.15,False
5ce8437e-7,CUST04F1D1,2026-06-01,Groceries,SPINNEYS #692,2352.8,debit,35492.35,False
ef0b350c-a,CUST04F1D1,2026-06-02,Salary,MONTHLY SALARY CREDIT,20400.0,credit,55892.35,False
a4db15d5-a,CUST04F1D1,2026-06-04,Shopping,MALL PURCHASE - POS,5.02,debit,55887.33,False
40f19476-8,CUST04F1D1,2026-06-04,Healthcare,LAB TEST PAYMENT,5.0,debit,55882.33,False
f111b716-c,CUST04F1D1,2026-06-05,Transportation,FUEL STATION PURCHASE,1067.3,debit,54815.03,False
a359e412-6,CUST04F1D1,2026-06-06,Healthcare,LAB TEST PAYMENT,93.24,debit,54721.79,False
2ff33e2e-2,CUST04F1D1,2026-06-07,Shopping,AMAZON.EG ORDER,293.46,debit,54428.33,False
8a45ef99-5,CUST04F1D1,2026-06-07,Healthcare,PHARMACY PURCHASE,27.03,debit,54401.3,False
9df1de9d-8,CUST04F1D1,2026-06-10,Transportation,FUEL STATION PURCHASE,53.3,debit,54348.0,False
f2359cd8-c,CUST04F1D1,2026-06-10,Savings Transfer,INTERNAL XFER - SAVINGS,1086.19,debit,53261.81,False
88cb759e-b,CUST04F1D1,2026-06-15,Healthcare,LAB TEST PAYMENT,64.55,debit,53197.26,False
6c36a030-f,CUST04F1D1,2026-06-18,Groceries,CARREFOUR HYPERMARKET,92.75,debit,53104.51,False
9fd7fc05-e,CUST04F1D1,2026-06-18,Dining/Restaurants,MCDONALDS #865,544.79,debit,52559.72,False
3341491b-0,CUST04F1D1,2026-06-18,Subscriptions,SPOTIFY AB,451.64,debit,52108.08,False
fb51e9c0-7,CUST04F1D1,2026-06-19,Rent/Installment,Monthly Rent Transfer,4288.71,debit,47819.37,False
100c8f7d-d,CUST04F1D1,2026-06-20,Dining/Restaurants,CAFE PURCHASE,803.03,debit,47016.34,False
f5d9265a-0,CUST04F1D1,2026-06-23,Groceries,POS PURCHASE - LOCAL MARKET,14.82,debit,47001.52,False
efe69a64-0,CUST04F1D1,2026-06-23,Shopping,MALL PURCHASE - POS,1102.08,debit,45899.44,False
7b97341b-f,CUST04F1D1,2026-06-24,Utilities,ELECTRICITY BILL PMT,652.7,debit,45246.74,False
1df8330a-5,CUST04F1D1,2026-06-24,Entertainment,NETFLIX PPV CHARGE,58.23,debit,45188.51,False
39c2cfcf-a,CUST04F1D1,2026-06-25,Entertainment,CINEMA TICKET PURCHASE,1229.22,debit,43959.29,False
dc118403-d,CUST04F1D1,2026-06-27,Savings Transfer,INTERNAL XFER - SAVINGS,147.04,debit,43812.25,False
27afa753-0,CUST04F1D1,2026-06-28,Healthcare,PHARMACY PURCHASE,124.06,debit,43688.19,False
bbbaeb82-d,CUST012A31,2026-01-01,Salary,MONTHLY SALARY CREDIT,30800.0,credit,44940.53,False
2689ab1f-3,CUST012A31,2026-01-01,Transportation,UBER *TRIP 748,692.1,debit,44248.43,False
4f7f5fe2-9,CUST012A31,2026-01-03,Groceries,POS PURCHASE - LOCAL MARKET,461.7,debit,43786.73,False
d442887d-3,CUST012A31,2026-01-04,Dining/Restaurants,CAFE PURCHASE,31.04,debit,43755.69,False
31e413a9-b,CUST012A31,2026-01-05,Savings Transfer,TRANSFER TO SAVINGS ACCT,3016.83,debit,40738.86,False
50a74ad7-6,CUST012A31,2026-01-08,Dining/Restaurants,MCDONALDS #131,25.52,debit,40713.34,False
27bccc24-2,CUST012A31,2026-01-09,Entertainment,NETFLIX PPV CHARGE,213.54,debit,40499.8,False
604a734f-d,CUST012A31,2026-01-10,Transportation,CAREEM RIDE,56.61,debit,40443.19,False
49e7428b-6,CUST012A31,2026-01-10,Dining/Restaurants,CAFE PURCHASE,119.74,debit,40323.45,False
f4870ded-e,CUST012A31,2026-01-11,Groceries,CARREFOUR HYPERMARKET,3544.7,debit,36778.75,False
c901abb1-5,CUST012A31,2026-01-11,Transportation,UBER *TRIP 875,197.25,debit,36581.5,False
af829e62-d,CUST012A31,2026-01-12,Groceries,SPINNEYS #998,716.74,debit,35864.76,False
a8fa01d9-3,CUST012A31,2026-01-12,Dining/Restaurants,POS - LOCAL RESTAURANT,987.05,debit,34877.71,False
fd110aa6-8,CUST012A31,2026-01-12,Entertainment,NETFLIX PPV CHARGE,718.12,debit,34159.59,False
852a1a65-8,CUST012A31,2026-01-13,Utilities,ELECTRICITY BILL PMT,1368.83,debit,32790.76,False
402501aa-7,CUST012A31,2026-01-13,Entertainment,NETFLIX PPV CHARGE,264.94,debit,32525.82,False
f8f004cf-b,CUST012A31,2026-01-14,Subscriptions,NETFLIX.COM SUBSCRIPTION,352.85,debit,32172.97,False
cafb8e3c-b,CUST012A31,2026-01-14,Healthcare,PHARMACY PURCHASE,33.09,debit,32139.88,False
0933ff44-b,CUST012A31,2026-01-16,Rent/Installment,Home Loan Installment - NBE,7741.9,debit,24397.98,False
6133cb12-5,CUST012A31,2026-01-16,Transportation,FUEL STATION PURCHASE,599.99,debit,23797.99,False
3e6b4f1c-b,CUST012A31,2026-01-18,Healthcare,PHARMACY PURCHASE,199.45,debit,23598.54,False
7963555f-2,CUST012A31,2026-01-20,Healthcare,PHARMACY PURCHASE,102.1,debit,23496.44,False
2f604658-4,CUST012A31,2026-01-24,Dining/Restaurants,POS - LOCAL RESTAURANT,732.65,debit,22763.79,False
0ae05e2e-2,CUST012A31,2026-01-24,Entertainment,CINEMA TICKET PURCHASE,293.26,debit,22470.53,False
4f6a09ac-8,CUST012A31,2026-01-26,Healthcare,PHARMACY PURCHASE,707.58,debit,21762.95,False
6b99b7f8-6,CUST012A31,2026-01-26,Savings Transfer,TRANSFER TO SAVINGS ACCT,1632.84,debit,20130.11,False
49bad1cc-2,CUST012A31,2026-01-27,Transportation,CAREEM RIDE,110.0,debit,20020.11,False
7d52d1c2-8,CUST012A31,2026-01-27,Shopping,AMAZON.EG ORDER,1212.3,debit,18807.81,False
f13dfe72-d,CUST012A31,2026-01-27,Healthcare,CLINIC VISIT FEE,5.39,debit,18802.42,False
e49c417e-0,CUST012A31,2026-01-28,Entertainment,CINEMA TICKET PURCHASE,391.77,debit,18410.65,False
66410568-f,CUST012A31,2026-01-28,Shopping,ONLINE STORE CHECKOUT,109.73,debit,18300.92,False
2c7b0213-0,CUST012A31,2026-02-01,Rent/Installment,Monthly Rent Transfer,6651.7,debit,11649.22,False
33e98ae1-c,CUST012A31,2026-02-01,Shopping,ONLINE STORE CHECKOUT,156.09,debit,11493.13,False
01743334-3,CUST012A31,2026-02-02,Savings Transfer,INTERNAL XFER - SAVINGS,692.47,debit,10800.66,False
d6cd2631-8,CUST012A31,2026-02-03,Salary,MONTHLY SALARY CREDIT,30800.0,credit,41600.66,False
84134c0b-8,CUST012A31,2026-02-03,Shopping,ONLINE STORE CHECKOUT,48.91,debit,41551.75,False
ea778f29-b,CUST012A31,2026-02-05,Utilities,Internet Bill - AUTOPAY,1281.01,debit,40270.74,False
ecbd0659-3,CUST012A31,2026-02-05,Transportation,UBER *TRIP 884,348.84,debit,39921.9,False
d4ce6e00-9,CUST012A31,2026-02-05,Dining/Restaurants,CAFE PURCHASE,763.8,debit,39158.1,False
ab17f9b0-6,CUST012A31,2026-02-08,Groceries,SPINNEYS #783,3434.83,debit,35723.27,False
116d90c4-5,CUST012A31,2026-02-11,Entertainment,CINEMA TICKET PURCHASE,179.67,debit,35543.6,False
faf1e91f-1,CUST012A31,2026-02-12,Healthcare,CLINIC VISIT FEE,428.04,debit,35115.56,False
10e2f191-d,CUST012A31,2026-02-13,Shopping,AMAZON.EG ORDER,213.48,debit,34902.08,False
5b6f3761-5,CUST012A31,2026-02-15,Dining/Restaurants,CAFE PURCHASE,1139.97,debit,33762.11,False
a267f496-a,CUST012A31,2026-02-16,Shopping,ONLINE STORE CHECKOUT,800.41,debit,32961.7,False
572ffad2-f,CUST012A31,2026-02-17,Transportation,FUEL STATION PURCHASE,1345.95,debit,31615.75,False
866edf6f-f,CUST012A31,2026-02-18,Shopping,ONLINE STORE CHECKOUT,124.21,debit,31491.54,False
ce8a77ea-6,CUST012A31,2026-02-19,Healthcare,LAB TEST PAYMENT,179.64,debit,31311.9,False
5cdb92b9-3,CUST012A31,2026-02-20,Groceries,CARREFOUR HYPERMARKET,33.37,debit,31278.53,False
c38743c9-2,CUST012A31,2026-02-20,Entertainment,NETFLIX PPV CHARGE,325.48,debit,30953.05,False
8d7c9eff-4,CUST012A31,2026-02-20,Healthcare,LAB TEST PAYMENT,218.2,debit,30734.85,False
270e1e0e-4,CUST012A31,2026-02-20,Savings Transfer,INTERNAL XFER - SAVINGS,3481.96,debit,27252.89,False
a443b75c-3,CUST012A31,2026-02-21,Transportation,FUEL STATION PURCHASE,58.94,debit,27193.95,False
29b869c6-a,CUST012A31,2026-02-21,Entertainment,NETFLIX PPV CHARGE,234.01,debit,26959.94,False
0b03d126-1,CUST012A31,2026-02-25,Groceries,POS PURCHASE - LOCAL MARKET,150.94,debit,26809.0,False
218a453c-b,CUST012A31,2026-02-25,Subscriptions,NETFLIX.COM SUBSCRIPTION,356.3,debit,26452.7,False
d3ac02d8-c,CUST012A31,2026-02-25,Healthcare,PHARMACY PURCHASE,74.95,debit,26377.75,False
7dee7edc-d,CUST012A31,2026-02-26,Groceries,CARREFOUR HYPERMARKET,1105.0,debit,25272.75,False
a85151f9-e,CUST012A31,2026-02-26,Transportation,CAREEM RIDE,42.21,debit,25230.54,False
c04c79a1-6,CUST012A31,2026-02-26,Entertainment,GAMING STORE PURCHASE,1016.67,debit,24213.87,False
434a2cb7-e,CUST012A31,2026-02-27,Healthcare,CLINIC VISIT FEE,10.05,debit,24203.82,False
699542c4-a,CUST012A31,2026-03-01,Shopping,AMAZON.EG ORDER,151.95,debit,24051.87,False
b44ec93e-7,CUST012A31,2026-03-01,Savings Transfer,INTERNAL XFER - SAVINGS,1970.84,debit,22081.03,False
31b480d6-7,CUST012A31,2026-03-02,Utilities,WATER CO. AUTOPAY,1211.99,debit,20869.04,False
3b03cd3a-8,CUST012A31,2026-03-03,Salary,MONTHLY SALARY CREDIT,30800.0,credit,51669.04,False
559313e5-6,CUST012A31,2026-03-03,Groceries,CARREFOUR HYPERMARKET,2333.06,debit,49335.98,False
0452d001-1,CUST012A31,2026-03-04,Entertainment,GAMING STORE PURCHASE,1269.55,debit,48066.43,False
5f757d92-d,CUST012A31,2026-03-06,Dining/Restaurants,POS - LOCAL RESTAURANT,769.41,debit,47297.02,False
288bbbd0-f,CUST012A31,2026-03-06,Dining/Restaurants,MCDONALDS #408,234.79,debit,47062.23,False
5755b72a-2,CUST012A31,2026-03-06,Shopping,MALL PURCHASE - POS,13.12,debit,47049.11,False
4c60ac90-e,CUST012A31,2026-03-06,Savings Transfer,TRANSFER TO SAVINGS ACCT,412.19,debit,46636.92,False
ab43f172-6,CUST012A31,2026-03-06,Savings Transfer,TRANSFER TO SAVINGS ACCT,423.69,debit,46213.23,False
09d37c1f-f,CUST012A31,2026-03-08,Transportation,FUEL STATION PURCHASE,238.9,debit,45974.33,False
dba220a8-5,CUST012A31,2026-03-08,Dining/Restaurants,CAFE PURCHASE,37.34,debit,45936.99,False
8836cd2a-7,CUST012A31,2026-03-09,Transportation,UBER *TRIP 590,702.68,debit,45234.31,False
e3419e61-d,CUST012A31,2026-03-09,Healthcare,PHARMACY PURCHASE,65.58,debit,45168.73,False
37ad593b-b,CUST012A31,2026-03-11,Groceries,CARREFOUR HYPERMARKET,762.47,debit,44406.26,False
bac3c747-a,CUST012A31,2026-03-11,Healthcare,LAB TEST PAYMENT,805.29,debit,43600.97,False
908ffcb3-4,CUST012A31,2026-03-12,Shopping,MALL PURCHASE - POS,178.83,debit,43422.14,False
5f316ee3-6,CUST012A31,2026-03-13,Transportation,FUEL STATION PURCHASE,61.27,debit,43360.87,False
873de23d-6,CUST012A31,2026-03-15,Groceries,CARREFOUR HYPERMARKET,1164.58,debit,42196.29,False
89fd748a-4,CUST012A31,2026-03-15,Entertainment,GAMING STORE PURCHASE,478.92,debit,41717.37,False
95ef703b-4,CUST012A31,2026-03-15,Savings Transfer,TRANSFER TO SAVINGS ACCT,1202.78,debit,40514.59,False
460efb31-c,CUST012A31,2026-03-17,Healthcare,CLINIC VISIT FEE,78.4,debit,40436.19,False
10833c39-c,CUST012A31,2026-03-18,Rent/Installment,Home Loan Installment - AUTOPAY,7298.59,debit,33137.6,False
92528e2b-e,CUST012A31,2026-03-18,Dining/Restaurants,POS - LOCAL RESTAURANT,631.7,debit,32505.9,False
61fe6149-4,CUST012A31,2026-03-21,Transportation,FUEL STATION PURCHASE,703.42,debit,31802.48,False
0693d18b-4,CUST012A31,2026-03-22,Savings Transfer,TRANSFER TO SAVINGS ACCT,537.73,debit,31264.75,False
76b8a5b6-8,CUST012A31,2026-03-25,Shopping,AMAZON.EG ORDER,503.95,debit,30760.8,False
df12bb17-a,CUST012A31,2026-03-26,Subscriptions,SPOTIFY AB,327.15,debit,30433.65,False
fc0fe06a-2,CUST012A31,2026-03-28,Shopping,ONLINE STORE CHECKOUT,413.13,debit,30020.52,False
a2430ada-c,CUST012A31,2026-04-01,Dining/Restaurants,MCDONALDS #761,1075.1,debit,28945.42,False
b1fd84e4-f,CUST012A31,2026-04-01,Savings Transfer,TRANSFER TO SAVINGS ACCT,43.57,debit,28901.85,False
bc969178-0,CUST012A31,2026-04-02,Salary,MONTHLY SALARY CREDIT,30800.0,credit,59701.85,False
0b7c4eb7-2,CUST012A31,2026-04-05,Utilities,WATER CO. AUTOPAY,1299.45,debit,58402.4,False
5f008173-b,CUST012A31,2026-04-06,Dining/Restaurants,CAFE PURCHASE,705.75,debit,57696.65,False
9247bffc-b,CUST012A31,2026-04-06,Entertainment,NETFLIX PPV CHARGE,708.05,debit,56988.6,False
274fb3a5-5,CUST012A31,2026-04-07,Rent/Installment,Home Loan Installment - NBE,6976.67,debit,50011.93,False
71aeea99-d,CUST012A31,2026-04-08,Transportation,FUEL STATION PURCHASE,76.2,debit,49935.73,False
82c1f9a8-9,CUST012A31,2026-04-08,Shopping,AMAZON.EG ORDER,466.09,debit,49469.64,False
693adbd3-4,CUST012A31,2026-04-08,Shopping,AMAZON.EG ORDER,530.89,debit,48938.75,False
cdc4982b-0,CUST012A31,2026-04-10,Groceries,POS PURCHASE - LOCAL MARKET,756.6,debit,48182.15,False
161914ad-0,CUST012A31,2026-04-10,Healthcare,CLINIC VISIT FEE,146.29,debit,48035.86,False
d2dd4768-9,CUST012A31,2026-04-12,Transportation,FUEL STATION PURCHASE,1375.22,debit,46660.64,False
c361532b-c,CUST012A31,2026-04-14,Healthcare,LAB TEST PAYMENT,153.71,debit,46506.93,False
e93ee315-2,CUST012A31,2026-04-15,Shopping,ONLINE STORE CHECKOUT,5.0,debit,46501.93,False
e7df0bad-4,CUST012A31,2026-04-15,Subscriptions,GYM MEMBERSHIP AUTOPAY,361.18,debit,46140.75,False
d6e98d9e-8,CUST012A31,2026-04-19,Groceries,CARREFOUR HYPERMARKET,3942.85,debit,42197.9,False
fc17be87-3,CUST012A31,2026-04-19,Transportation,UBER *TRIP 208,68.52,debit,42129.38,False
e4dc89f7-7,CUST012A31,2026-04-20,Healthcare,LAB TEST PAYMENT,274.91,debit,41854.47,False
889f90f1-b,CUST012A31,2026-04-22,Healthcare,CLINIC VISIT FEE,98.55,debit,41755.92,False
8ebdb59d-0,CUST012A31,2026-04-23,Entertainment,GAMING STORE PURCHASE,1171.15,debit,40584.77,False
57ce5a79-4,CUST012A31,2026-04-24,Shopping,AMAZON.EG ORDER,325.99,debit,40258.78,False
439e120e-6,CUST012A31,2026-04-25,Savings Transfer,INTERNAL XFER - SAVINGS,2631.47,debit,37627.31,False
c41a3dc1-d,CUST012A31,2026-04-26,Healthcare,LAB TEST PAYMENT,274.58,debit,37352.73,False
a5d8dafd-8,CUST012A31,2026-04-27,Savings Transfer,INTERNAL XFER - SAVINGS,1385.23,debit,35967.5,False
ad0ad221-6,CUST012A31,2026-05-01,Salary,MONTHLY SALARY CREDIT,30800.0,credit,66767.5,False
8658ca92-e,CUST012A31,2026-05-01,Healthcare,CLINIC VISIT FEE,242.69,debit,66524.81,True
d061e1a3-f,CUST012A31,2026-05-02,Transportation,UBER *TRIP 864,232.48,debit,66292.33,False
07e64ea4-d,CUST012A31,2026-05-03,Rent/Installment,Monthly Rent Transfer,7011.44,debit,59280.89,False
19c9c7bf-1,CUST012A31,2026-05-03,Groceries,CARREFOUR HYPERMARKET,635.92,debit,58644.97,False
d96ea2a1-2,CUST012A31,2026-05-04,Dining/Restaurants,POS - LOCAL RESTAURANT,528.92,debit,58116.05,True
55556a75-5,CUST012A31,2026-05-05,Transportation,UBER *TRIP 819,260.63,debit,57855.42,False
aba30f5a-6,CUST012A31,2026-05-06,Entertainment,GAMING STORE PURCHASE,7324.42,debit,50531.0,True
cfdf353f-f,CUST012A31,2026-05-07,Groceries,POS PURCHASE - LOCAL MARKET,1695.23,debit,48835.77,False
a6e25962-7,CUST012A31,2026-05-07,Dining/Restaurants,CAFE PURCHASE,677.91,debit,48157.86,True
25eae82c-b,CUST012A31,2026-05-08,Utilities,ELECTRICITY BILL PMT,1235.66,debit,46922.2,False
5ef11404-4,CUST012A31,2026-05-08,Savings Transfer,INTERNAL XFER - SAVINGS,633.34,debit,46288.86,False
bba37bbe-2,CUST012A31,2026-05-09,Entertainment,GAMING STORE PURCHASE,335.04,debit,45953.82,True
d327c73a-c,CUST012A31,2026-05-09,Shopping,MALL PURCHASE - POS,2014.07,debit,43939.75,True
2e337436-4,CUST012A31,2026-05-11,Groceries,CARREFOUR HYPERMARKET,100.99,debit,43838.76,False
4dbdbe0a-8,CUST012A31,2026-05-11,Dining/Restaurants,CAFE PURCHASE,1478.37,debit,42360.39,True
0e944aca-1,CUST012A31,2026-05-11,Subscriptions,SPOTIFY AB,364.36,debit,41996.03,False
e84e966f-b,CUST012A31,2026-05-12,Healthcare,PHARMACY PURCHASE,373.07,debit,41622.96,True
dade8206-b,CUST012A31,2026-05-14,Healthcare,LAB TEST PAYMENT,729.67,debit,40893.29,True
a2600b1d-2,CUST012A31,2026-05-15,Transportation,CAREEM RIDE,468.72,debit,40424.57,False
b1b051fe-4,CUST012A31,2026-05-17,Groceries,POS PURCHASE - LOCAL MARKET,1557.71,debit,38866.86,False
636d5ffd-0,CUST012A31,2026-05-18,Groceries,SPINNEYS #699,211.08,debit,38655.78,False
0d011a61-b,CUST012A31,2026-05-19,Transportation,FUEL STATION PURCHASE,587.91,debit,38067.87,False
1e85e106-f,CUST012A31,2026-05-19,Healthcare,CLINIC VISIT FEE,1290.17,debit,36777.7,True
131db6fc-3,CUST012A31,2026-05-20,Transportation,CAREEM RIDE,140.5,debit,36637.2,False
1e9c14d1-d,CUST012A31,2026-05-20,Dining/Restaurants,MCDONALDS #229,1492.6,debit,35144.6,True
2933db07-5,CUST012A31,2026-05-23,Savings Transfer,INTERNAL XFER - SAVINGS,836.58,debit,34308.02,False
aa7c020f-b,CUST012A31,2026-05-25,Dining/Restaurants,CAFE PURCHASE,153.86,debit,34154.16,True
e62fe58d-1,CUST012A31,2026-05-25,Savings Transfer,INTERNAL XFER - SAVINGS,2372.68,debit,31781.48,False
f49e9749-d,CUST012A31,2026-05-26,Shopping,AMAZON.EG ORDER,1477.59,debit,30303.89,True
2554275d-e,CUST012A31,2026-05-26,Shopping,AMAZON.EG ORDER,514.81,debit,29789.08,True
edd63ec0-6,CUST012A31,2026-05-26,Healthcare,LAB TEST PAYMENT,501.06,debit,29288.02,True
8f83e150-a,CUST012A31,2026-05-27,Entertainment,NETFLIX PPV CHARGE,463.99,debit,28824.03,True
7ebad25c-c,CUST012A31,2026-05-28,Savings Transfer,INTERNAL XFER - SAVINGS,641.15,debit,28182.88,False
7aecd2ca-7,CUST012A31,2026-06-01,Groceries,CARREFOUR HYPERMARKET,1618.5,debit,26564.38,False
407ee4a5-0,CUST012A31,2026-06-01,Entertainment,CINEMA TICKET PURCHASE,831.14,debit,25733.24,False
c7e10b21-8,CUST012A31,2026-06-02,Dining/Restaurants,CAFE PURCHASE,164.87,debit,25568.37,False
7b7e6c93-5,CUST012A31,2026-06-03,Salary,MONTHLY SALARY CREDIT,30800.0,credit,56368.37,False
920519ff-1,CUST012A31,2026-06-05,Transportation,CAREEM RIDE,748.38,debit,55619.99,False
2f7f12ec-8,CUST012A31,2026-06-05,Healthcare,PHARMACY PURCHASE,336.56,debit,55283.43,False
de431b6a-c,CUST012A31,2026-06-05,Healthcare,CLINIC VISIT FEE,332.43,debit,54951.0,False
0f85806c-6,CUST012A31,2026-06-06,Shopping,ONLINE STORE CHECKOUT,349.27,debit,54601.73,False
9bba1e34-2,CUST012A31,2026-06-07,Savings Transfer,INTERNAL XFER - SAVINGS,4257.52,debit,50344.21,False
d86b1063-5,CUST012A31,2026-06-09,Dining/Restaurants,POS - LOCAL RESTAURANT,6.02,debit,50338.19,False
7ef288b0-0,CUST012A31,2026-06-10,Groceries,SPINNEYS #572,287.03,debit,50051.16,False
8e6e23cd-2,CUST012A31,2026-06-10,Transportation,FUEL STATION PURCHASE,418.7,debit,49632.46,False
3beeb1f4-5,CUST012A31,2026-06-10,Healthcare,CLINIC VISIT FEE,8.99,debit,49623.47,False
7dcb379b-d,CUST012A31,2026-06-13,Dining/Restaurants,POS - LOCAL RESTAURANT,84.15,debit,49539.32,False
b6e36821-6,CUST012A31,2026-06-13,Shopping,AMAZON.EG ORDER,774.28,debit,48765.04,False
7bf62288-a,CUST012A31,2026-06-14,Shopping,MALL PURCHASE - POS,289.0,debit,48476.04,False
45d1854a-d,CUST012A31,2026-06-14,Healthcare,CLINIC VISIT FEE,279.08,debit,48196.96,False
0098a574-d,CUST012A31,2026-06-15,Transportation,UBER *TRIP 308,402.61,debit,47794.35,False
43e3e404-0,CUST012A31,2026-06-17,Entertainment,NETFLIX PPV CHARGE,290.41,debit,47503.94,False
2ce66579-9,CUST012A31,2026-06-21,Transportation,FUEL STATION PURCHASE,44.44,debit,47459.5,False
05a1c352-f,CUST012A31,2026-06-21,Dining/Restaurants,CAFE PURCHASE,457.37,debit,47002.13,False
a5a34d87-0,CUST012A31,2026-06-22,Groceries,POS PURCHASE - LOCAL MARKET,947.86,debit,46054.27,False
21c34b18-4,CUST012A31,2026-06-24,Entertainment,GAMING STORE PURCHASE,341.28,debit,45712.99,False
2e227cb3-a,CUST012A31,2026-06-24,Subscriptions,GYM MEMBERSHIP AUTOPAY,345.54,debit,45367.45,False
6a3b619e-e,CUST012A31,2026-06-25,Rent/Installment,ACH DEBIT - RENT PAYMENT,7060.12,debit,38307.33,False
aa8e80b4-c,CUST012A31,2026-06-25,Dining/Restaurants,MCDONALDS #297,890.31,debit,37417.02,False
9633364a-3,CUST012A31,2026-06-26,Entertainment,GAMING STORE PURCHASE,378.38,debit,37038.64,False
d5d360a3-6,CUST012A31,2026-06-26,Entertainment,CINEMA TICKET PURCHASE,78.24,debit,36960.4,False
987f23ef-d,CUST012A31,2026-06-27,Healthcare,PHARMACY PURCHASE,72.69,debit,36887.71,False
438cfcb1-a,CUST012A31,2026-06-28,Utilities,ELECTRICITY BILL PMT,1427.14,debit,35460.57,False
075cb78c-4,CUST012A31,2026-06-28,Groceries,POS PURCHASE - LOCAL MARKET,1506.22,debit,33954.35,False
ec52979f-8,CUST012A31,2026-06-28,Savings Transfer,TRANSFER TO SAVINGS ACCT,430.88,debit,33523.47,False
2226f46e-7,CUST6C460D,2026-01-01,Dining/Restaurants,MCDONALDS #512,1121.07,debit,12564.92,False
b98ad148-7,CUST6C460D,2026-01-01,Savings Transfer,TRANSFER TO SAVINGS ACCT,447.88,debit,12117.04,False
0479964c-d,CUST6C460D,2026-01-03,Salary,MONTHLY SALARY CREDIT,21300.0,credit,33417.04,False
aeb005c6-6,CUST6C460D,2026-01-03,Utilities,ELECTRICITY BILL PMT,817.38,debit,32599.66,False
9badd591-0,CUST6C460D,2026-01-04,Entertainment,NETFLIX PPV CHARGE,524.85,debit,32074.81,False
70ac07a5-5,CUST6C460D,2026-01-05,Entertainment,NETFLIX PPV CHARGE,36.94,debit,32037.87,False
0ea09732-6,CUST6C460D,2026-01-07,Entertainment,NETFLIX PPV CHARGE,362.17,debit,31675.7,False
91ae0f57-a,CUST6C460D,2026-01-07,Shopping,AMAZON.EG ORDER,259.47,debit,31416.23,False
9fed509d-5,CUST6C460D,2026-01-08,Healthcare,PHARMACY PURCHASE,284.09,debit,31132.14,False
d55deb22-7,CUST6C460D,2026-01-11,Dining/Restaurants,POS - LOCAL RESTAURANT,674.17,debit,30457.97,False
3d246126-7,CUST6C460D,2026-01-11,Subscriptions,GYM MEMBERSHIP AUTOPAY,250.84,debit,30207.13,False
d536f4be-1,CUST6C460D,2026-01-11,Healthcare,CLINIC VISIT FEE,64.31,debit,30142.82,False
e2f63950-6,CUST6C460D,2026-01-11,Savings Transfer,TRANSFER TO SAVINGS ACCT,205.93,debit,29936.89,False
3406d7a1-0,CUST6C460D,2026-01-11,Savings Transfer,INTERNAL XFER - SAVINGS,1234.69,debit,28702.2,False
f1cc4b62-5,CUST6C460D,2026-01-13,Groceries,POS PURCHASE - LOCAL MARKET,1013.1,debit,27689.1,False
4d1b5ec6-f,CUST6C460D,2026-01-14,Entertainment,CINEMA TICKET PURCHASE,38.82,debit,27650.28,False
70832ad4-5,CUST6C460D,2026-01-15,Transportation,CAREEM RIDE,994.87,debit,26655.41,False
ff8c73af-a,CUST6C460D,2026-01-15,Shopping,MALL PURCHASE - POS,451.66,debit,26203.75,False
4ef45d0f-1,CUST6C460D,2026-01-16,Shopping,AMAZON.EG ORDER,32.24,debit,26171.51,False
12875690-6,CUST6C460D,2026-01-18,Healthcare,CLINIC VISIT FEE,269.64,debit,25901.87,False
ef85e5a2-9,CUST6C460D,2026-01-18,Savings Transfer,INTERNAL XFER - SAVINGS,89.44,debit,25812.43,False
4ff1f3ad-8,CUST6C460D,2026-01-19,Shopping,ONLINE STORE CHECKOUT,163.6,debit,25648.83,False
fe0003c4-7,CUST6C460D,2026-01-19,Healthcare,LAB TEST PAYMENT,342.21,debit,25306.62,False
998cd4dd-3,CUST6C460D,2026-01-21,Transportation,UBER *TRIP 588,376.31,debit,24930.31,False
60bc94ce-9,CUST6C460D,2026-01-22,Groceries,CARREFOUR HYPERMARKET,1893.34,debit,23036.97,False
d7edf4e3-d,CUST6C460D,2026-01-23,Entertainment,GAMING STORE PURCHASE,60.67,debit,22976.3,False
95ad8d05-c,CUST6C460D,2026-01-23,Shopping,ONLINE STORE CHECKOUT,543.12,debit,22433.18,False
e6c9f2b1-f,CUST6C460D,2026-01-24,Rent/Installment,Monthly Rent Transfer,4738.67,debit,17694.51,False
2e864413-1,CUST6C460D,2026-01-26,Savings Transfer,INTERNAL XFER - SAVINGS,206.61,debit,17487.9,False
1b7ff4ba-7,CUST6C460D,2026-02-01,Groceries,POS PURCHASE - LOCAL MARKET,526.01,debit,16961.89,False
a9b30917-3,CUST6C460D,2026-02-01,Healthcare,PHARMACY PURCHASE,200.37,debit,16761.52,False
04819584-6,CUST6C460D,2026-02-02,Salary,MONTHLY SALARY CREDIT,21300.0,credit,38061.52,False
321dcda4-1,CUST6C460D,2026-02-02,Entertainment,NETFLIX PPV CHARGE,243.01,debit,37818.51,False
a3532037-7,CUST6C460D,2026-02-03,Entertainment,CINEMA TICKET PURCHASE,67.98,debit,37750.53,False
a0c78ed8-e,CUST6C460D,2026-02-04,Shopping,MALL PURCHASE - POS,444.99,debit,37305.54,False
58772518-a,CUST6C460D,2026-02-05,Groceries,POS PURCHASE - LOCAL MARKET,458.14,debit,36847.4,False
1f6652a7-9,CUST6C460D,2026-02-05,Entertainment,CINEMA TICKET PURCHASE,269.99,debit,36577.41,False
8e697771-b,CUST6C460D,2026-02-05,Healthcare,LAB TEST PAYMENT,227.37,debit,36350.04,False
ec5ca372-e,CUST6C460D,2026-02-08,Savings Transfer,TRANSFER TO SAVINGS ACCT,536.88,debit,35813.16,False
eb43ad12-b,CUST6C460D,2026-02-10,Entertainment,NETFLIX PPV CHARGE,373.35,debit,35439.81,False
6190689a-7,CUST6C460D,2026-02-11,Dining/Restaurants,MCDONALDS #809,1723.66,debit,33716.15,False
374f57c2-e,CUST6C460D,2026-02-12,Healthcare,PHARMACY PURCHASE,600.99,debit,33115.16,False
0fdc7841-f,CUST6C460D,2026-02-13,Shopping,MALL PURCHASE - POS,20.95,debit,33094.21,False
07fc49a4-d,CUST6C460D,2026-02-14,Groceries,CARREFOUR HYPERMARKET,1518.29,debit,31575.92,False
669c5004-0,CUST6C460D,2026-02-19,Shopping,ONLINE STORE CHECKOUT,756.51,debit,30819.41,False
3c308bca-5,CUST6C460D,2026-02-19,Savings Transfer,TRANSFER TO SAVINGS ACCT,381.73,debit,30437.68,False
dca9e962-f,CUST6C460D,2026-02-20,Shopping,MALL PURCHASE - POS,82.89,debit,30354.79,False
509ac97b-b,CUST6C460D,2026-02-20,Subscriptions,GYM MEMBERSHIP AUTOPAY,212.31,debit,30142.48,False
9147de40-0,CUST6C460D,2026-02-21,Utilities,ELECTRICITY BILL PMT,869.79,debit,29272.69,False
0fd8c965-a,CUST6C460D,2026-02-23,Shopping,MALL PURCHASE - POS,135.33,debit,29137.36,False
d3d0dc04-4,CUST6C460D,2026-02-23,Savings Transfer,TRANSFER TO SAVINGS ACCT,1525.42,debit,27611.94,False
545e0271-2,CUST6C460D,2026-02-25,Rent/Installment,Home Loan Installment - ONLINE,4314.36,debit,23297.58,False
69be6357-0,CUST6C460D,2026-02-25,Transportation,UBER *TRIP 668,863.75,debit,22433.83,False
10e0cee6-7,CUST6C460D,2026-02-25,Dining/Restaurants,CAFE PURCHASE,236.98,debit,22196.85,False
9b74a27f-5,CUST6C460D,2026-02-26,Groceries,POS PURCHASE - LOCAL MARKET,280.79,debit,21916.06,False
f4823d67-6,CUST6C460D,2026-02-27,Entertainment,CINEMA TICKET PURCHASE,151.42,debit,21764.64,False
0c0892f2-0,CUST6C460D,2026-02-28,Transportation,UBER *TRIP 595,488.17,debit,21276.47,False
f0407101-2,CUST6C460D,2026-03-02,Salary,MONTHLY SALARY CREDIT,21300.0,credit,42576.47,False
b8f7619a-f,CUST6C460D,2026-03-02,Transportation,UBER *TRIP 510,46.79,debit,42529.68,False
6b13ee2a-e,CUST6C460D,2026-03-02,Savings Transfer,TRANSFER TO SAVINGS ACCT,416.86,debit,42112.82,False
7a136327-3,CUST6C460D,2026-03-03,Entertainment,NETFLIX PPV CHARGE,125.95,debit,41986.87,False
edba91fb-e,CUST6C460D,2026-03-03,Savings Transfer,TRANSFER TO SAVINGS ACCT,1517.43,debit,40469.44,False
eaf0716c-0,CUST6C460D,2026-03-04,Utilities,WATER CO. AUTOPAY,782.1,debit,39687.34,False
37eb724f-b,CUST6C460D,2026-03-04,Groceries,CARREFOUR HYPERMARKET,285.43,debit,39401.91,False
9d4acf39-d,CUST6C460D,2026-03-05,Entertainment,NETFLIX PPV CHARGE,18.28,debit,39383.63,False
e9010d63-8,CUST6C460D,2026-03-05,Shopping,MALL PURCHASE - POS,695.89,debit,38687.74,False
753b3d38-1,CUST6C460D,2026-03-06,Dining/Restaurants,MCDONALDS #390,1163.02,debit,37524.72,False
fbaff5e8-8,CUST6C460D,2026-03-07,Healthcare,LAB TEST PAYMENT,31.47,debit,37493.25,False
5e035c9b-d,CUST6C460D,2026-03-11,Groceries,CARREFOUR HYPERMARKET,2812.75,debit,34680.5,False
b1d2a8c5-a,CUST6C460D,2026-03-11,Healthcare,CLINIC VISIT FEE,338.14,debit,34342.36,False
e945cc60-a,CUST6C460D,2026-03-11,Healthcare,CLINIC VISIT FEE,222.26,debit,34120.1,False
7647c1a3-7,CUST6C460D,2026-03-12,Dining/Restaurants,POS - LOCAL RESTAURANT,246.18,debit,33873.92,False
e8480563-7,CUST6C460D,2026-03-12,Entertainment,CINEMA TICKET PURCHASE,186.05,debit,33687.87,False
ec481306-e,CUST6C460D,2026-03-13,Dining/Restaurants,POS - LOCAL RESTAURANT,117.39,debit,33570.48,False
298184c1-9,CUST6C460D,2026-03-15,Savings Transfer,TRANSFER TO SAVINGS ACCT,215.43,debit,33355.05,False
601890a5-2,CUST6C460D,2026-03-16,Rent/Installment,Monthly Rent Transfer,4788.8,debit,28566.25,False
e551c919-0,CUST6C460D,2026-03-16,Healthcare,PHARMACY PURCHASE,253.74,debit,28312.51,False
e354bfca-9,CUST6C460D,2026-03-17,Dining/Restaurants,CAFE PURCHASE,433.96,debit,27878.55,False
94ad437c-d,CUST6C460D,2026-03-18,Transportation,FUEL STATION PURCHASE,591.25,debit,27287.3,False
b6d38e10-8,CUST6C460D,2026-03-19,Savings Transfer,TRANSFER TO SAVINGS ACCT,124.78,debit,27162.52,False
febf0ba3-d,CUST6C460D,2026-03-22,Transportation,CAREEM RIDE,884.52,debit,26278.0,False
d0f93d41-e,CUST6C460D,2026-03-22,Shopping,ONLINE STORE CHECKOUT,16.07,debit,26261.93,False
86048372-1,CUST6C460D,2026-03-22,Subscriptions,NETFLIX.COM SUBSCRIPTION,235.94,debit,26025.99,False
84f093c9-6,CUST6C460D,2026-03-23,Healthcare,LAB TEST PAYMENT,212.3,debit,25813.69,False
27abfbc4-4,CUST6C460D,2026-03-26,Entertainment,CINEMA TICKET PURCHASE,344.45,debit,25469.24,False
d24791f2-b,CUST6C460D,2026-03-26,Shopping,AMAZON.EG ORDER,685.25,debit,24783.99,False
dd3914cc-3,CUST6C460D,2026-03-26,Savings Transfer,INTERNAL XFER - SAVINGS,261.85,debit,24522.14,False
8d0c2e66-0,CUST6C460D,2026-03-27,Dining/Restaurants,POS - LOCAL RESTAURANT,173.93,debit,24348.21,False
8cd9e7d3-5,CUST6C460D,2026-03-27,Entertainment,GAMING STORE PURCHASE,539.72,debit,23808.49,False
8bdaeade-7,CUST6C460D,2026-04-01,Salary,MONTHLY SALARY CREDIT,21300.0,credit,45108.49,False
99e45c18-5,CUST6C460D,2026-04-03,Utilities,WATER CO. AUTOPAY,937.11,debit,44171.38,False
71941de6-a,CUST6C460D,2026-04-03,Dining/Restaurants,MCDONALDS #137,157.24,debit,44014.14,False
79575ca2-6,CUST6C460D,2026-04-04,Entertainment,GAMING STORE PURCHASE,453.77,debit,43560.37,False
21f7b23f-5,CUST6C460D,2026-04-04,Shopping,MALL PURCHASE - POS,504.72,debit,43055.65,False
847353ea-3,CUST6C460D,2026-04-07,Healthcare,CLINIC VISIT FEE,553.25,debit,42502.4,False
fff9be31-0,CUST6C460D,2026-04-08,Groceries,CARREFOUR HYPERMARKET,1990.03,debit,40512.37,False
d35fdd2f-a,CUST6C460D,2026-04-08,Groceries,POS PURCHASE - LOCAL MARKET,1211.24,debit,39301.13,False
93315bc0-4,CUST6C460D,2026-04-12,Healthcare,PHARMACY PURCHASE,348.45,debit,38952.68,False
0a3fd5ff-9,CUST6C460D,2026-04-14,Savings Transfer,INTERNAL XFER - SAVINGS,141.08,debit,38811.6,False
9c16c4b9-8,CUST6C460D,2026-04-16,Entertainment,CINEMA TICKET PURCHASE,9.81,debit,38801.79,False
6c3178c0-8,CUST6C460D,2026-04-16,Shopping,MALL PURCHASE - POS,919.84,debit,37881.95,False
2b8753bd-8,CUST6C460D,2026-04-18,Transportation,FUEL STATION PURCHASE,567.03,debit,37314.92,False
1c4cfa01-a,CUST6C460D,2026-04-18,Healthcare,LAB TEST PAYMENT,117.76,debit,37197.16,False
22eab2ea-e,CUST6C460D,2026-04-19,Savings Transfer,TRANSFER TO SAVINGS ACCT,970.42,debit,36226.74,False
55ec229d-a,CUST6C460D,2026-04-20,Entertainment,GAMING STORE PURCHASE,708.57,debit,35518.17,False
6065dce0-5,CUST6C460D,2026-04-21,Rent/Installment,ACH DEBIT - RENT PAYMENT,4309.49,debit,31208.68,False
0d3352f8-0,CUST6C460D,2026-04-21,Shopping,AMAZON.EG ORDER,92.32,debit,31116.36,False
16955eeb-4,CUST6C460D,2026-04-22,Transportation,FUEL STATION PURCHASE,330.63,debit,30785.73,False
ef803d2c-2,CUST6C460D,2026-04-22,Dining/Restaurants,CAFE PURCHASE,33.53,debit,30752.2,False
1aa9fa33-0,CUST6C460D,2026-04-23,Subscriptions,NETFLIX.COM SUBSCRIPTION,230.38,debit,30521.82,False
38c03296-a,CUST6C460D,2026-04-25,Dining/Restaurants,POS - LOCAL RESTAURANT,1405.12,debit,29116.7,False
a37daa3f-2,CUST6C460D,2026-04-26,Transportation,UBER *TRIP 243,541.84,debit,28574.86,False
f4365042-e,CUST6C460D,2026-04-27,Savings Transfer,TRANSFER TO SAVINGS ACCT,1305.38,debit,27269.48,False
e2c2bbea-f,CUST6C460D,2026-04-28,Dining/Restaurants,POS - LOCAL RESTAURANT,205.99,debit,27063.49,False
f0647227-7,CUST6C460D,2026-05-01,Transportation,UBER *TRIP 827,173.4,debit,26890.09,False
a8698cc5-d,CUST6C460D,2026-05-01,Subscriptions,SPOTIFY AB,237.13,debit,26652.96,False
74ade73f-a,CUST6C460D,2026-05-01,Healthcare,CLINIC VISIT FEE,5.0,debit,26647.96,False
461ffbef-c,CUST6C460D,2026-05-02,Shopping,MALL PURCHASE - POS,10.63,debit,26637.33,False
6dba6ffd-7,CUST6C460D,2026-05-03,Salary,MONTHLY SALARY CREDIT,21300.0,credit,47937.33,False
3ced4dae-9,CUST6C460D,2026-05-04,Transportation,CAREEM RIDE,559.37,debit,47377.96,False
c63fb014-c,CUST6C460D,2026-05-04,Shopping,ONLINE STORE CHECKOUT,22.57,debit,47355.39,False
b1f2a853-7,CUST6C460D,2026-05-05,Dining/Restaurants,CAFE PURCHASE,1089.35,debit,46266.04,False
9f816880-e,CUST6C460D,2026-05-06,Savings Transfer,INTERNAL XFER - SAVINGS,41.93,debit,46224.11,False
a1ad6da5-6,CUST6C460D,2026-05-07,Healthcare,PHARMACY PURCHASE,870.45,debit,45353.66,False
781ef783-4,CUST6C460D,2026-05-11,Utilities,ELECTRICITY BILL PMT,943.58,debit,44410.08,False
b3d8408c-2,CUST6C460D,2026-05-11,Shopping,ONLINE STORE CHECKOUT,184.19,debit,44225.89,False
c67231c2-b,CUST6C460D,2026-05-12,Entertainment,CINEMA TICKET PURCHASE,45.01,debit,44180.88,False
f5ea109e-3,CUST6C460D,2026-05-14,Savings Transfer,TRANSFER TO SAVINGS ACCT,246.1,debit,43934.78,False
90e614dc-b,CUST6C460D,2026-05-16,Transportation,CAREEM RIDE,214.72,debit,43720.06,False
2f669c73-7,CUST6C460D,2026-05-16,Savings Transfer,INTERNAL XFER - SAVINGS,798.39,debit,42921.67,False
e2d66508-c,CUST6C460D,2026-05-17,Entertainment,NETFLIX PPV CHARGE,145.11,debit,42776.56,False
fb32f1ba-c,CUST6C460D,2026-05-18,Transportation,UBER *TRIP 670,240.28,debit,42536.28,False
0c17a07a-4,CUST6C460D,2026-05-18,Dining/Restaurants,CAFE PURCHASE,88.81,debit,42447.47,False
1d627bca-7,CUST6C460D,2026-05-19,Groceries,POS PURCHASE - LOCAL MARKET,1530.16,debit,40917.31,False
6a6d31c2-e,CUST6C460D,2026-05-19,Groceries,POS PURCHASE - LOCAL MARKET,1769.03,debit,39148.28,False
f58646b8-0,CUST6C460D,2026-05-19,Shopping,AMAZON.EG ORDER,878.29,debit,38269.99,False
847d5042-d,CUST6C460D,2026-05-20,Entertainment,CINEMA TICKET PURCHASE,555.71,debit,37714.28,False
45965ca0-5,CUST6C460D,2026-05-20,Entertainment,GAMING STORE PURCHASE,397.12,debit,37317.16,False
b3cd4a8a-3,CUST6C460D,2026-05-21,Rent/Installment,Home Loan Installment - AUTOPAY,4329.06,debit,32988.1,False
a03d851d-a,CUST6C460D,2026-05-21,Shopping,ONLINE STORE CHECKOUT,306.3,debit,32681.8,False
757378f0-1,CUST6C460D,2026-05-24,Transportation,FUEL STATION PURCHASE,222.14,debit,32459.66,False
b06a5585-f,CUST6C460D,2026-05-26,Savings Transfer,INTERNAL XFER - SAVINGS,265.76,debit,32193.9,False
51eb4b0c-a,CUST6C460D,2026-05-26,Savings Transfer,INTERNAL XFER - SAVINGS,764.11,debit,31429.79,False
61c63e92-3,CUST6C460D,2026-05-28,Dining/Restaurants,POS - LOCAL RESTAURANT,727.44,debit,30702.35,False
6278c20d-b,CUST6C460D,2026-05-28,Healthcare,PHARMACY PURCHASE,169.25,debit,30533.1,False
49c7aa8f-8,CUST6C460D,2026-06-01,Salary,MONTHLY SALARY CREDIT,21300.0,credit,51833.1,False
208f7eae-3,CUST6C460D,2026-06-01,Dining/Restaurants,CAFE PURCHASE,312.2,debit,51520.9,False
664acae6-7,CUST6C460D,2026-06-01,Healthcare,PHARMACY PURCHASE,257.53,debit,51263.37,False
0803f90b-d,CUST6C460D,2026-06-02,Shopping,ONLINE STORE CHECKOUT,77.91,debit,51185.46,False
ff1ed873-2,CUST6C460D,2026-06-07,Groceries,SPINNEYS #761,821.87,debit,50363.59,False
c38873b0-2,CUST6C460D,2026-06-07,Dining/Restaurants,POS - LOCAL RESTAURANT,1787.64,debit,48575.95,False
c5cd94d1-7,CUST6C460D,2026-06-07,Shopping,MALL PURCHASE - POS,7.16,debit,48568.79,False
3a6b24b4-f,CUST6C460D,2026-06-09,Groceries,SPINNEYS #324,762.48,debit,47806.31,False
e18801ae-7,CUST6C460D,2026-06-09,Entertainment,NETFLIX PPV CHARGE,291.66,debit,47514.65,False
d29b9419-e,CUST6C460D,2026-06-09,Shopping,MALL PURCHASE - POS,339.44,debit,47175.21,False
a311e857-c,CUST6C460D,2026-06-11,Groceries,POS PURCHASE - LOCAL MARKET,160.07,debit,47015.14,False
a4f86c3a-1,CUST6C460D,2026-06-11,Healthcare,LAB TEST PAYMENT,63.26,debit,46951.88,False
a2244903-c,CUST6C460D,2026-06-11,Savings Transfer,TRANSFER TO SAVINGS ACCT,729.65,debit,46222.23,False
08ebb333-e,CUST6C460D,2026-06-12,Healthcare,PHARMACY PURCHASE,94.22,debit,46128.01,False
bde711c8-9,CUST6C460D,2026-06-13,Groceries,POS PURCHASE - LOCAL MARKET,570.85,debit,45557.16,False
a4ec2cfc-f,CUST6C460D,2026-06-14,Entertainment,GAMING STORE PURCHASE,111.56,debit,45445.6,False
432a98e2-0,CUST6C460D,2026-06-17,Transportation,UBER *TRIP 905,945.3,debit,44500.3,False
1d0bdb5f-d,CUST6C460D,2026-06-17,Dining/Restaurants,POS - LOCAL RESTAURANT,48.45,debit,44451.85,False
774a64fb-b,CUST6C460D,2026-06-18,Groceries,POS PURCHASE - LOCAL MARKET,898.77,debit,43553.08,False
73147983-0,CUST6C460D,2026-06-18,Transportation,FUEL STATION PURCHASE,292.74,debit,43260.34,False
610eb64a-7,CUST6C460D,2026-06-18,Entertainment,CINEMA TICKET PURCHASE,263.99,debit,42996.35,False
8bbd2ee2-e,CUST6C460D,2026-06-18,Savings Transfer,TRANSFER TO SAVINGS ACCT,1703.35,debit,41293.0,False
2d454c22-3,CUST6C460D,2026-06-19,Subscriptions,NETFLIX.COM SUBSCRIPTION,245.87,debit,41047.13,False
8527a725-b,CUST6C460D,2026-06-20,Utilities,WATER CO. AUTOPAY,936.11,debit,40111.02,False
33ee6979-7,CUST6C460D,2026-06-22,Transportation,CAREEM RIDE,180.78,debit,39930.24,False
f2a108ad-4,CUST6C460D,2026-06-22,Healthcare,PHARMACY PURCHASE,324.8,debit,39605.44,False
9ac27177-0,CUST6C460D,2026-06-24,Shopping,AMAZON.EG ORDER,883.29,debit,38722.15,False
e5311fa2-2,CUST6C460D,2026-06-25,Rent/Installment,Home Loan Installment - AUTOPAY,4893.44,debit,33828.71,False
8b8370e4-9,CUST6C460D,2026-06-25,Entertainment,GAMING STORE PURCHASE,5.05,debit,33823.66,False
4f9c0f8e-f,CUST6C460D,2026-06-26,Healthcare,CLINIC VISIT FEE,273.13,debit,33550.53,False
23e4725e-e,CUST6C460D,2026-06-28,Entertainment,GAMING STORE PURCHASE,431.71,debit,33118.82,False
48540095-5,CUST906438,2026-01-01,Salary,MONTHLY SALARY CREDIT,35700.0,credit,42164.43,False
ea864a40-2,CUST906438,2026-01-01,Shopping,ONLINE STORE CHECKOUT,236.21,debit,41928.22,False
bf7a57ae-c,CUST906438,2026-01-02,Savings Transfer,INTERNAL XFER - SAVINGS,1919.8,debit,40008.42,False
660d8c4e-d,CUST906438,2026-01-08,Healthcare,PHARMACY PURCHASE,625.33,debit,39383.09,False
91ecc613-f,CUST906438,2026-01-08,Healthcare,PHARMACY PURCHASE,849.86,debit,38533.23,False
3e70f67b-0,CUST906438,2026-01-09,Shopping,AMAZON.EG ORDER,5.0,debit,38528.23,False
cb51efe1-1,CUST906438,2026-01-11,Transportation,UBER *TRIP 365,81.44,debit,38446.79,False
670ec48b-d,CUST906438,2026-01-11,Dining/Restaurants,CAFE PURCHASE,2399.67,debit,36047.12,False
e0188575-1,CUST906438,2026-01-12,Shopping,MALL PURCHASE - POS,237.08,debit,35810.04,False
4851cd1e-e,CUST906438,2026-01-14,Groceries,POS PURCHASE - LOCAL MARKET,727.14,debit,35082.9,False
0f1b70fc-a,CUST906438,2026-01-14,Entertainment,CINEMA TICKET PURCHASE,1033.41,debit,34049.49,False
8415f048-d,CUST906438,2026-01-15,Groceries,SPINNEYS #252,620.3,debit,33429.19,False
f5a29069-b,CUST906438,2026-01-18,Entertainment,CINEMA TICKET PURCHASE,85.23,debit,33343.96,False
74b2b5f4-d,CUST906438,2026-01-22,Utilities,WATER CO. AUTOPAY,1455.75,debit,31888.21,False
2a3c063b-e,CUST906438,2026-01-22,Transportation,CAREEM RIDE,1238.15,debit,30650.06,False
077df9b8-f,CUST906438,2026-01-22,Dining/Restaurants,POS - LOCAL RESTAURANT,204.12,debit,30445.94,False
09fb56ba-6,CUST906438,2026-01-22,Shopping,MALL PURCHASE - POS,146.29,debit,30299.65,False
6b425bf5-7,CUST906438,2026-01-22,Savings Transfer,INTERNAL XFER - SAVINGS,221.04,debit,30078.61,False
0d7a49ce-c,CUST906438,2026-01-23,Savings Transfer,INTERNAL XFER - SAVINGS,256.57,debit,29822.04,False
5020d276-e,CUST906438,2026-01-24,Rent/Installment,Monthly Rent Transfer,7221.28,debit,22600.76,False
e1099dec-9,CUST906438,2026-01-25,Transportation,CAREEM RIDE,63.61,debit,22537.15,False
d5855a37-c,CUST906438,2026-01-25,Shopping,ONLINE STORE CHECKOUT,909.11,debit,21628.04,False
49b1d06c-c,CUST906438,2026-01-26,Groceries,POS PURCHASE - LOCAL MARKET,2011.89,debit,19616.15,False
9b86ebcc-6,CUST906438,2026-01-26,Subscriptions,GYM MEMBERSHIP AUTOPAY,653.9,debit,18962.25,False
11791ea9-9,CUST906438,2026-01-27,Transportation,FUEL STATION PURCHASE,1113.52,debit,17848.73,False
da0ba21a-4,CUST906438,2026-01-27,Savings Transfer,TRANSFER TO SAVINGS ACCT,2007.55,debit,15841.18,False
2fcbc114-1,CUST906438,2026-02-02,Entertainment,GAMING STORE PURCHASE,91.64,debit,15749.54,False
fc483d4c-8,CUST906438,2026-02-03,Salary,MONTHLY SALARY CREDIT,35700.0,credit,51449.54,False
d930e62e-9,CUST906438,2026-02-03,Transportation,UBER *TRIP 835,1204.32,debit,50245.22,False
0f76a925-0,CUST906438,2026-02-04,Entertainment,GAMING STORE PURCHASE,553.16,debit,49692.06,False
9629c81b-3,CUST906438,2026-02-05,Groceries,CARREFOUR HYPERMARKET,306.01,debit,49386.05,False
8e691d56-e,CUST906438,2026-02-05,Groceries,POS PURCHASE - LOCAL MARKET,506.76,debit,48879.29,False
35cd0282-0,CUST906438,2026-02-06,Rent/Installment,ACH DEBIT - RENT PAYMENT,8364.97,debit,40514.32,False
0ae532dd-e,CUST906438,2026-02-08,Healthcare,CLINIC VISIT FEE,247.55,debit,40266.77,False
7782863a-8,CUST906438,2026-02-11,Entertainment,CINEMA TICKET PURCHASE,35.13,debit,40231.64,False
75588343-a,CUST906438,2026-02-11,Shopping,AMAZON.EG ORDER,690.96,debit,39540.68,False
dd0cbd29-b,CUST906438,2026-02-12,Groceries,CARREFOUR HYPERMARKET,1889.33,debit,37651.35,False
20da94ea-2,CUST906438,2026-02-15,Transportation,UBER *TRIP 720,492.16,debit,37159.19,False
6ec11148-4,CUST906438,2026-02-15,Savings Transfer,INTERNAL XFER - SAVINGS,2402.39,debit,34756.8,False
9a4a3caa-1,CUST906438,2026-02-17,Utilities,Internet Bill - NBE,1670.73,debit,33086.07,False
456c4239-4,CUST906438,2026-02-17,Dining/Restaurants,CAFE PURCHASE,663.28,debit,32422.79,False
a3543c86-a,CUST906438,2026-02-19,Savings Transfer,INTERNAL XFER - SAVINGS,1345.4,debit,31077.39,False
18756036-1,CUST906438,2026-02-20,Groceries,CARREFOUR HYPERMARKET,681.02,debit,30396.37,False
7405436b-7,CUST906438,2026-02-21,Dining/Restaurants,POS - LOCAL RESTAURANT,1973.88,debit,28422.49,False
4999771c-4,CUST906438,2026-02-22,Entertainment,GAMING STORE PURCHASE,312.07,debit,28110.42,False
246e1950-b,CUST906438,2026-02-22,Entertainment,GAMING STORE PURCHASE,91.74,debit,28018.68,False
e4d43e31-7,CUST906438,2026-02-22,Healthcare,CLINIC VISIT FEE,641.73,debit,27376.95,False
d3fe0f55-c,CUST906438,2026-02-24,Subscriptions,NETFLIX.COM SUBSCRIPTION,724.1,debit,26652.85,False
4da0dd3f-2,CUST906438,2026-02-25,Transportation,CAREEM RIDE,581.75,debit,26071.1,False
f02311de-5,CUST906438,2026-02-26,Healthcare,CLINIC VISIT FEE,690.19,debit,25380.91,False
d9d82e88-d,CUST906438,2026-02-27,Shopping,MALL PURCHASE - POS,385.94,debit,24994.97,False
5f7caa8f-9,CUST906438,2026-02-28,Shopping,AMAZON.EG ORDER,695.57,debit,24299.4,False
cbac58ff-a,CUST906438,2026-03-01,Entertainment,CINEMA TICKET PURCHASE,229.27,debit,24070.13,False
952106e5-8,CUST906438,2026-03-02,Transportation,UBER *TRIP 764,382.23,debit,23687.9,False
3cedede8-4,CUST906438,2026-03-02,Savings Transfer,TRANSFER TO SAVINGS ACCT,785.32,debit,22902.58,False
f043f05b-a,CUST906438,2026-03-03,Salary,MONTHLY SALARY CREDIT,35700.0,credit,58602.58,False
b955111d-7,CUST906438,2026-03-03,Dining/Restaurants,MCDONALDS #950,1089.29,debit,57513.29,False
73db4f6b-d,CUST906438,2026-03-03,Dining/Restaurants,MCDONALDS #992,824.53,debit,56688.76,False
c3dcfbf2-3,CUST906438,2026-03-03,Savings Transfer,INTERNAL XFER - SAVINGS,1041.3,debit,55647.46,False
0e490653-8,CUST906438,2026-03-04,Shopping,ONLINE STORE CHECKOUT,776.77,debit,54870.69,False
167c1146-7,CUST906438,2026-03-04,Savings Transfer,TRANSFER TO SAVINGS ACCT,936.34,debit,53934.35,False
8c2ac5fa-a,CUST906438,2026-03-05,Dining/Restaurants,MCDONALDS #907,196.3,debit,53738.05,False
03e3280c-e,CUST906438,2026-03-07,Shopping,ONLINE STORE CHECKOUT,54.44,debit,53683.61,False
65e376f8-1,CUST906438,2026-03-08,Groceries,POS PURCHASE - LOCAL MARKET,2876.91,debit,50806.7,False
ee0ead78-3,CUST906438,2026-03-09,Utilities,WATER CO. AUTOPAY,1428.86,debit,49377.84,False
7b62fff4-d,CUST906438,2026-03-09,Transportation,UBER *TRIP 719,1476.23,debit,47901.61,False
3c1d947e-3,CUST906438,2026-03-13,Groceries,POS PURCHASE - LOCAL MARKET,21.96,debit,47879.65,False
9186bd3f-f,CUST906438,2026-03-13,Transportation,CAREEM RIDE,445.0,debit,47434.65,False
7bf4356f-4,CUST906438,2026-03-13,Healthcare,LAB TEST PAYMENT,563.64,debit,46871.01,False
e4575139-b,CUST906438,2026-03-14,Subscriptions,NETFLIX.COM SUBSCRIPTION,695.32,debit,46175.69,False
8bb011b1-9,CUST906438,2026-03-15,Savings Transfer,TRANSFER TO SAVINGS ACCT,1500.76,debit,44674.93,False
2771826b-f,CUST906438,2026-03-18,Dining/Restaurants,CAFE PURCHASE,652.71,debit,44022.22,False
c110b613-c,CUST906438,2026-03-18,Entertainment,NETFLIX PPV CHARGE,62.44,debit,43959.78,False
598cf9e4-0,CUST906438,2026-03-20,Groceries,CARREFOUR HYPERMARKET,836.24,debit,43123.54,False
2e34e75a-5,CUST906438,2026-03-22,Dining/Restaurants,MCDONALDS #557,90.05,debit,43033.49,False
6fb6e39b-1,CUST906438,2026-03-22,Entertainment,GAMING STORE PURCHASE,747.08,debit,42286.41,False
5f71c3a3-2,CUST906438,2026-03-23,Healthcare,CLINIC VISIT FEE,1039.94,debit,41246.47,False
4b92dfe5-4,CUST906438,2026-03-24,Rent/Installment,ACH DEBIT - RENT PAYMENT,8073.07,debit,33173.4,False
288e123c-e,CUST906438,2026-03-25,Shopping,ONLINE STORE CHECKOUT,895.6,debit,32277.8,False
4cb11786-2,CUST906438,2026-03-26,Transportation,UBER *TRIP 379,312.63,debit,31965.17,False
b291645a-d,CUST906438,2026-04-01,Healthcare,PHARMACY PURCHASE,45.2,debit,31919.97,False
a38b387e-2,CUST906438,2026-04-02,Salary,MONTHLY SALARY CREDIT,35700.0,credit,67619.97,False
7ca30b83-7,CUST906438,2026-04-04,Entertainment,CINEMA TICKET PURCHASE,11.99,debit,67607.98,False
52930bdb-3,CUST906438,2026-04-05,Dining/Restaurants,MCDONALDS #803,1181.93,debit,66426.05,False
6b323e24-a,CUST906438,2026-04-07,Entertainment,CINEMA TICKET PURCHASE,103.77,debit,66322.28,False
d90755c0-7,CUST906438,2026-04-08,Healthcare,CLINIC VISIT FEE,46.98,debit,66275.3,False
61f12859-8,CUST906438,2026-04-09,Groceries,SPINNEYS #530,1295.53,debit,64979.77,False
b7545ee4-7,CUST906438,2026-04-10,Dining/Restaurants,MCDONALDS #269,147.67,debit,64832.1,False
7f906b9d-8,CUST906438,2026-04-10,Shopping,ONLINE STORE CHECKOUT,570.88,debit,64261.22,False
c9cbe904-8,CUST906438,2026-04-12,Groceries,SPINNEYS #498,388.06,debit,63873.16,False
5614dc9b-6,CUST906438,2026-04-12,Transportation,CAREEM RIDE,723.92,debit,63149.24,False
b4f3e160-8,CUST906438,2026-04-14,Entertainment,CINEMA TICKET PURCHASE,751.09,debit,62398.15,False
85040610-1,CUST906438,2026-04-14,Subscriptions,SPOTIFY AB,696.8,debit,61701.35,False
2b797139-b,CUST906438,2026-04-15,Dining/Restaurants,MCDONALDS #300,1110.91,debit,60590.44,False
6a72c07e-2,CUST906438,2026-04-16,Groceries,CARREFOUR HYPERMARKET,386.6,debit,60203.84,False
0f1fe8f0-3,CUST906438,2026-04-16,Entertainment,NETFLIX PPV CHARGE,366.43,debit,59837.41,False
5098cebe-c,CUST906438,2026-04-16,Healthcare,PHARMACY PURCHASE,529.64,debit,59307.77,False
6080bb5a-d,CUST906438,2026-04-17,Transportation,FUEL STATION PURCHASE,857.26,debit,58450.51,False
248e6b8c-b,CUST906438,2026-04-18,Healthcare,LAB TEST PAYMENT,381.26,debit,58069.25,False
d4ac1c7f-1,CUST906438,2026-04-19,Groceries,CARREFOUR HYPERMARKET,21.14,debit,58048.11,False
e0cc3663-1,CUST906438,2026-04-19,Savings Transfer,TRANSFER TO SAVINGS ACCT,2939.29,debit,55108.82,False
121469ae-a,CUST906438,2026-04-20,Shopping,MALL PURCHASE - POS,953.13,debit,54155.69,False
5dcf82ab-d,CUST906438,2026-04-21,Healthcare,PHARMACY PURCHASE,688.01,debit,53467.68,False
87df213d-1,CUST906438,2026-04-23,Dining/Restaurants,POS - LOCAL RESTAURANT,179.19,debit,53288.49,False
edcf7c25-d,CUST906438,2026-04-24,Transportation,CAREEM RIDE,651.49,debit,52637.0,False
8c46f304-1,CUST906438,2026-04-25,Savings Transfer,TRANSFER TO SAVINGS ACCT,900.37,debit,51736.63,False
0d692bc6-b,CUST906438,2026-04-26,Groceries,POS PURCHASE - LOCAL MARKET,1201.55,debit,50535.08,False
c4807e2a-d,CUST906438,2026-04-26,Transportation,UBER *TRIP 804,191.91,debit,50343.17,False
95e4721f-9,CUST906438,2026-04-27,Utilities,Internet Bill - NBE,1621.65,debit,48721.52,False
d5423c8f-4,CUST906438,2026-04-28,Rent/Installment,ACH DEBIT - RENT PAYMENT,7981.41,debit,40740.11,False
9566682e-4,CUST906438,2026-04-28,Transportation,CAREEM RIDE,27.97,debit,40712.14,False
c950b223-5,CUST906438,2026-04-28,Dining/Restaurants,CAFE PURCHASE,364.57,debit,40347.57,False
8bdf9c6b-5,CUST906438,2026-05-01,Salary,MONTHLY SALARY CREDIT,35700.0,credit,76047.57,False
fea67cf9-f,CUST906438,2026-05-02,Rent/Installment,Home Loan Installment - ONLINE,7858.27,debit,68189.3,False
d2fabb5e-c,CUST906438,2026-05-03,Utilities,ELECTRICITY BILL PMT,1481.09,debit,66708.21,False
830b36ed-8,CUST906438,2026-05-04,Dining/Restaurants,MCDONALDS #385,298.75,debit,66409.46,False
f43e2430-0,CUST906438,2026-05-04,Dining/Restaurants,CAFE PURCHASE,369.74,debit,66039.72,False
096b63a2-0,CUST906438,2026-05-06,Groceries,SPINNEYS #591,1705.56,debit,64334.16,False
0a9749e5-8,CUST906438,2026-05-06,Subscriptions,GYM MEMBERSHIP AUTOPAY,700.64,debit,63633.52,False
e1779915-8,CUST906438,2026-05-07,Shopping,AMAZON.EG ORDER,1736.19,debit,61897.33,False
c653c39f-2,CUST906438,2026-05-07,Savings Transfer,TRANSFER TO SAVINGS ACCT,506.5,debit,61390.83,False
d6d87a11-5,CUST906438,2026-05-09,Transportation,FUEL STATION PURCHASE,419.79,debit,60971.04,False
e2ba8416-9,CUST906438,2026-05-14,Dining/Restaurants,POS - LOCAL RESTAURANT,1984.14,debit,58986.9,False
58d177b4-d,CUST906438,2026-05-14,Savings Transfer,INTERNAL XFER - SAVINGS,2598.05,debit,56388.85,False
f6e8f5b6-8,CUST906438,2026-05-15,Groceries,CARREFOUR HYPERMARKET,281.22,debit,56107.63,False
3bb10d47-0,CUST906438,2026-05-15,Transportation,FUEL STATION PURCHASE,107.83,debit,55999.8,False
424d9984-e,CUST906438,2026-05-15,Shopping,MALL PURCHASE - POS,11.97,debit,55987.83,False
8c990904-c,CUST906438,2026-05-16,Entertainment,CINEMA TICKET PURCHASE,504.44,debit,55483.39,False
753d8fb7-5,CUST906438,2026-05-17,Groceries,CARREFOUR HYPERMARKET,1444.56,debit,54038.83,False
fdb14890-5,CUST906438,2026-05-17,Healthcare,PHARMACY PURCHASE,317.58,debit,53721.25,False
104fca4c-0,CUST906438,2026-05-19,Transportation,FUEL STATION PURCHASE,130.79,debit,53590.46,False
cf4cebca-c,CUST906438,2026-05-19,Healthcare,PHARMACY PURCHASE,125.54,debit,53464.92,False
3856b0c7-c,CUST906438,2026-05-23,Healthcare,LAB TEST PAYMENT,444.56,debit,53020.36,False
0e50d729-3,CUST906438,2026-05-26,Transportation,FUEL STATION PURCHASE,184.44,debit,52835.92,False
075b427d-0,CUST906438,2026-05-26,Savings Transfer,TRANSFER TO SAVINGS ACCT,1345.15,debit,51490.77,False
6255b37c-7,CUST906438,2026-05-27,Healthcare,PHARMACY PURCHASE,569.65,debit,50921.12,False
160c1325-d,CUST906438,2026-05-28,Transportation,CAREEM RIDE,1579.14,debit,49341.98,False
ecea89fd-4,CUST906438,2026-05-28,Dining/Restaurants,POS - LOCAL RESTAURANT,153.72,debit,49188.26,False
99631c73-5,CUST906438,2026-05-28,Entertainment,GAMING STORE PURCHASE,661.43,debit,48526.83,False
379211b6-9,CUST906438,2026-06-01,Salary,MONTHLY SALARY CREDIT,35700.0,credit,84226.83,False
955a98ce-6,CUST906438,2026-06-02,Subscriptions,GYM MEMBERSHIP AUTOPAY,667.93,debit,83558.9,False
ee15312b-b,CUST906438,2026-06-02,Healthcare,LAB TEST PAYMENT,383.98,debit,83174.92,False
20a2999f-3,CUST906438,2026-06-05,Healthcare,LAB TEST PAYMENT,65.4,debit,83109.52,False
4aca9b21-2,CUST906438,2026-06-06,Entertainment,GAMING STORE PURCHASE,998.22,debit,82111.3,False
019fb38f-2,CUST906438,2026-06-08,Utilities,ELECTRICITY BILL PMT,1662.75,debit,80448.55,False
c2202b4a-d,CUST906438,2026-06-08,Groceries,SPINNEYS #788,871.77,debit,79576.78,False
304d3b4a-c,CUST906438,2026-06-08,Transportation,FUEL STATION PURCHASE,1671.89,debit,77904.89,False
f7dd3081-d,CUST906438,2026-06-08,Shopping,AMAZON.EG ORDER,704.52,debit,77200.37,False
3fae42d2-9,CUST906438,2026-06-09,Shopping,AMAZON.EG ORDER,429.27,debit,76771.1,False
f50a2108-2,CUST906438,2026-06-10,Groceries,POS PURCHASE - LOCAL MARKET,138.16,debit,76632.94,False
c324513d-a,CUST906438,2026-06-11,Dining/Restaurants,CAFE PURCHASE,107.48,debit,76525.46,False
b70f27ea-5,CUST906438,2026-06-12,Groceries,POS PURCHASE - LOCAL MARKET,573.74,debit,75951.72,False
3c6bd026-b,CUST906438,2026-06-12,Healthcare,LAB TEST PAYMENT,237.5,debit,75714.22,False
1cd97f30-a,CUST906438,2026-06-14,Healthcare,LAB TEST PAYMENT,130.65,debit,75583.57,False
ad336e0a-c,CUST906438,2026-06-17,Savings Transfer,TRANSFER TO SAVINGS ACCT,1233.24,debit,74350.33,False
4abe7107-8,CUST906438,2026-06-18,Transportation,UBER *TRIP 256,301.93,debit,74048.4,False
4d263abc-f,CUST906438,2026-06-20,Groceries,SPINNEYS #867,2188.09,debit,71860.31,False
ababf329-7,CUST906438,2026-06-20,Transportation,FUEL STATION PURCHASE,231.46,debit,71628.85,False
e04a1b1c-d,CUST906438,2026-06-20,Dining/Restaurants,CAFE PURCHASE,207.63,debit,71421.22,False
26a5cd73-5,CUST906438,2026-06-20,Healthcare,PHARMACY PURCHASE,890.34,debit,70530.88,False
130371cb-2,CUST906438,2026-06-21,Dining/Restaurants,CAFE PURCHASE,2092.61,debit,68438.27,False
29aa6996-9,CUST906438,2026-06-21,Savings Transfer,TRANSFER TO SAVINGS ACCT,1911.35,debit,66526.92,False
93b9e939-4,CUST906438,2026-06-23,Rent/Installment,ACH DEBIT - RENT PAYMENT,8362.84,debit,58164.08,False
083c90cc-5,CUST906438,2026-06-24,Shopping,ONLINE STORE CHECKOUT,510.17,debit,57653.91,False
619ef56e-8,CUST906438,2026-06-25,Savings Transfer,TRANSFER TO SAVINGS ACCT,1002.39,debit,56651.52,False
92b24565-1,CUST906438,2026-06-26,Entertainment,CINEMA TICKET PURCHASE,220.75,debit,56430.77,False
6f0532bd-f,CUST906438,2026-06-27,Dining/Restaurants,POS - LOCAL RESTAURANT,569.47,debit,55861.3,False
667b8e79-d,CUST906438,2026-06-28,Transportation,CAREEM RIDE,200.86,debit,55660.44,False
c73e24f9-1,CUST299D9D,2026-01-01,Salary,MONTHLY SALARY CREDIT,28200.0,credit,33005.3,False
78337c61-8,CUST299D9D,2026-01-01,Dining/Restaurants,CAFE PURCHASE,851.18,debit,32154.12,False
d076b4c5-9,CUST299D9D,2026-01-01,Entertainment,GAMING STORE PURCHASE,348.04,debit,31806.08,False
5f297911-0,CUST299D9D,2026-01-03,Entertainment,NETFLIX PPV CHARGE,859.0,debit,30947.08,False
8a4ba764-d,CUST299D9D,2026-01-03,Subscriptions,GYM MEMBERSHIP AUTOPAY,888.04,debit,30059.04,False
3168b74f-8,CUST299D9D,2026-01-07,Healthcare,CLINIC VISIT FEE,304.16,debit,29754.88,False
1c24a977-4,CUST299D9D,2026-01-08,Groceries,CARREFOUR HYPERMARKET,900.89,debit,28853.99,False
bc69b6d1-7,CUST299D9D,2026-01-08,Savings Transfer,INTERNAL XFER - SAVINGS,27.28,debit,28826.71,False
1aa9d3e6-8,CUST299D9D,2026-01-09,Dining/Restaurants,MCDONALDS #927,158.93,debit,28667.78,False
73cbdd0d-e,CUST299D9D,2026-01-10,Transportation,CAREEM RIDE,1138.07,debit,27529.71,False
02cd2623-a,CUST299D9D,2026-01-10,Transportation,FUEL STATION PURCHASE,616.01,debit,26913.7,False
2eaf5aee-0,CUST299D9D,2026-01-10,Entertainment,CINEMA TICKET PURCHASE,91.3,debit,26822.4,False
96a5bee3-7,CUST299D9D,2026-01-13,Savings Transfer,INTERNAL XFER - SAVINGS,713.65,debit,26108.75,False
c71cb538-0,CUST299D9D,2026-01-14,Groceries,SPINNEYS #415,1286.82,debit,24821.93,False
74299afe-d,CUST299D9D,2026-01-14,Savings Transfer,TRANSFER TO SAVINGS ACCT,33.45,debit,24788.48,False
b6f28cd1-a,CUST299D9D,2026-01-15,Shopping,AMAZON.EG ORDER,1950.92,debit,22837.56,False
8083b60e-0,CUST299D9D,2026-01-20,Utilities,Internet Bill - ONLINE,1110.62,debit,21726.94,False
6b66b429-0,CUST299D9D,2026-01-20,Healthcare,CLINIC VISIT FEE,603.96,debit,21122.98,False
caaca36a-b,CUST299D9D,2026-01-21,Rent/Installment,ACH DEBIT - RENT PAYMENT,6646.79,debit,14476.19,False
fa48126f-3,CUST299D9D,2026-01-24,Entertainment,GAMING STORE PURCHASE,173.73,debit,14302.46,False
2f90bc66-3,CUST299D9D,2026-01-27,Shopping,ONLINE STORE CHECKOUT,223.4,debit,14079.06,False
9f0a47f9-7,CUST299D9D,2026-01-27,Healthcare,PHARMACY PURCHASE,74.79,debit,14004.27,False
72012d9a-b,CUST299D9D,2026-02-01,Entertainment,NETFLIX PPV CHARGE,840.04,debit,13164.23,False
bbe02630-5,CUST299D9D,2026-02-03,Salary,MONTHLY SALARY CREDIT,28200.0,credit,41364.23,False
11fd850d-8,CUST299D9D,2026-02-03,Utilities,ELECTRICITY BILL PMT,1225.36,debit,40138.87,False
8a192231-c,CUST299D9D,2026-02-05,Groceries,SPINNEYS #769,1447.96,debit,38690.91,False
eb20d0d9-0,CUST299D9D,2026-02-05,Entertainment,GAMING STORE PURCHASE,109.49,debit,38581.42,False
a196dcc9-d,CUST299D9D,2026-02-07,Shopping,MALL PURCHASE - POS,164.76,debit,38416.66,False
35c4c316-c,CUST299D9D,2026-02-07,Savings Transfer,INTERNAL XFER - SAVINGS,406.32,debit,38010.34,False
e5036ee0-0,CUST299D9D,2026-02-08,Rent/Installment,Monthly Rent Transfer,6255.14,debit,31755.2,False
2955c47d-e,CUST299D9D,2026-02-08,Transportation,UBER *TRIP 363,908.26,debit,30846.94,False
8343c26b-9,CUST299D9D,2026-02-08,Shopping,ONLINE STORE CHECKOUT,565.01,debit,30281.93,False
057cb8ca-1,CUST299D9D,2026-02-11,Entertainment,CINEMA TICKET PURCHASE,280.68,debit,30001.25,False
ec2b52e5-0,CUST299D9D,2026-02-14,Transportation,UBER *TRIP 306,349.85,debit,29651.4,False
8cc859dd-9,CUST299D9D,2026-02-16,Subscriptions,SPOTIFY AB,888.16,debit,28763.24,False
3441a316-5,CUST299D9D,2026-02-17,Healthcare,PHARMACY PURCHASE,823.98,debit,27939.26,False
c6d606ae-8,CUST299D9D,2026-02-17,Savings Transfer,INTERNAL XFER - SAVINGS,37.25,debit,27902.01,False
4cf14d6f-4,CUST299D9D,2026-02-18,Entertainment,CINEMA TICKET PURCHASE,262.27,debit,27639.74,False
e8f48887-0,CUST299D9D,2026-02-20,Groceries,CARREFOUR HYPERMARKET,39.69,debit,27600.05,False
97db35bf-1,CUST299D9D,2026-02-20,Dining/Restaurants,POS - LOCAL RESTAURANT,65.74,debit,27534.31,False
3ccde3f6-7,CUST299D9D,2026-02-22,Transportation,FUEL STATION PURCHASE,604.56,debit,26929.75,False
8de7060b-1,CUST299D9D,2026-02-24,Dining/Restaurants,CAFE PURCHASE,1013.22,debit,25916.53,False
cfd59dd7-5,CUST299D9D,2026-02-24,Savings Transfer,INTERNAL XFER - SAVINGS,294.56,debit,25621.97,False
994ced06-4,CUST299D9D,2026-02-25,Healthcare,LAB TEST PAYMENT,202.7,debit,25419.27,False
6c59c818-9,CUST299D9D,2026-02-27,Shopping,ONLINE STORE CHECKOUT,1272.26,debit,24147.01,False
3c09bce4-a,CUST299D9D,2026-02-28,Groceries,CARREFOUR HYPERMARKET,955.81,debit,23191.2,False
90351dd4-c,CUST299D9D,2026-02-28,Shopping,MALL PURCHASE - POS,87.83,debit,23103.37,False
bf565e41-9,CUST299D9D,2026-03-01,Transportation,CAREEM RIDE,104.04,debit,22999.33,False
dcc1d432-a,CUST299D9D,2026-03-03,Salary,MONTHLY SALARY CREDIT,28200.0,credit,51199.33,False
bd554cf3-9,CUST299D9D,2026-03-03,Groceries,CARREFOUR HYPERMARKET,177.81,debit,51021.52,False
764d3ded-5,CUST299D9D,2026-03-04,Utilities,WATER CO. AUTOPAY,1186.66,debit,49834.86,False
862918d4-5,CUST299D9D,2026-03-05,Healthcare,CLINIC VISIT FEE,829.38,debit,49005.48,False
8e02a68f-2,CUST299D9D,2026-03-06,Transportation,UBER *TRIP 390,513.27,debit,48492.21,False
7d180d49-8,CUST299D9D,2026-03-06,Dining/Restaurants,CAFE PURCHASE,333.71,debit,48158.5,False
e4a84f83-d,CUST299D9D,2026-03-06,Dining/Restaurants,POS - LOCAL RESTAURANT,233.37,debit,47925.13,False
03f272ef-a,CUST299D9D,2026-03-07,Transportation,CAREEM RIDE,44.41,debit,47880.72,False
6ddba7ed-8,CUST299D9D,2026-03-08,Subscriptions,NETFLIX.COM SUBSCRIPTION,833.71,debit,47047.01,False
f79a1b96-2,CUST299D9D,2026-03-09,Transportation,FUEL STATION PURCHASE,710.09,debit,46336.92,False
0e7a8653-9,CUST299D9D,2026-03-10,Shopping,ONLINE STORE CHECKOUT,123.83,debit,46213.09,False
bfe210d1-8,CUST299D9D,2026-03-11,Dining/Restaurants,POS - LOCAL RESTAURANT,256.05,debit,45957.04,False
be372e1b-2,CUST299D9D,2026-03-11,Entertainment,CINEMA TICKET PURCHASE,1163.89,debit,44793.15,False
ee6314de-7,CUST299D9D,2026-03-13,Healthcare,LAB TEST PAYMENT,146.19,debit,44646.96,False
4c34300c-4,CUST299D9D,2026-03-13,Savings Transfer,INTERNAL XFER - SAVINGS,588.63,debit,44058.33,False
32bd04b8-3,CUST299D9D,2026-03-14,Transportation,FUEL STATION PURCHASE,475.64,debit,43582.69,False
5893148f-f,CUST299D9D,2026-03-14,Shopping,ONLINE STORE CHECKOUT,970.34,debit,42612.35,False
7a27305c-e,CUST299D9D,2026-03-15,Groceries,CARREFOUR HYPERMARKET,375.38,debit,42236.97,False
23a5c80b-1,CUST299D9D,2026-03-16,Groceries,SPINNEYS #528,301.07,debit,41935.9,False
d92778d3-c,CUST299D9D,2026-03-16,Dining/Restaurants,CAFE PURCHASE,93.32,debit,41842.58,False
454c1cae-f,CUST299D9D,2026-03-16,Savings Transfer,INTERNAL XFER - SAVINGS,243.78,debit,41598.8,False
54b8bb27-5,CUST299D9D,2026-03-17,Shopping,AMAZON.EG ORDER,415.08,debit,41183.72,False
355146c5-b,CUST299D9D,2026-03-17,Savings Transfer,INTERNAL XFER - SAVINGS,5.0,debit,41178.72,False
6a95dc59-c,CUST299D9D,2026-03-19,Rent/Installment,Home Loan Installment - NBE,6502.82,debit,34675.9,False
5a407f26-9,CUST299D9D,2026-03-22,Shopping,MALL PURCHASE - POS,407.02,debit,34268.88,False
4e8f6f32-d,CUST299D9D,2026-03-24,Groceries,SPINNEYS #100,869.69,debit,33399.19,False
8503838c-4,CUST299D9D,2026-03-25,Shopping,AMAZON.EG ORDER,490.99,debit,32908.2,False
fb7f1a6c-9,CUST299D9D,2026-03-26,Groceries,POS PURCHASE - LOCAL MARKET,367.87,debit,32540.33,False
395ccf7e-a,CUST299D9D,2026-03-27,Dining/Restaurants,CAFE PURCHASE,200.08,debit,32340.25,False
299e5254-4,CUST299D9D,2026-03-28,Entertainment,CINEMA TICKET PURCHASE,214.34,debit,32125.91,False
e3899b99-e,CUST299D9D,2026-04-02,Salary,MONTHLY SALARY CREDIT,28200.0,credit,60325.91,False
a9ae4a68-b,CUST299D9D,2026-04-02,Healthcare,PHARMACY PURCHASE,101.61,debit,60224.3,False
abfff43e-e,CUST299D9D,2026-04-02,Healthcare,LAB TEST PAYMENT,12.03,debit,60212.27,False
4f34af2d-0,CUST299D9D,2026-04-04,Groceries,POS PURCHASE - LOCAL MARKET,55.45,debit,60156.82,False
878b079d-0,CUST299D9D,2026-04-05,Rent/Installment,ACH DEBIT - RENT PAYMENT,6230.07,debit,53926.75,False
c121a9fe-0,CUST299D9D,2026-04-05,Groceries,CARREFOUR HYPERMARKET,823.58,debit,53103.17,False
899b9e81-7,CUST299D9D,2026-04-06,Savings Transfer,TRANSFER TO SAVINGS ACCT,189.58,debit,52913.59,False
2fbb21da-b,CUST299D9D,2026-04-07,Healthcare,PHARMACY PURCHASE,645.18,debit,52268.41,False
8d4b83a6-8,CUST299D9D,2026-04-08,Transportation,UBER *TRIP 557,852.21,debit,51416.2,False
0510ea16-4,CUST299D9D,2026-04-08,Entertainment,NETFLIX PPV CHARGE,162.6,debit,51253.6,False
37da7911-d,CUST299D9D,2026-04-09,Utilities,WATER CO. AUTOPAY,1190.01,debit,50063.59,False
c12a9669-2,CUST299D9D,2026-04-09,Transportation,CAREEM RIDE,1047.96,debit,49015.63,False
c1b66fdf-4,CUST299D9D,2026-04-09,Entertainment,GAMING STORE PURCHASE,393.93,debit,48621.7,False
14590d4c-9,CUST299D9D,2026-04-09,Shopping,AMAZON.EG ORDER,25.62,debit,48596.08,False
bdd14d63-8,CUST299D9D,2026-04-12,Entertainment,CINEMA TICKET PURCHASE,412.69,debit,48183.39,False
b40f39cc-8,CUST299D9D,2026-04-13,Dining/Restaurants,MCDONALDS #501,789.1,debit,47394.29,False
598438b3-0,CUST299D9D,2026-04-14,Shopping,MALL PURCHASE - POS,1282.29,debit,46112.0,False
d120666a-b,CUST299D9D,2026-04-14,Savings Transfer,INTERNAL XFER - SAVINGS,14.04,debit,46097.96,False
a57ec607-6,CUST299D9D,2026-04-15,Groceries,POS PURCHASE - LOCAL MARKET,477.52,debit,45620.44,False
2e9f496e-e,CUST299D9D,2026-04-15,Entertainment,NETFLIX PPV CHARGE,336.91,debit,45283.53,False
5aeb8395-1,CUST299D9D,2026-04-15,Subscriptions,SPOTIFY AB,799.77,debit,44483.76,False
0d7b3614-e,CUST299D9D,2026-04-17,Dining/Restaurants,CAFE PURCHASE,128.33,debit,44355.43,False
05e616f5-5,CUST299D9D,2026-04-17,Savings Transfer,INTERNAL XFER - SAVINGS,427.98,debit,43927.45,False
7e21f4d5-f,CUST299D9D,2026-04-18,Dining/Restaurants,POS - LOCAL RESTAURANT,251.26,debit,43676.19,False
62a483bc-7,CUST299D9D,2026-04-18,Shopping,MALL PURCHASE - POS,1140.13,debit,42536.06,False
c34376ba-9,CUST299D9D,2026-04-23,Entertainment,NETFLIX PPV CHARGE,180.58,debit,42355.48,False
2bf1aa64-f,CUST299D9D,2026-04-24,Groceries,POS PURCHASE - LOCAL MARKET,822.72,debit,41532.76,False
03550cdb-c,CUST299D9D,2026-04-24,Healthcare,PHARMACY PURCHASE,231.12,debit,41301.64,False
00edba77-2,CUST299D9D,2026-04-24,Savings Transfer,INTERNAL XFER - SAVINGS,111.47,debit,41190.17,False
e7e4e5b9-d,CUST299D9D,2026-05-01,Salary,MONTHLY SALARY CREDIT,28200.0,credit,69390.17,False
29418cb8-7,CUST299D9D,2026-05-01,Dining/Restaurants,POS - LOCAL RESTAURANT,411.34,debit,68978.83,False
e927f6b0-f,CUST299D9D,2026-05-01,Entertainment,GAMING STORE PURCHASE,102.57,debit,68876.26,False
1fd0244e-d,CUST299D9D,2026-05-01,Savings Transfer,TRANSFER TO SAVINGS ACCT,296.87,debit,68579.39,False
b79b1e6f-9,CUST299D9D,2026-05-02,Groceries,POS PURCHASE - LOCAL MARKET,318.25,debit,68261.14,False
66165cf2-f,CUST299D9D,2026-05-03,Transportation,UBER *TRIP 660,435.79,debit,67825.35,False
9a9bbf2d-e,CUST299D9D,2026-05-03,Dining/Restaurants,CAFE PURCHASE,40.18,debit,67785.17,False
c2db1ace-2,CUST299D9D,2026-05-03,Entertainment,NETFLIX PPV CHARGE,194.6,debit,67590.57,False
f8741475-e,CUST299D9D,2026-05-05,Subscriptions,NETFLIX.COM SUBSCRIPTION,818.77,debit,66771.8,False
5b20f8e4-1,CUST299D9D,2026-05-07,Healthcare,LAB TEST PAYMENT,130.22,debit,66641.58,False
10f633f8-d,CUST299D9D,2026-05-10,Dining/Restaurants,POS - LOCAL RESTAURANT,315.11,debit,66326.47,False
b35e34af-7,CUST299D9D,2026-05-10,Healthcare,CLINIC VISIT FEE,360.02,debit,65966.45,False
5c0ae740-5,CUST299D9D,2026-05-11,Entertainment,GAMING STORE PURCHASE,616.94,debit,65349.51,False
f0b53cdb-2,CUST299D9D,2026-05-11,Shopping,MALL PURCHASE - POS,783.77,debit,64565.74,False
12cd6419-f,CUST299D9D,2026-05-11,Savings Transfer,INTERNAL XFER - SAVINGS,208.44,debit,64357.3,False
071df5b0-9,CUST299D9D,2026-05-13,Healthcare,PHARMACY PURCHASE,557.14,debit,63800.16,False
663dc2c1-b,CUST299D9D,2026-05-14,Rent/Installment,ACH DEBIT - RENT PAYMENT,7022.37,debit,56777.79,False
0a1b857c-7,CUST299D9D,2026-05-14,Dining/Restaurants,CAFE PURCHASE,130.32,debit,56647.47,False
e0592a24-9,CUST299D9D,2026-05-14,Shopping,MALL PURCHASE - POS,375.29,debit,56272.18,False
cc875360-8,CUST299D9D,2026-05-19,Groceries,POS PURCHASE - LOCAL MARKET,1883.66,debit,54388.52,False
10a3a83f-9,CUST299D9D,2026-05-19,Transportation,FUEL STATION PURCHASE,1013.85,debit,53374.67,False
12ec5376-d,CUST299D9D,2026-05-22,Utilities,ELECTRICITY BILL PMT,1309.19,debit,52065.48,False
d2d5f702-a,CUST299D9D,2026-05-22,Transportation,CAREEM RIDE,340.78,debit,51724.7,False
47f97900-1,CUST299D9D,2026-05-22,Shopping,AMAZON.EG ORDER,859.33,debit,50865.37,False
9407a2ae-0,CUST299D9D,2026-05-23,Entertainment,CINEMA TICKET PURCHASE,226.96,debit,50638.41,False
24be302b-7,CUST299D9D,2026-05-23,Entertainment,CINEMA TICKET PURCHASE,400.14,debit,50238.27,False
12438cda-1,CUST299D9D,2026-05-24,Dining/Restaurants,CAFE PURCHASE,241.95,debit,49996.32,False
cb33e9c3-f,CUST299D9D,2026-05-25,Transportation,FUEL STATION PURCHASE,151.04,debit,49845.28,False
b64d7f68-e,CUST299D9D,2026-05-26,Savings Transfer,INTERNAL XFER - SAVINGS,98.04,debit,49747.24,False
a08d3ef6-f,CUST299D9D,2026-05-27,Savings Transfer,TRANSFER TO SAVINGS ACCT,121.53,debit,49625.71,False
3791cd2a-2,CUST299D9D,2026-06-02,Salary,MONTHLY SALARY CREDIT,28200.0,credit,77825.71,False
e26f681b-1,CUST299D9D,2026-06-03,Entertainment,GAMING STORE PURCHASE,319.56,debit,77506.15,False
da72837c-4,CUST299D9D,2026-06-03,Healthcare,CLINIC VISIT FEE,5.0,debit,77501.15,False
62f01e23-c,CUST299D9D,2026-06-03,Healthcare,CLINIC VISIT FEE,88.85,debit,77412.3,False
5abef79c-4,CUST299D9D,2026-06-04,Shopping,ONLINE STORE CHECKOUT,126.73,debit,77285.57,False
314e6d1f-e,CUST299D9D,2026-06-04,Subscriptions,NETFLIX.COM SUBSCRIPTION,870.86,debit,76414.71,False
16127b9a-9,CUST299D9D,2026-06-06,Transportation,FUEL STATION PURCHASE,54.7,debit,76360.01,False
19ca4cce-a,CUST299D9D,2026-06-06,Dining/Restaurants,CAFE PURCHASE,5.0,debit,76355.01,False
83525d61-9,CUST299D9D,2026-06-07,Groceries,SPINNEYS #178,469.35,debit,75885.66,False
2aa84198-0,CUST299D9D,2026-06-07,Healthcare,PHARMACY PURCHASE,10.24,debit,75875.42,False
fd2df30a-e,CUST299D9D,2026-06-10,Entertainment,GAMING STORE PURCHASE,523.57,debit,75351.85,False
82d4727c-1,CUST299D9D,2026-06-11,Savings Transfer,INTERNAL XFER - SAVINGS,198.43,debit,75153.42,False
6eb40886-4,CUST299D9D,2026-06-12,Transportation,UBER *TRIP 736,1307.13,debit,73846.29,False
e3c4258a-e,CUST299D9D,2026-06-12,Dining/Restaurants,CAFE PURCHASE,413.55,debit,73432.74,False
0579b847-9,CUST299D9D,2026-06-12,Healthcare,PHARMACY PURCHASE,632.45,debit,72800.29,False
2775396a-8,CUST299D9D,2026-06-13,Healthcare,PHARMACY PURCHASE,306.62,debit,72493.67,False
cf8e7553-9,CUST299D9D,2026-06-14,Utilities,WATER CO. AUTOPAY,1270.35,debit,71223.32,False
446383fe-3,CUST299D9D,2026-06-18,Rent/Installment,Monthly Rent Transfer,7087.71,debit,64135.61,False
72b73fef-c,CUST299D9D,2026-06-18,Savings Transfer,INTERNAL XFER - SAVINGS,258.23,debit,63877.38,False
47d6d164-3,CUST299D9D,2026-06-19,Shopping,MALL PURCHASE - POS,1385.22,debit,62492.16,False
1e4fd48b-b,CUST299D9D,2026-06-20,Shopping,AMAZON.EG ORDER,260.11,debit,62232.05,False
b235e674-8,CUST299D9D,2026-06-20,Savings Transfer,INTERNAL XFER - SAVINGS,64.34,debit,62167.71,False
65b126b2-9,CUST299D9D,2026-06-22,Groceries,CARREFOUR HYPERMARKET,1833.78,debit,60333.93,False
468d3547-a,CUST299D9D,2026-06-23,Dining/Restaurants,CAFE PURCHASE,302.61,debit,60031.32,False
a297eee8-7,CUST299D9D,2026-06-24,Entertainment,CINEMA TICKET PURCHASE,351.88,debit,59679.44,False
584e41dc-c,CUST299D9D,2026-06-25,Transportation,CAREEM RIDE,362.6,debit,59316.84,False
2d916434-7,CUST299D9D,2026-06-25,Transportation,FUEL STATION PURCHASE,129.38,debit,59187.46,False
32f86f34-7,CUST299D9D,2026-06-25,Shopping,AMAZON.EG ORDER,273.85,debit,58913.61,False
68db26b3-c,CUST299D9D,2026-06-26,Dining/Restaurants,CAFE PURCHASE,376.67,debit,58536.94,False
5f6f7541-4,CUST299D9D,2026-06-26,Savings Transfer,INTERNAL XFER - SAVINGS,77.76,debit,58459.18,False
b1e1e58c-4,CUST299D9D,2026-06-27,Savings Transfer,INTERNAL XFER - SAVINGS,132.77,debit,58326.41,False
64d7a6d1-a,CUST299D9D,2026-06-28,Entertainment,CINEMA TICKET PURCHASE,258.44,debit,58067.97,False
66c58459-c,CUSTD00ECD,2026-01-01,Dining/Restaurants,MCDONALDS #453,367.16,debit,3188.67,False
7c1c5d4b-3,CUSTD00ECD,2026-01-01,Healthcare,PHARMACY PURCHASE,183.48,debit,3005.19,False
9e243251-7,CUSTD00ECD,2026-01-01,Savings Transfer,INTERNAL XFER - SAVINGS,335.1,debit,2670.09,False
ea3b9069-f,CUSTD00ECD,2026-01-03,Salary,MONTHLY SALARY CREDIT,22500.0,credit,25170.09,False
f26aea68-b,CUSTD00ECD,2026-01-04,Savings Transfer,INTERNAL XFER - SAVINGS,50.07,debit,25120.02,False
7ad68662-b,CUSTD00ECD,2026-01-05,Transportation,CAREEM RIDE,486.48,debit,24633.54,False
d783da92-9,CUSTD00ECD,2026-01-05,Transportation,UBER *TRIP 803,716.19,debit,23917.35,False
fa11d90b-2,CUSTD00ECD,2026-01-05,Dining/Restaurants,MCDONALDS #641,312.39,debit,23604.96,False
ce4c1a5d-f,CUSTD00ECD,2026-01-05,Shopping,ONLINE STORE CHECKOUT,638.22,debit,22966.74,False
9ae9d696-d,CUSTD00ECD,2026-01-06,Entertainment,CINEMA TICKET PURCHASE,81.93,debit,22884.81,False
df6bf68f-5,CUSTD00ECD,2026-01-09,Healthcare,PHARMACY PURCHASE,453.54,debit,22431.27,False
fab8e47b-2,CUSTD00ECD,2026-01-10,Shopping,MALL PURCHASE - POS,285.06,debit,22146.21,False
19d4356b-c,CUSTD00ECD,2026-01-11,Savings Transfer,TRANSFER TO SAVINGS ACCT,650.92,debit,21495.29,False
2a284895-d,CUSTD00ECD,2026-01-15,Entertainment,CINEMA TICKET PURCHASE,683.67,debit,20811.62,False
30073224-9,CUSTD00ECD,2026-01-17,Shopping,ONLINE STORE CHECKOUT,69.64,debit,20741.98,False
589ab528-4,CUSTD00ECD,2026-01-18,Entertainment,NETFLIX PPV CHARGE,333.22,debit,20408.76,False
6ce8f9e7-b,CUSTD00ECD,2026-01-21,Groceries,CARREFOUR HYPERMARKET,1875.14,debit,18533.62,False
69d69995-7,CUSTD00ECD,2026-01-21,Dining/Restaurants,POS - LOCAL RESTAURANT,475.63,debit,18057.99,False
c2d24c12-c,CUSTD00ECD,2026-01-21,Entertainment,GAMING STORE PURCHASE,289.97,debit,17768.02,False
0de16d68-b,CUSTD00ECD,2026-01-21,Subscriptions,GYM MEMBERSHIP AUTOPAY,318.96,debit,17449.06,False
e9f0ea1e-d,CUSTD00ECD,2026-01-21,Savings Transfer,INTERNAL XFER - SAVINGS,1372.24,debit,16076.82,False
46ed1f2e-2,CUSTD00ECD,2026-01-23,Utilities,Internet Bill - ONLINE,1180.14,debit,14896.68,False
db0855aa-8,CUSTD00ECD,2026-01-23,Savings Transfer,INTERNAL XFER - SAVINGS,62.03,debit,14834.65,False
27504172-9,CUSTD00ECD,2026-01-25,Groceries,POS PURCHASE - LOCAL MARKET,32.95,debit,14801.7,False
1f54fdf8-f,CUSTD00ECD,2026-01-26,Rent/Installment,ACH DEBIT - RENT PAYMENT,8436.37,debit,6365.33,False
2750011b-9,CUSTD00ECD,2026-01-26,Dining/Restaurants,CAFE PURCHASE,242.92,debit,6122.41,False
3922f8be-9,CUSTD00ECD,2026-01-26,Shopping,AMAZON.EG ORDER,153.92,debit,5968.49,False
dc8dcebb-4,CUSTD00ECD,2026-01-27,Dining/Restaurants,CAFE PURCHASE,287.37,debit,5681.12,False
8a16bb1e-c,CUSTD00ECD,2026-02-01,Groceries,CARREFOUR HYPERMARKET,36.73,debit,5644.39,False
62fd0e5a-1,CUSTD00ECD,2026-02-01,Transportation,UBER *TRIP 437,5.0,debit,5639.39,False
087c0bc3-d,CUSTD00ECD,2026-02-02,Salary,MONTHLY SALARY CREDIT,22500.0,credit,28139.39,False
81f5008d-9,CUSTD00ECD,2026-02-05,Rent/Installment,ACH DEBIT - RENT PAYMENT,7679.61,debit,20459.78,False
324f7db1-4,CUSTD00ECD,2026-02-08,Entertainment,GAMING STORE PURCHASE,205.3,debit,20254.48,False
e4d0e56b-8,CUSTD00ECD,2026-02-09,Shopping,ONLINE STORE CHECKOUT,639.35,debit,19615.13,False
0602f642-8,CUSTD00ECD,2026-02-10,Dining/Restaurants,MCDONALDS #703,978.08,debit,18637.05,False
8095bbd8-d,CUSTD00ECD,2026-02-13,Groceries,POS PURCHASE - LOCAL MARKET,1159.13,debit,17477.92,False
e553bccb-d,CUSTD00ECD,2026-02-13,Shopping,ONLINE STORE CHECKOUT,285.61,debit,17192.31,False
76d8a425-f,CUSTD00ECD,2026-02-14,Savings Transfer,INTERNAL XFER - SAVINGS,486.94,debit,16705.37,False
18113e50-0,CUSTD00ECD,2026-02-16,Shopping,AMAZON.EG ORDER,133.46,debit,16571.91,False
06a4b362-6,CUSTD00ECD,2026-02-16,Savings Transfer,INTERNAL XFER - SAVINGS,1752.34,debit,14819.57,False
eeafd1fd-e,CUSTD00ECD,2026-02-17,Utilities,Internet Bill - ONLINE,1076.71,debit,13742.86,False
8f1cf119-5,CUSTD00ECD,2026-02-20,Groceries,CARREFOUR HYPERMARKET,895.13,debit,12847.73,False
8edacfaa-f,CUSTD00ECD,2026-02-20,Transportation,UBER *TRIP 319,364.22,debit,12483.51,False
69edbfa1-4,CUSTD00ECD,2026-02-21,Groceries,CARREFOUR HYPERMARKET,12.39,debit,12471.12,False
a09734c7-9,CUSTD00ECD,2026-02-21,Entertainment,CINEMA TICKET PURCHASE,1109.27,debit,11361.85,False
5d2509b6-f,CUSTD00ECD,2026-02-22,Healthcare,LAB TEST PAYMENT,227.74,debit,11134.11,False
9875e7c7-f,CUSTD00ECD,2026-02-23,Healthcare,LAB TEST PAYMENT,208.47,debit,10925.64,False
1b050570-a,CUSTD00ECD,2026-02-24,Entertainment,NETFLIX PPV CHARGE,287.55,debit,10638.09,False
84c01c65-8,CUSTD00ECD,2026-02-24,Savings Transfer,INTERNAL XFER - SAVINGS,83.14,debit,10554.95,False
ea95fc53-c,CUSTD00ECD,2026-02-25,Transportation,CAREEM RIDE,12.4,debit,10542.55,False
979a346d-6,CUSTD00ECD,2026-02-25,Transportation,FUEL STATION PURCHASE,749.26,debit,9793.29,False
6aad0280-e,CUSTD00ECD,2026-02-25,Dining/Restaurants,MCDONALDS #365,654.65,debit,9138.64,False
1e47d2cc-9,CUSTD00ECD,2026-02-26,Dining/Restaurants,CAFE PURCHASE,84.6,debit,9054.04,False
9374290e-2,CUSTD00ECD,2026-02-27,Subscriptions,SPOTIFY AB,309.59,debit,8744.45,False
5bb2c4d2-8,CUSTD00ECD,2026-02-28,Transportation,FUEL STATION PURCHASE,230.1,debit,8514.35,False
4166b9c7-2,CUSTD00ECD,2026-02-28,Healthcare,PHARMACY PURCHASE,183.38,debit,8330.97,False
0173d0e8-f,CUSTD00ECD,2026-03-03,Salary,MONTHLY SALARY CREDIT,22500.0,credit,30830.97,False
dde9e631-9,CUSTD00ECD,2026-03-03,Shopping,ONLINE STORE CHECKOUT,53.97,debit,30777.0,False
cad2a316-4,CUSTD00ECD,2026-03-06,Transportation,CAREEM RIDE,407.29,debit,30369.71,False
776e5218-d,CUSTD00ECD,2026-03-06,Healthcare,CLINIC VISIT FEE,175.24,debit,30194.47,False
4f697e6f-a,CUSTD00ECD,2026-03-08,Entertainment,GAMING STORE PURCHASE,407.83,debit,29786.64,False
bee9e06c-a,CUSTD00ECD,2026-03-09,Utilities,Internet Bill - ONLINE,1017.76,debit,28768.88,False
08c59d89-a,CUSTD00ECD,2026-03-09,Subscriptions,NETFLIX.COM SUBSCRIPTION,274.48,debit,28494.4,False
04ef2217-0,CUSTD00ECD,2026-03-10,Transportation,FUEL STATION PURCHASE,976.89,debit,27517.51,False
33e5f974-c,CUSTD00ECD,2026-03-10,Entertainment,CINEMA TICKET PURCHASE,103.63,debit,27413.88,False
55c20ddc-7,CUSTD00ECD,2026-03-11,Dining/Restaurants,MCDONALDS #374,362.92,debit,27050.96,False
1f37f852-4,CUSTD00ECD,2026-03-13,Rent/Installment,Home Loan Installment - ONLINE,7036.54,debit,20014.42,False
c7dc0f45-3,CUSTD00ECD,2026-03-15,Entertainment,GAMING STORE PURCHASE,412.32,debit,19602.1,False
eea7594c-d,CUSTD00ECD,2026-03-16,Groceries,SPINNEYS #452,149.7,debit,19452.4,False
0d7d5c60-5,CUSTD00ECD,2026-03-16,Shopping,ONLINE STORE CHECKOUT,975.43,debit,18476.97,False
2f65b9de-5,CUSTD00ECD,2026-03-17,Healthcare,CLINIC VISIT FEE,193.53,debit,18283.44,False
91d5f395-4,CUSTD00ECD,2026-03-18,Healthcare,PHARMACY PURCHASE,205.2,debit,18078.24,False
b523b362-8,CUSTD00ECD,2026-03-19,Entertainment,CINEMA TICKET PURCHASE,516.64,debit,17561.6,False
42a42efe-2,CUSTD00ECD,2026-03-20,Groceries,SPINNEYS #381,42.81,debit,17518.79,False
4fbf64f8-a,CUSTD00ECD,2026-03-20,Dining/Restaurants,POS - LOCAL RESTAURANT,1364.51,debit,16154.28,False
f15b67c6-4,CUSTD00ECD,2026-03-21,Groceries,CARREFOUR HYPERMARKET,252.9,debit,15901.38,False
ce6609a4-f,CUSTD00ECD,2026-03-23,Groceries,SPINNEYS #383,1212.27,debit,14689.11,False
2eeb7888-9,CUSTD00ECD,2026-03-26,Groceries,POS PURCHASE - LOCAL MARKET,228.87,debit,14460.24,False
eedaa293-7,CUSTD00ECD,2026-03-26,Shopping,AMAZON.EG ORDER,66.9,debit,14393.34,False
4d649353-7,CUSTD00ECD,2026-03-26,Savings Transfer,TRANSFER TO SAVINGS ACCT,469.22,debit,13924.12,False
2c034b7f-3,CUSTD00ECD,2026-03-28,Savings Transfer,TRANSFER TO SAVINGS ACCT,1930.45,debit,11993.67,False
4cbc6192-e,CUSTD00ECD,2026-04-01,Groceries,SPINNEYS #350,199.82,debit,11793.85,False
3e179c34-a,CUSTD00ECD,2026-04-02,Dining/Restaurants,MCDONALDS #187,587.42,debit,11206.43,False
c780eafb-d,CUSTD00ECD,2026-04-03,Salary,MONTHLY SALARY CREDIT,22500.0,credit,33706.43,False
3c33b583-f,CUSTD00ECD,2026-04-03,Transportation,UBER *TRIP 713,391.77,debit,33314.66,False
b7a806cb-1,CUSTD00ECD,2026-04-05,Groceries,SPINNEYS #141,300.5,debit,33014.16,False
c6399c03-1,CUSTD00ECD,2026-04-05,Groceries,SPINNEYS #239,1116.98,debit,31897.18,False
108db8d1-8,CUSTD00ECD,2026-04-05,Transportation,FUEL STATION PURCHASE,393.79,debit,31503.39,False
c3e60293-a,CUSTD00ECD,2026-04-08,Utilities,WATER CO. AUTOPAY,1065.17,debit,30438.22,False
ba56cd12-1,CUSTD00ECD,2026-04-10,Healthcare,PHARMACY PURCHASE,40.99,debit,30397.23,False
fb81f93d-6,CUSTD00ECD,2026-04-11,Dining/Restaurants,CAFE PURCHASE,706.96,debit,29690.27,False
033c04b1-c,CUSTD00ECD,2026-04-13,Shopping,AMAZON.EG ORDER,118.78,debit,29571.49,False
06402a3f-5,CUSTD00ECD,2026-04-14,Groceries,SPINNEYS #976,162.24,debit,29409.25,False
bc682d15-9,CUSTD00ECD,2026-04-15,Entertainment,NETFLIX PPV CHARGE,938.52,debit,28470.73,False
71e0bb50-4,CUSTD00ECD,2026-04-15,Savings Transfer,INTERNAL XFER - SAVINGS,307.96,debit,28162.77,False
5fbc157e-3,CUSTD00ECD,2026-04-17,Shopping,MALL PURCHASE - POS,278.13,debit,27884.64,False
3caa5381-5,CUSTD00ECD,2026-04-18,Entertainment,CINEMA TICKET PURCHASE,454.82,debit,27429.82,False
994ce81e-7,CUSTD00ECD,2026-04-20,Shopping,AMAZON.EG ORDER,114.44,debit,27315.38,False
2965b3e9-7,CUSTD00ECD,2026-04-20,Subscriptions,GYM MEMBERSHIP AUTOPAY,319.45,debit,26995.93,False
5e0e8c80-9,CUSTD00ECD,2026-04-20,Healthcare,PHARMACY PURCHASE,301.57,debit,26694.36,False
69baa92f-7,CUSTD00ECD,2026-04-20,Healthcare,LAB TEST PAYMENT,186.66,debit,26507.7,False
178dac48-5,CUSTD00ECD,2026-04-22,Healthcare,PHARMACY PURCHASE,69.04,debit,26438.66,False
f384bed9-2,CUSTD00ECD,2026-04-22,Savings Transfer,INTERNAL XFER - SAVINGS,1257.04,debit,25181.62,False
95177bef-b,CUSTD00ECD,2026-04-24,Groceries,SPINNEYS #748,135.81,debit,25045.81,False
afad0606-5,CUSTD00ECD,2026-04-25,Savings Transfer,INTERNAL XFER - SAVINGS,864.78,debit,24181.03,False
0b19c0c6-f,CUSTD00ECD,2026-04-26,Transportation,CAREEM RIDE,513.08,debit,23667.95,False
43a268e3-7,CUSTD00ECD,2026-04-26,Shopping,ONLINE STORE CHECKOUT,61.67,debit,23606.28,False
51d0b38d-4,CUSTD00ECD,2026-04-27,Rent/Installment,Home Loan Installment - NBE,7015.58,debit,16590.7,False
d6c6f83b-6,CUSTD00ECD,2026-04-27,Dining/Restaurants,CAFE PURCHASE,317.51,debit,16273.19,False
793d67fb-2,CUSTD00ECD,2026-04-27,Shopping,MALL PURCHASE - POS,497.44,debit,15775.75,False
1a0d9b21-2,CUSTD00ECD,2026-05-02,Salary,MONTHLY SALARY CREDIT,22500.0,credit,38275.75,False
797ccebc-2,CUSTD00ECD,2026-05-04,Transportation,UBER *TRIP 779,190.83,debit,38084.92,False
5e8f3282-9,CUSTD00ECD,2026-05-04,Healthcare,PHARMACY PURCHASE,497.76,debit,37587.16,False
20b5483c-d,CUSTD00ECD,2026-05-05,Dining/Restaurants,MCDONALDS #460,213.72,debit,37373.44,False
7f8b1f94-6,CUSTD00ECD,2026-05-06,Groceries,CARREFOUR HYPERMARKET,33.39,debit,37340.05,False
e26a48d2-6,CUSTD00ECD,2026-05-07,Entertainment,GAMING STORE PURCHASE,873.3,debit,36466.75,False
c96f7260-5,CUSTD00ECD,2026-05-08,Dining/Restaurants,CAFE PURCHASE,274.14,debit,36192.61,False
6e37db0a-c,CUSTD00ECD,2026-05-08,Savings Transfer,INTERNAL XFER - SAVINGS,1171.13,debit,35021.48,False
ff9101b4-2,CUSTD00ECD,2026-05-09,Dining/Restaurants,CAFE PURCHASE,325.99,debit,34695.49,False
ec62467c-b,CUSTD00ECD,2026-05-09,Savings Transfer,INTERNAL XFER - SAVINGS,658.0,debit,34037.49,False
d3a9a125-2,CUSTD00ECD,2026-05-10,Entertainment,CINEMA TICKET PURCHASE,348.25,debit,33689.24,False
e1e6395b-6,CUSTD00ECD,2026-05-11,Rent/Installment,Home Loan Installment - ONLINE,7036.96,debit,26652.28,False
38e2b076-7,CUSTD00ECD,2026-05-11,Groceries,SPINNEYS #919,1151.59,debit,25500.69,False
068edafd-c,CUSTD00ECD,2026-05-11,Entertainment,GAMING STORE PURCHASE,85.6,debit,25415.09,False
d684e4a3-7,CUSTD00ECD,2026-05-12,Transportation,FUEL STATION PURCHASE,122.69,debit,25292.4,False
02507adc-f,CUSTD00ECD,2026-05-12,Shopping,ONLINE STORE CHECKOUT,546.63,debit,24745.77,False
797c1cff-1,CUSTD00ECD,2026-05-12,Subscriptions,GYM MEMBERSHIP AUTOPAY,313.27,debit,24432.5,False
2043ba98-4,CUSTD00ECD,2026-05-13,Transportation,FUEL STATION PURCHASE,72.56,debit,24359.94,False
5a62a864-7,CUSTD00ECD,2026-05-15,Savings Transfer,TRANSFER TO SAVINGS ACCT,314.04,debit,24045.9,False
8079c503-e,CUSTD00ECD,2026-05-16,Groceries,POS PURCHASE - LOCAL MARKET,900.92,debit,23144.98,False
c5072633-0,CUSTD00ECD,2026-05-16,Shopping,ONLINE STORE CHECKOUT,33.9,debit,23111.08,False
537a09cb-b,CUSTD00ECD,2026-05-16,Savings Transfer,INTERNAL XFER - SAVINGS,45.91,debit,23065.17,False
7b653940-5,CUSTD00ECD,2026-05-17,Healthcare,CLINIC VISIT FEE,91.57,debit,22973.6,False
667fd518-3,CUSTD00ECD,2026-05-21,Entertainment,GAMING STORE PURCHASE,151.5,debit,22822.1,False
f3e49c9e-f,CUSTD00ECD,2026-05-24,Shopping,ONLINE STORE CHECKOUT,438.53,debit,22383.57,False
3cac3507-d,CUSTD00ECD,2026-05-25,Dining/Restaurants,POS - LOCAL RESTAURANT,699.86,debit,21683.71,False
bbe6b961-6,CUSTD00ECD,2026-05-26,Utilities,Internet Bill - ONLINE,1027.36,debit,20656.35,False
edc93ebf-f,CUSTD00ECD,2026-05-28,Transportation,UBER *TRIP 454,963.44,debit,19692.91,False
e7db360d-2,CUSTD00ECD,2026-06-01,Groceries,CARREFOUR HYPERMARKET,252.56,debit,19440.35,False
5b721b6b-2,CUSTD00ECD,2026-06-02,Salary,MONTHLY SALARY CREDIT,22500.0,credit,41940.35,False
a7179d4b-9,CUSTD00ECD,2026-06-02,Transportation,UBER *TRIP 548,808.96,debit,41131.39,False
a9b8c69b-2,CUSTD00ECD,2026-06-02,Transportation,CAREEM RIDE,418.49,debit,40712.9,False
6b79409e-9,CUSTD00ECD,2026-06-02,Entertainment,NETFLIX PPV CHARGE,351.3,debit,40361.6,False
45832713-c,CUSTD00ECD,2026-06-03,Shopping,MALL PURCHASE - POS,132.91,debit,40228.69,False
6d8ebb9c-2,CUSTD00ECD,2026-06-04,Groceries,CARREFOUR HYPERMARKET,1806.45,debit,38422.24,False
93318d00-a,CUSTD00ECD,2026-06-04,Shopping,AMAZON.EG ORDER,266.56,debit,38155.68,False
810209ee-6,CUSTD00ECD,2026-06-11,Dining/Restaurants,CAFE PURCHASE,97.99,debit,38057.69,False
1c20fcb0-0,CUSTD00ECD,2026-06-14,Entertainment,NETFLIX PPV CHARGE,300.13,debit,37757.56,False
e5f1a183-4,CUSTD00ECD,2026-06-15,Savings Transfer,TRANSFER TO SAVINGS ACCT,1616.39,debit,36141.17,False
33f8f67a-b,CUSTD00ECD,2026-06-16,Utilities,WATER CO. AUTOPAY,1124.32,debit,35016.85,False
02f92240-6,CUSTD00ECD,2026-06-17,Healthcare,PHARMACY PURCHASE,170.38,debit,34846.47,False
52f30443-f,CUSTD00ECD,2026-06-18,Entertainment,GAMING STORE PURCHASE,489.97,debit,34356.5,False
bff61d93-9,CUSTD00ECD,2026-06-19,Rent/Installment,Home Loan Installment - ONLINE,8119.12,debit,26237.38,False
8bb9c067-7,CUSTD00ECD,2026-06-20,Dining/Restaurants,MCDONALDS #641,751.33,debit,25486.05,False
d619ec2e-c,CUSTD00ECD,2026-06-20,Entertainment,NETFLIX PPV CHARGE,139.84,debit,25346.21,False
d15f887c-2,CUSTD00ECD,2026-06-20,Shopping,MALL PURCHASE - POS,757.04,debit,24589.17,False
1be6889a-2,CUSTD00ECD,2026-06-21,Subscriptions,SPOTIFY AB,274.03,debit,24315.14,False
d5807512-f,CUSTD00ECD,2026-06-22,Entertainment,NETFLIX PPV CHARGE,235.02,debit,24080.12,False
e6f90f02-7,CUSTD00ECD,2026-06-23,Dining/Restaurants,MCDONALDS #212,148.96,debit,23931.16,False
a20f8c63-f,CUSTD00ECD,2026-06-24,Healthcare,LAB TEST PAYMENT,185.72,debit,23745.44,False
6f21158b-5,CUSTD00ECD,2026-06-25,Healthcare,PHARMACY PURCHASE,236.04,debit,23509.4,False
838b14d6-d,CUSTD00ECD,2026-06-25,Savings Transfer,INTERNAL XFER - SAVINGS,817.23,debit,22692.17,False
6287dde8-e,CUSTD00ECD,2026-06-26,Dining/Restaurants,POS - LOCAL RESTAURANT,738.99,debit,21953.18,False
d86c89f3-0,CUST61A288,2026-01-01,Subscriptions,NETFLIX.COM SUBSCRIPTION,139.03,debit,9150.33,False
4b229898-c,CUST61A288,2026-01-01,Savings Transfer,INTERNAL XFER - SAVINGS,406.36,debit,8743.97,False
8bf7d1de-8,CUST61A288,2026-01-02,Healthcare,PHARMACY PURCHASE,63.1,debit,8680.87,False
a6a200e6-1,CUST61A288,2026-01-03,Salary,MONTHLY SALARY CREDIT,6100.0,credit,14780.87,False
05e4ca55-8,CUST61A288,2026-01-03,Rent/Installment,ACH DEBIT - RENT PAYMENT,2084.22,debit,12696.65,False
e85ea3de-f,CUST61A288,2026-01-03,Groceries,CARREFOUR HYPERMARKET,190.06,debit,12506.59,False
c796c234-5,CUST61A288,2026-01-03,Dining/Restaurants,MCDONALDS #633,158.81,debit,12347.78,False
ab553498-e,CUST61A288,2026-01-03,Shopping,MALL PURCHASE - POS,12.76,debit,12335.02,False
973f0466-6,CUST61A288,2026-01-05,Entertainment,CINEMA TICKET PURCHASE,224.62,debit,12110.4,False
57ebcf60-e,CUST61A288,2026-01-07,Dining/Restaurants,POS - LOCAL RESTAURANT,173.87,debit,11936.53,False
16b8c95b-4,CUST61A288,2026-01-08,Savings Transfer,INTERNAL XFER - SAVINGS,216.23,debit,11720.3,False
553c2d36-0,CUST61A288,2026-01-09,Groceries,POS PURCHASE - LOCAL MARKET,155.47,debit,11564.83,False
b3b68095-0,CUST61A288,2026-01-09,Transportation,CAREEM RIDE,54.45,debit,11510.38,False
98ba96c6-2,CUST61A288,2026-01-11,Groceries,CARREFOUR HYPERMARKET,589.64,debit,10920.74,False
ba45ea5c-1,CUST61A288,2026-01-13,Healthcare,PHARMACY PURCHASE,190.4,debit,10730.34,False
7f43449a-2,CUST61A288,2026-01-14,Shopping,ONLINE STORE CHECKOUT,116.29,debit,10614.05,False
9a17474d-1,CUST61A288,2026-01-14,Savings Transfer,INTERNAL XFER - SAVINGS,69.24,debit,10544.81,False
127acaae-a,CUST61A288,2026-01-15,Transportation,CAREEM RIDE,11.4,debit,10533.41,False
dcf72dc4-a,CUST61A288,2026-01-15,Healthcare,PHARMACY PURCHASE,6.24,debit,10527.17,False
045090e4-2,CUST61A288,2026-01-16,Savings Transfer,INTERNAL XFER - SAVINGS,12.3,debit,10514.87,False
93854c1b-4,CUST61A288,2026-01-18,Shopping,MALL PURCHASE - POS,132.54,debit,10382.33,False
a37e9574-6,CUST61A288,2026-01-19,Utilities,ELECTRICITY BILL PMT,270.93,debit,10111.4,False
c564b9e5-6,CUST61A288,2026-01-24,Savings Transfer,INTERNAL XFER - SAVINGS,162.84,debit,9948.56,False
24342211-5,CUST61A288,2026-01-26,Dining/Restaurants,CAFE PURCHASE,16.98,debit,9931.58,False
dcbd104a-1,CUST61A288,2026-01-27,Entertainment,GAMING STORE PURCHASE,102.27,debit,9829.31,False
5476f413-b,CUST61A288,2026-01-28,Transportation,CAREEM RIDE,280.75,debit,9548.56,False
cc3fa415-8,CUST61A288,2026-01-28,Dining/Restaurants,CAFE PURCHASE,204.84,debit,9343.72,False
65ceea2d-f,CUST61A288,2026-02-01,Subscriptions,GYM MEMBERSHIP AUTOPAY,162.87,debit,9180.85,False
9ac07942-2,CUST61A288,2026-02-02,Groceries,CARREFOUR HYPERMARKET,84.7,debit,9096.15,False
60337f44-b,CUST61A288,2026-02-03,Salary,MONTHLY SALARY CREDIT,6100.0,credit,15196.15,False
2e00606c-b,CUST61A288,2026-02-03,Savings Transfer,INTERNAL XFER - SAVINGS,254.41,debit,14941.74,False
6d856fc0-1,CUST61A288,2026-02-04,Rent/Installment,Home Loan Installment - NBE,1941.14,debit,13000.6,False
d7c005de-8,CUST61A288,2026-02-04,Dining/Restaurants,CAFE PURCHASE,21.59,debit,12979.01,False
fdeec02d-a,CUST61A288,2026-02-04,Entertainment,CINEMA TICKET PURCHASE,151.35,debit,12827.66,False
303b917d-a,CUST61A288,2026-02-04,Shopping,MALL PURCHASE - POS,141.34,debit,12686.32,False
81db7410-2,CUST61A288,2026-02-05,Dining/Restaurants,POS - LOCAL RESTAURANT,105.14,debit,12581.18,False
14c6508b-2,CUST61A288,2026-02-05,Shopping,MALL PURCHASE - POS,42.08,debit,12539.1,False
b4b8aca5-d,CUST61A288,2026-02-06,Groceries,SPINNEYS #965,236.03,debit,12303.07,False
722e5c8a-e,CUST61A288,2026-02-06,Savings Transfer,TRANSFER TO SAVINGS ACCT,89.37,debit,12213.7,False
a8d82003-d,CUST61A288,2026-02-08,Shopping,ONLINE STORE CHECKOUT,28.27,debit,12185.43,False
7284f78b-1,CUST61A288,2026-02-09,Groceries,POS PURCHASE - LOCAL MARKET,350.16,debit,11835.27,False
0724d7d7-b,CUST61A288,2026-02-09,Savings Transfer,INTERNAL XFER - SAVINGS,95.41,debit,11739.86,False
801baaf5-c,CUST61A288,2026-02-11,Transportation,FUEL STATION PURCHASE,126.17,debit,11613.69,False
957735f0-0,CUST61A288,2026-02-11,Shopping,AMAZON.EG ORDER,5.0,debit,11608.69,False
357ce6ef-9,CUST61A288,2026-02-17,Utilities,Internet Bill - ONLINE,264.92,debit,11343.77,False
73054d1e-e,CUST61A288,2026-02-18,Healthcare,PHARMACY PURCHASE,95.55,debit,11248.22,False
5e8df8ad-9,CUST61A288,2026-02-20,Transportation,FUEL STATION PURCHASE,188.25,debit,11059.97,False
0224b443-7,CUST61A288,2026-02-20,Healthcare,PHARMACY PURCHASE,36.28,debit,11023.69,False
bd92b645-8,CUST61A288,2026-02-21,Groceries,SPINNEYS #914,151.66,debit,10872.03,False
952267d1-8,CUST61A288,2026-02-21,Dining/Restaurants,MCDONALDS #334,141.06,debit,10730.97,False
92655983-1,CUST61A288,2026-02-24,Dining/Restaurants,CAFE PURCHASE,353.72,debit,10377.25,False
2eb1d1e6-6,CUST61A288,2026-02-24,Entertainment,NETFLIX PPV CHARGE,186.73,debit,10190.52,False
e405c65c-b,CUST61A288,2026-02-25,Savings Transfer,INTERNAL XFER - SAVINGS,340.56,debit,9849.96,False
ff5891e8-6,CUST61A288,2026-02-26,Shopping,AMAZON.EG ORDER,49.43,debit,9800.53,False
1a1cd877-0,CUST61A288,2026-02-27,Healthcare,CLINIC VISIT FEE,84.22,debit,9716.31,False
880f6f6f-e,CUST61A288,2026-02-27,Healthcare,LAB TEST PAYMENT,40.23,debit,9676.08,False
45eb544a-1,CUST61A288,2026-03-01,Salary,MONTHLY SALARY CREDIT,6100.0,credit,15776.08,False
a7666e6c-c,CUST61A288,2026-03-02,Entertainment,CINEMA TICKET PURCHASE,49.8,debit,15726.28,False
37716eaa-9,CUST61A288,2026-03-03,Transportation,UBER *TRIP 359,128.83,debit,15597.45,False
4e8ad10d-0,CUST61A288,2026-03-04,Shopping,AMAZON.EG ORDER,73.52,debit,15523.93,False
17f68eff-5,CUST61A288,2026-03-05,Savings Transfer,INTERNAL XFER - SAVINGS,23.75,debit,15500.18,False
d4672fb1-a,CUST61A288,2026-03-08,Dining/Restaurants,POS - LOCAL RESTAURANT,198.55,debit,15301.63,False
ce678e65-8,CUST61A288,2026-03-09,Dining/Restaurants,MCDONALDS #874,60.22,debit,15241.41,False
211789c7-4,CUST61A288,2026-03-09,Shopping,ONLINE STORE CHECKOUT,7.0,debit,15234.41,False
855db006-0,CUST61A288,2026-03-11,Groceries,POS PURCHASE - LOCAL MARKET,877.1,debit,14357.31,False
591b38e4-f,CUST61A288,2026-03-11,Savings Transfer,INTERNAL XFER - SAVINGS,163.49,debit,14193.82,False
5e3b08d1-8,CUST61A288,2026-03-12,Utilities,Internet Bill - ONLINE,280.95,debit,13912.87,False
44877fde-a,CUST61A288,2026-03-12,Subscriptions,SPOTIFY AB,151.24,debit,13761.63,False
7d4b4a5c-5,CUST61A288,2026-03-12,Savings Transfer,INTERNAL XFER - SAVINGS,285.26,debit,13476.37,False
1687857b-3,CUST61A288,2026-03-13,Transportation,UBER *TRIP 437,200.73,debit,13275.64,False
e2884604-f,CUST61A288,2026-03-13,Savings Transfer,TRANSFER TO SAVINGS ACCT,221.71,debit,13053.93,False
8ed79d8a-8,CUST61A288,2026-03-14,Healthcare,PHARMACY PURCHASE,142.73,debit,12911.2,False
2fa87b35-9,CUST61A288,2026-03-15,Transportation,UBER *TRIP 686,11.13,debit,12900.07,False
a20aa339-a,CUST61A288,2026-03-15,Dining/Restaurants,POS - LOCAL RESTAURANT,234.78,debit,12665.29,False
8c5c5df6-d,CUST61A288,2026-03-15,Entertainment,GAMING STORE PURCHASE,94.65,debit,12570.64,False
dc2c2d94-8,CUST61A288,2026-03-16,Groceries,SPINNEYS #183,64.27,debit,12506.37,False
73cfd563-9,CUST61A288,2026-03-16,Shopping,MALL PURCHASE - POS,122.23,debit,12384.14,False
c1f96c76-2,CUST61A288,2026-03-18,Rent/Installment,ACH DEBIT - RENT PAYMENT,1836.3,debit,10547.84,False
1ecd1ec6-e,CUST61A288,2026-03-18,Dining/Restaurants,CAFE PURCHASE,148.97,debit,10398.87,False
c78dd78e-c,CUST61A288,2026-03-19,Shopping,MALL PURCHASE - POS,44.43,debit,10354.44,False
3f08a352-4,CUST61A288,2026-03-21,Entertainment,GAMING STORE PURCHASE,5.0,debit,10349.44,False
b945e2f7-d,CUST61A288,2026-03-21,Entertainment,NETFLIX PPV CHARGE,191.65,debit,10157.79,False
4eadf7d7-9,CUST61A288,2026-03-23,Healthcare,CLINIC VISIT FEE,7.92,debit,10149.87,False
014fc88f-4,CUST61A288,2026-03-24,Shopping,AMAZON.EG ORDER,23.73,debit,10126.14,False
edd723ed-7,CUST61A288,2026-03-25,Healthcare,LAB TEST PAYMENT,125.78,debit,10000.36,False
2fe65366-b,CUST61A288,2026-03-25,Savings Transfer,TRANSFER TO SAVINGS ACCT,93.67,debit,9906.69,False
2e605e41-1,CUST61A288,2026-03-27,Entertainment,CINEMA TICKET PURCHASE,10.62,debit,9896.07,False
1279da9f-d,CUST61A288,2026-04-01,Utilities,WATER CO. AUTOPAY,290.39,debit,9605.68,False
eab1288a-4,CUST61A288,2026-04-01,Entertainment,NETFLIX PPV CHARGE,110.97,debit,9494.71,False
80ebed56-c,CUST61A288,2026-04-01,Entertainment,NETFLIX PPV CHARGE,121.92,debit,9372.79,False
b5120119-b,CUST61A288,2026-04-03,Salary,MONTHLY SALARY CREDIT,6100.0,credit,15472.79,False
cf4250e5-c,CUST61A288,2026-04-05,Transportation,CAREEM RIDE,117.71,debit,15355.08,False
34854d43-e,CUST61A288,2026-04-05,Subscriptions,GYM MEMBERSHIP AUTOPAY,144.69,debit,15210.39,False
1fea5339-8,CUST61A288,2026-04-06,Dining/Restaurants,CAFE PURCHASE,76.21,debit,15134.18,False
b3b25464-7,CUST61A288,2026-04-07,Dining/Restaurants,CAFE PURCHASE,275.93,debit,14858.25,False
a4540cbe-9,CUST61A288,2026-04-08,Entertainment,NETFLIX PPV CHARGE,64.04,debit,14794.21,False
230c7e14-c,CUST61A288,2026-04-09,Healthcare,LAB TEST PAYMENT,46.49,debit,14747.72,False
437b1d85-b,CUST61A288,2026-04-10,Dining/Restaurants,MCDONALDS #267,83.17,debit,14664.55,False
fe5b246d-b,CUST61A288,2026-04-11,Shopping,MALL PURCHASE - POS,178.03,debit,14486.52,False
0f428629-2,CUST61A288,2026-04-11,Healthcare,CLINIC VISIT FEE,113.41,debit,14373.11,False
fa78b85a-6,CUST61A288,2026-04-12,Shopping,ONLINE STORE CHECKOUT,118.1,debit,14255.01,False
001246a8-a,CUST61A288,2026-04-12,Savings Transfer,INTERNAL XFER - SAVINGS,204.53,debit,14050.48,False
ecc6bd4a-0,CUST61A288,2026-04-14,Dining/Restaurants,CAFE PURCHASE,183.24,debit,13867.24,False
36189047-5,CUST61A288,2026-04-15,Transportation,FUEL STATION PURCHASE,22.73,debit,13844.51,False
c64a7c49-5,CUST61A288,2026-04-16,Groceries,CARREFOUR HYPERMARKET,42.47,debit,13802.04,False
ab21c461-f,CUST61A288,2026-04-17,Groceries,CARREFOUR HYPERMARKET,29.16,debit,13772.88,False
2e831a84-7,CUST61A288,2026-04-17,Savings Transfer,TRANSFER TO SAVINGS ACCT,594.64,debit,13178.24,False
0ec3eefb-d,CUST61A288,2026-04-19,Transportation,FUEL STATION PURCHASE,14.42,debit,13163.82,False
766e1c65-6,CUST61A288,2026-04-22,Rent/Installment,Home Loan Installment - AUTOPAY,1977.24,debit,11186.58,False
92a0cafe-2,CUST61A288,2026-04-23,Groceries,SPINNEYS #169,848.7,debit,10337.88,False
90d97626-2,CUST61A288,2026-04-25,Healthcare,CLINIC VISIT FEE,68.24,debit,10269.64,False
bbe7c15b-5,CUST61A288,2026-04-26,Transportation,CAREEM RIDE,75.92,debit,10193.72,False
b34dbf55-c,CUST61A288,2026-04-26,Transportation,UBER *TRIP 156,121.95,debit,10071.77,False
f3d555d4-8,CUST61A288,2026-04-26,Healthcare,CLINIC VISIT FEE,11.64,debit,10060.13,False
1bcf7cdc-1,CUST61A288,2026-05-01,Dining/Restaurants,POS - LOCAL RESTAURANT,75.65,debit,9984.48,False
1034e8ac-3,CUST61A288,2026-05-01,Entertainment,CINEMA TICKET PURCHASE,47.11,debit,9937.37,False
23bcd91c-2,CUST61A288,2026-05-02,Salary,MONTHLY SALARY CREDIT,6100.0,credit,16037.37,False
c680a6f7-d,CUST61A288,2026-05-02,Dining/Restaurants,MCDONALDS #639,342.1,debit,15695.27,False
440413fd-2,CUST61A288,2026-05-03,Groceries,POS PURCHASE - LOCAL MARKET,44.07,debit,15651.2,False
cff50f51-8,CUST61A288,2026-05-03,Transportation,CAREEM RIDE,134.2,debit,15517.0,False
aaa24a71-2,CUST61A288,2026-05-05,Shopping,MALL PURCHASE - POS,8.28,debit,15508.72,False
68787631-3,CUST61A288,2026-05-08,Groceries,CARREFOUR HYPERMARKET,139.73,debit,15368.99,False
a5b4c308-a,CUST61A288,2026-05-10,Rent/Installment,ACH DEBIT - RENT PAYMENT,1938.83,debit,13430.16,False
bbb4e770-3,CUST61A288,2026-05-11,Savings Transfer,INTERNAL XFER - SAVINGS,250.07,debit,13180.09,False
02c4bb2b-f,CUST61A288,2026-05-13,Subscriptions,GYM MEMBERSHIP AUTOPAY,145.66,debit,13034.43,False
9f7452df-7,CUST61A288,2026-05-13,Healthcare,PHARMACY PURCHASE,13.0,debit,13021.43,False
d08cc506-f,CUST61A288,2026-05-16,Utilities,Internet Bill - AUTOPAY,293.66,debit,12727.77,False
faa98b7e-c,CUST61A288,2026-05-16,Transportation,UBER *TRIP 946,52.67,debit,12675.1,False
9a19b4c2-9,CUST61A288,2026-05-17,Dining/Restaurants,MCDONALDS #582,39.39,debit,12635.71,False
806ced7e-f,CUST61A288,2026-05-17,Shopping,MALL PURCHASE - POS,70.77,debit,12564.94,False
3cf08a9f-7,CUST61A288,2026-05-18,Groceries,SPINNEYS #524,288.27,debit,12276.67,False
a6b3d85b-e,CUST61A288,2026-05-18,Healthcare,PHARMACY PURCHASE,178.31,debit,12098.36,False
7366b098-b,CUST61A288,2026-05-18,Savings Transfer,TRANSFER TO SAVINGS ACCT,173.7,debit,11924.66,False
ae38305b-9,CUST61A288,2026-05-19,Groceries,CARREFOUR HYPERMARKET,25.03,debit,11899.63,False
11d9b881-3,CUST61A288,2026-05-19,Groceries,POS PURCHASE - LOCAL MARKET,416.09,debit,11483.54,False
79846a5b-b,CUST61A288,2026-05-19,Healthcare,CLINIC VISIT FEE,33.84,debit,11449.7,False
bfae5e4c-a,CUST61A288,2026-05-22,Shopping,ONLINE STORE CHECKOUT,23.26,debit,11426.44,False
ed0661dc-0,CUST61A288,2026-05-24,Entertainment,GAMING STORE PURCHASE,266.8,debit,11159.64,False
ae40cc69-1,CUST61A288,2026-05-24,Shopping,AMAZON.EG ORDER,156.77,debit,11002.87,False
08cdd6d2-0,CUST61A288,2026-05-25,Dining/Restaurants,MCDONALDS #654,140.0,debit,10862.87,False
dc91c70d-e,CUST61A288,2026-05-25,Healthcare,CLINIC VISIT FEE,30.71,debit,10832.16,False
5c189852-4,CUST61A288,2026-05-26,Transportation,CAREEM RIDE,69.64,debit,10762.52,False
5838fc75-e,CUST61A288,2026-05-26,Transportation,CAREEM RIDE,35.93,debit,10726.59,False
129dba9a-5,CUST61A288,2026-05-26,Savings Transfer,TRANSFER TO SAVINGS ACCT,379.78,debit,10346.81,False
baa982a8-4,CUST61A288,2026-05-27,Transportation,UBER *TRIP 585,37.8,debit,10309.01,False
01eae415-3,CUST61A288,2026-05-28,Shopping,MALL PURCHASE - POS,5.0,debit,10304.01,False
bea0638b-1,CUST61A288,2026-06-01,Salary,MONTHLY SALARY CREDIT,6100.0,credit,16404.01,False
fce71057-b,CUST61A288,2026-06-02,Savings Transfer,TRANSFER TO SAVINGS ACCT,208.43,debit,16195.58,False
a0e65dd9-9,CUST61A288,2026-06-02,Savings Transfer,TRANSFER TO SAVINGS ACCT,276.66,debit,15918.92,False
0d39aaf8-a,CUST61A288,2026-06-05,Groceries,SPINNEYS #175,185.66,debit,15733.26,False
d1dead5c-2,CUST61A288,2026-06-05,Groceries,CARREFOUR HYPERMARKET,145.25,debit,15588.01,False
9bda23e1-9,CUST61A288,2026-06-05,Groceries,POS PURCHASE - LOCAL MARKET,257.06,debit,15330.95,False
42af0719-6,CUST61A288,2026-06-05,Savings Transfer,INTERNAL XFER - SAVINGS,302.78,debit,15028.17,False
db9c61d2-9,CUST61A288,2026-06-06,Entertainment,CINEMA TICKET PURCHASE,94.8,debit,14933.37,False
44caeb77-2,CUST61A288,2026-06-06,Shopping,MALL PURCHASE - POS,155.93,debit,14777.44,False
9fdf3884-f,CUST61A288,2026-06-06,Healthcare,LAB TEST PAYMENT,10.58,debit,14766.86,False
7471d5d5-9,CUST61A288,2026-06-07,Healthcare,LAB TEST PAYMENT,70.84,debit,14696.02,False
fa352378-1,CUST61A288,2026-06-08,Shopping,ONLINE STORE CHECKOUT,25.98,debit,14670.04,False
c12dfe68-7,CUST61A288,2026-06-10,Healthcare,PHARMACY PURCHASE,42.09,debit,14627.95,False
39f6c3a8-a,CUST61A288,2026-06-11,Utilities,Internet Bill - NBE,286.07,debit,14341.88,False
751d5ae6-1,CUST61A288,2026-06-11,Entertainment,NETFLIX PPV CHARGE,240.88,debit,14101.0,False
c68d04d3-c,CUST61A288,2026-06-12,Healthcare,CLINIC VISIT FEE,60.86,debit,14040.14,False
9db7adc5-9,CUST61A288,2026-06-16,Rent/Installment,ACH DEBIT - RENT PAYMENT,1830.0,debit,12210.14,False
97773af5-1,CUST61A288,2026-06-16,Groceries,POS PURCHASE - LOCAL MARKET,6.45,debit,12203.69,False
596aa776-4,CUST61A288,2026-06-18,Dining/Restaurants,CAFE PURCHASE,61.69,debit,12142.0,False
3aa4425e-1,CUST61A288,2026-06-19,Transportation,CAREEM RIDE,47.5,debit,12094.5,False
a8260535-a,CUST61A288,2026-06-19,Subscriptions,SPOTIFY AB,144.01,debit,11950.49,False
496aa220-3,CUST61A288,2026-06-20,Shopping,AMAZON.EG ORDER,31.71,debit,11918.78,False
0867975f-7,CUST61A288,2026-06-20,Healthcare,CLINIC VISIT FEE,60.54,debit,11858.24,False
46fe6239-6,CUST61A288,2026-06-21,Savings Transfer,TRANSFER TO SAVINGS ACCT,147.64,debit,11710.6,False
2be87163-5,CUST61A288,2026-06-22,Groceries,CARREFOUR HYPERMARKET,331.49,debit,11379.11,False
5a9b624e-5,CUST61A288,2026-06-26,Dining/Restaurants,MCDONALDS #179,293.22,debit,11085.89,False
ee8a9569-9,CUST61A288,2026-06-27,Transportation,CAREEM RIDE,24.63,debit,11061.26,False
c7cf630a-4,CUST61A288,2026-06-27,Dining/Restaurants,MCDONALDS #921,243.19,debit,10818.07,False
2ddc0f73-a,CUST61A288,2026-06-27,Shopping,AMAZON.EG ORDER,91.13,debit,10726.94,False
c1779913-7,CUST61A288,2026-06-28,Transportation,UBER *TRIP 872,245.85,debit,10481.09,False
82238e2e-e,CUST84D12A,2026-01-01,Shopping,AMAZON.EG ORDER,415.84,debit,12818.03,False
8b0026c5-7,CUST84D12A,2026-01-02,Salary,MONTHLY SALARY CREDIT,29700.0,credit,42518.03,False
9a9d1f1f-d,CUST84D12A,2026-01-02,Groceries,CARREFOUR HYPERMARKET,2375.2,debit,40142.83,False
4074b8c3-4,CUST84D12A,2026-01-02,Savings Transfer,INTERNAL XFER - SAVINGS,907.47,debit,39235.36,False
bb93f88c-b,CUST84D12A,2026-01-03,Transportation,CAREEM RIDE,323.66,debit,38911.7,False
7018e648-9,CUST84D12A,2026-01-05,Groceries,SPINNEYS #347,804.22,debit,38107.48,False
e2f1ff06-d,CUST84D12A,2026-01-05,Dining/Restaurants,CAFE PURCHASE,122.61,debit,37984.87,False
21a94cd0-e,CUST84D12A,2026-01-06,Transportation,UBER *TRIP 505,982.16,debit,37002.71,False
d473c0ff-f,CUST84D12A,2026-01-06,Shopping,MALL PURCHASE - POS,554.78,debit,36447.93,False
0d66497b-e,CUST84D12A,2026-01-08,Savings Transfer,TRANSFER TO SAVINGS ACCT,37.8,debit,36410.13,False
b4842b79-6,CUST84D12A,2026-01-09,Utilities,Internet Bill - NBE,1418.67,debit,34991.46,False
ea7dd20c-0,CUST84D12A,2026-01-15,Savings Transfer,INTERNAL XFER - SAVINGS,954.9,debit,34036.56,False
6a22721a-e,CUST84D12A,2026-01-16,Savings Transfer,TRANSFER TO SAVINGS ACCT,236.78,debit,33799.78,False
e577e3ef-1,CUST84D12A,2026-01-19,Entertainment,GAMING STORE PURCHASE,520.33,debit,33279.45,False
b3956fac-d,CUST84D12A,2026-01-19,Subscriptions,NETFLIX.COM SUBSCRIPTION,539.42,debit,32740.03,False
8105265a-4,CUST84D12A,2026-01-20,Entertainment,NETFLIX PPV CHARGE,23.02,debit,32717.01,False
9ebb5a02-0,CUST84D12A,2026-01-21,Dining/Restaurants,MCDONALDS #634,889.0,debit,31828.01,False
6df52b08-2,CUST84D12A,2026-01-23,Groceries,SPINNEYS #950,178.12,debit,31649.89,False
e365549a-1,CUST84D12A,2026-01-24,Shopping,MALL PURCHASE - POS,891.37,debit,30758.52,False
2c57f047-4,CUST84D12A,2026-01-24,Savings Transfer,TRANSFER TO SAVINGS ACCT,1501.4,debit,29257.12,False
07482708-a,CUST84D12A,2026-01-25,Rent/Installment,Monthly Rent Transfer,8524.84,debit,20732.28,False
a51cf29f-3,CUST84D12A,2026-01-25,Shopping,AMAZON.EG ORDER,19.96,debit,20712.32,False
1cd2fa4f-6,CUST84D12A,2026-01-26,Entertainment,NETFLIX PPV CHARGE,420.2,debit,20292.12,False
6a8ab87a-1,CUST84D12A,2026-01-27,Entertainment,GAMING STORE PURCHASE,576.24,debit,19715.88,False
92fe7277-9,CUST84D12A,2026-01-27,Healthcare,CLINIC VISIT FEE,201.73,debit,19514.15,False
64b604e0-9,CUST84D12A,2026-01-28,Shopping,ONLINE STORE CHECKOUT,169.04,debit,19345.11,False
02882d66-e,CUST84D12A,2026-01-28,Healthcare,LAB TEST PAYMENT,264.89,debit,19080.22,False
247aae6f-5,CUST84D12A,2026-02-03,Salary,MONTHLY SALARY CREDIT,29700.0,credit,48780.22,False
b66b7447-2,CUST84D12A,2026-02-03,Healthcare,PHARMACY PURCHASE,27.87,debit,48752.35,False
960a18d9-9,CUST84D12A,2026-02-05,Entertainment,CINEMA TICKET PURCHASE,69.37,debit,48682.98,False
851756b9-0,CUST84D12A,2026-02-05,Shopping,ONLINE STORE CHECKOUT,471.87,debit,48211.11,False
64b29aac-f,CUST84D12A,2026-02-05,Subscriptions,SPOTIFY AB,622.2,debit,47588.91,False
82dcb507-3,CUST84D12A,2026-02-06,Groceries,POS PURCHASE - LOCAL MARKET,2623.04,debit,44965.87,False
d695c9e9-a,CUST84D12A,2026-02-06,Transportation,UBER *TRIP 533,72.52,debit,44893.35,False
81635e94-c,CUST84D12A,2026-02-07,Rent/Installment,Home Loan Installment - ONLINE,8250.14,debit,36643.21,False
6825c5b4-e,CUST84D12A,2026-02-07,Groceries,CARREFOUR HYPERMARKET,795.09,debit,35848.12,False
8dbcc782-8,CUST84D12A,2026-02-08,Transportation,CAREEM RIDE,271.64,debit,35576.48,False
3069377e-b,CUST84D12A,2026-02-09,Dining/Restaurants,MCDONALDS #748,144.28,debit,35432.2,False
e4ec5818-7,CUST84D12A,2026-02-10,Shopping,AMAZON.EG ORDER,110.84,debit,35321.36,False
6a3e91cd-f,CUST84D12A,2026-02-11,Entertainment,CINEMA TICKET PURCHASE,549.35,debit,34772.01,False
344435fb-2,CUST84D12A,2026-02-12,Entertainment,NETFLIX PPV CHARGE,130.23,debit,34641.78,False
23ff8a9e-b,CUST84D12A,2026-02-16,Entertainment,GAMING STORE PURCHASE,798.77,debit,33843.01,False
c2253832-a,CUST84D12A,2026-02-18,Dining/Restaurants,POS - LOCAL RESTAURANT,572.87,debit,33270.14,False
16f9b230-7,CUST84D12A,2026-02-19,Utilities,ELECTRICITY BILL PMT,1556.28,debit,31713.86,False
4714e0a4-4,CUST84D12A,2026-02-20,Shopping,AMAZON.EG ORDER,520.8,debit,31193.06,False
cf37bcfb-4,CUST84D12A,2026-02-21,Transportation,FUEL STATION PURCHASE,758.84,debit,30434.22,False
c8aa057d-8,CUST84D12A,2026-02-22,Shopping,MALL PURCHASE - POS,622.52,debit,29811.7,False
f33c2387-e,CUST84D12A,2026-02-23,Groceries,CARREFOUR HYPERMARKET,389.5,debit,29422.2,False
cc3e8aad-6,CUST84D12A,2026-02-23,Savings Transfer,INTERNAL XFER - SAVINGS,414.03,debit,29008.17,False
a76e1123-0,CUST84D12A,2026-02-24,Savings Transfer,INTERNAL XFER - SAVINGS,1497.39,debit,27510.78,False
dcfc3759-f,CUST84D12A,2026-02-25,Healthcare,LAB TEST PAYMENT,447.51,debit,27063.27,False
59f94633-7,CUST84D12A,2026-02-25,Savings Transfer,TRANSFER TO SAVINGS ACCT,1687.42,debit,25375.85,False
9b3f4c67-f,CUST84D12A,2026-02-27,Dining/Restaurants,POS - LOCAL RESTAURANT,228.77,debit,25147.08,False
0da5221f-9,CUST84D12A,2026-02-28,Savings Transfer,INTERNAL XFER - SAVINGS,688.02,debit,24459.06,False
01aef3ed-5,CUST84D12A,2026-03-02,Salary,MONTHLY SALARY CREDIT,29700.0,credit,54159.06,False
3dc5eb0a-b,CUST84D12A,2026-03-02,Dining/Restaurants,MCDONALDS #145,267.02,debit,53892.04,False
dd003f2d-2,CUST84D12A,2026-03-02,Entertainment,NETFLIX PPV CHARGE,698.63,debit,53193.41,False
d98142f9-4,CUST84D12A,2026-03-04,Rent/Installment,Home Loan Installment - NBE,8724.31,debit,44469.1,False
1d605ce5-1,CUST84D12A,2026-03-04,Entertainment,GAMING STORE PURCHASE,199.59,debit,44269.51,False
53e655ce-2,CUST84D12A,2026-03-05,Groceries,CARREFOUR HYPERMARKET,959.02,debit,43310.49,False
549f36fe-5,CUST84D12A,2026-03-05,Groceries,CARREFOUR HYPERMARKET,369.97,debit,42940.52,False
33618063-8,CUST84D12A,2026-03-05,Healthcare,LAB TEST PAYMENT,5.05,debit,42935.47,False
f0223dbf-6,CUST84D12A,2026-03-10,Dining/Restaurants,POS - LOCAL RESTAURANT,303.57,debit,42631.9,False
b067a09b-7,CUST84D12A,2026-03-12,Shopping,AMAZON.EG ORDER,861.81,debit,41770.09,False
9d304e6d-2,CUST84D12A,2026-03-12,Shopping,MALL PURCHASE - POS,749.29,debit,41020.8,False
6066cf01-0,CUST84D12A,2026-03-12,Shopping,ONLINE STORE CHECKOUT,55.92,debit,40964.88,False
4351616a-c,CUST84D12A,2026-03-15,Groceries,SPINNEYS #174,624.08,debit,40340.8,False
67606a0c-e,CUST84D12A,2026-03-15,Transportation,CAREEM RIDE,427.97,debit,39912.83,False
33094a13-b,CUST84D12A,2026-03-16,Shopping,ONLINE STORE CHECKOUT,222.56,debit,39690.27,False
166c951f-0,CUST84D12A,2026-03-17,Utilities,Internet Bill - NBE,1433.33,debit,38256.94,False
f8548061-9,CUST84D12A,2026-03-17,Dining/Restaurants,MCDONALDS #863,417.38,debit,37839.56,False
35a1ec26-4,CUST84D12A,2026-03-17,Entertainment,GAMING STORE PURCHASE,847.9,debit,36991.66,False
2077d04d-0,CUST84D12A,2026-03-18,Subscriptions,NETFLIX.COM SUBSCRIPTION,610.92,debit,36380.74,False
cbcd5ad1-d,CUST84D12A,2026-03-19,Shopping,MALL PURCHASE - POS,64.72,debit,36316.02,False
33e7fb0e-c,CUST84D12A,2026-03-21,Savings Transfer,TRANSFER TO SAVINGS ACCT,1403.33,debit,34912.69,False
4b22ade2-8,CUST84D12A,2026-03-22,Transportation,CAREEM RIDE,59.62,debit,34853.07,False
a55f1b6e-e,CUST84D12A,2026-03-22,Transportation,FUEL STATION PURCHASE,601.71,debit,34251.36,False
e59cfad9-b,CUST84D12A,2026-03-23,Groceries,SPINNEYS #343,1225.5,debit,33025.86,False
7c333607-8,CUST84D12A,2026-03-27,Healthcare,PHARMACY PURCHASE,414.31,debit,32611.55,False
c7d99ea0-d,CUST84D12A,2026-03-28,Groceries,POS PURCHASE - LOCAL MARKET,719.37,debit,31892.18,False
c903f9d5-4,CUST84D12A,2026-03-28,Savings Transfer,INTERNAL XFER - SAVINGS,2891.21,debit,29000.97,False
aba34d36-d,CUST84D12A,2026-04-01,Rent/Installment,Home Loan Installment - NBE,8591.25,debit,20409.72,False
14a21fb2-3,CUST84D12A,2026-04-01,Entertainment,GAMING STORE PURCHASE,639.19,debit,19770.53,False
e7cb136a-0,CUST84D12A,2026-04-02,Salary,MONTHLY SALARY CREDIT,29700.0,credit,49470.53,False
af45856a-2,CUST84D12A,2026-04-04,Transportation,UBER *TRIP 535,497.56,debit,48972.97,False
c93baf62-b,CUST84D12A,2026-04-05,Shopping,AMAZON.EG ORDER,1381.73,debit,47591.24,False
c9591780-b,CUST84D12A,2026-04-05,Shopping,MALL PURCHASE - POS,302.71,debit,47288.53,False
f7aa3828-8,CUST84D12A,2026-04-10,Shopping,ONLINE STORE CHECKOUT,203.38,debit,47085.15,False
4f521c98-c,CUST84D12A,2026-04-10,Healthcare,LAB TEST PAYMENT,404.4,debit,46680.75,False
f9d94043-a,CUST84D12A,2026-04-12,Transportation,CAREEM RIDE,101.08,debit,46579.67,False
bcef805f-9,CUST84D12A,2026-04-12,Subscriptions,SPOTIFY AB,538.87,debit,46040.8,False
799dfe68-f,CUST84D12A,2026-04-13,Entertainment,NETFLIX PPV CHARGE,57.22,debit,45983.58,False
d2e49fcd-d,CUST84D12A,2026-04-13,Savings Transfer,TRANSFER TO SAVINGS ACCT,1713.05,debit,44270.53,False
42102ee1-5,CUST84D12A,2026-04-15,Groceries,CARREFOUR HYPERMARKET,1128.14,debit,43142.39,False
ea503392-4,CUST84D12A,2026-04-16,Groceries,SPINNEYS #677,154.35,debit,42988.04,False
e2bfe1f3-8,CUST84D12A,2026-04-17,Savings Transfer,INTERNAL XFER - SAVINGS,285.74,debit,42702.3,False
0f7b8324-8,CUST84D12A,2026-04-18,Transportation,CAREEM RIDE,89.28,debit,42613.02,False
22c2fbcc-4,CUST84D12A,2026-04-19,Dining/Restaurants,MCDONALDS #116,484.42,debit,42128.6,False
4cb23f03-d,CUST84D12A,2026-04-20,Groceries,POS PURCHASE - LOCAL MARKET,16.97,debit,42111.63,False
6a5bee0b-1,CUST84D12A,2026-04-21,Groceries,POS PURCHASE - LOCAL MARKET,1684.02,debit,40427.61,False
d4750388-b,CUST84D12A,2026-04-21,Groceries,SPINNEYS #454,252.35,debit,40175.26,False
f5224c60-3,CUST84D12A,2026-04-21,Dining/Restaurants,CAFE PURCHASE,491.8,debit,39683.46,False
060e23a0-9,CUST84D12A,2026-04-21,Savings Transfer,INTERNAL XFER - SAVINGS,1966.87,debit,37716.59,False
8a4cb828-5,CUST84D12A,2026-04-22,Transportation,FUEL STATION PURCHASE,256.39,debit,37460.2,False
bc775097-d,CUST84D12A,2026-04-23,Utilities,ELECTRICITY BILL PMT,1603.07,debit,35857.13,False
05608ba3-c,CUST84D12A,2026-04-23,Entertainment,NETFLIX PPV CHARGE,149.02,debit,35708.11,False
40ee7995-2,CUST84D12A,2026-04-24,Healthcare,LAB TEST PAYMENT,5.0,debit,35703.11,False
ca614606-e,CUST84D12A,2026-04-25,Entertainment,CINEMA TICKET PURCHASE,633.95,debit,35069.16,False
70678efd-2,CUST84D12A,2026-04-27,Transportation,CAREEM RIDE,361.4,debit,34707.76,False
ae0468b3-e,CUST84D12A,2026-05-01,Salary,MONTHLY SALARY CREDIT,29700.0,credit,64407.76,False
2fd80dc8-2,CUST84D12A,2026-05-02,Transportation,UBER *TRIP 269,191.18,debit,64216.58,False
e3d17b0d-0,CUST84D12A,2026-05-02,Savings Transfer,TRANSFER TO SAVINGS ACCT,1262.15,debit,62954.43,False
0c830720-f,CUST84D12A,2026-05-03,Dining/Restaurants,POS - LOCAL RESTAURANT,26.31,debit,62928.12,False
19898c14-d,CUST84D12A,2026-05-04,Dining/Restaurants,CAFE PURCHASE,532.15,debit,62395.97,False
86c87524-5,CUST84D12A,2026-05-06,Transportation,UBER *TRIP 444,400.87,debit,61995.1,False
9a5c20a8-d,CUST84D12A,2026-05-06,Dining/Restaurants,CAFE PURCHASE,132.02,debit,61863.08,False
15d6a8a2-1,CUST84D12A,2026-05-07,Entertainment,GAMING STORE PURCHASE,1260.25,debit,60602.83,False
82cab01b-4,CUST84D12A,2026-05-07,Healthcare,LAB TEST PAYMENT,361.77,debit,60241.06,False
55e45f39-e,CUST84D12A,2026-05-08,Groceries,CARREFOUR HYPERMARKET,568.67,debit,59672.39,False
c537edc1-c,CUST84D12A,2026-05-08,Transportation,UBER *TRIP 232,117.46,debit,59554.93,False
fa3f5ee3-7,CUST84D12A,2026-05-09,Healthcare,LAB TEST PAYMENT,6.38,debit,59548.55,False
a70319db-c,CUST84D12A,2026-05-09,Healthcare,LAB TEST PAYMENT,62.56,debit,59485.99,False
3df1cd00-e,CUST84D12A,2026-05-10,Transportation,UBER *TRIP 481,224.92,debit,59261.07,False
7c020efa-e,CUST84D12A,2026-05-11,Groceries,SPINNEYS #523,2503.16,debit,56757.91,False
f9d80e19-f,CUST84D12A,2026-05-11,Shopping,AMAZON.EG ORDER,786.66,debit,55971.25,False
0c568b02-4,CUST84D12A,2026-05-13,Shopping,AMAZON.EG ORDER,1103.01,debit,54868.24,False
620d286d-5,CUST84D12A,2026-05-13,Savings Transfer,INTERNAL XFER - SAVINGS,2261.82,debit,52606.42,False
eb0a81eb-4,CUST84D12A,2026-05-15,Transportation,CAREEM RIDE,181.5,debit,52424.92,False
7f64a535-c,CUST84D12A,2026-05-17,Entertainment,GAMING STORE PURCHASE,222.75,debit,52202.17,False
9899951f-8,CUST84D12A,2026-05-18,Savings Transfer,TRANSFER TO SAVINGS ACCT,680.34,debit,51521.83,False
1e55c8f6-5,CUST84D12A,2026-05-19,Groceries,POS PURCHASE - LOCAL MARKET,302.83,debit,51219.0,False
e44d308d-8,CUST84D12A,2026-05-22,Utilities,ELECTRICITY BILL PMT,1447.46,debit,49771.54,False
f86b7636-9,CUST84D12A,2026-05-22,Dining/Restaurants,POS - LOCAL RESTAURANT,110.04,debit,49661.5,False
e73e8eb9-5,CUST84D12A,2026-05-23,Groceries,SPINNEYS #208,238.52,debit,49422.98,False
34123b70-8,CUST84D12A,2026-05-24,Dining/Restaurants,MCDONALDS #945,277.39,debit,49145.59,False
457e42b3-2,CUST84D12A,2026-05-26,Rent/Installment,Home Loan Installment - ONLINE,8210.97,debit,40934.62,False
284536bc-5,CUST84D12A,2026-05-27,Subscriptions,GYM MEMBERSHIP AUTOPAY,593.82,debit,40340.8,False
d8fdd612-d,CUST84D12A,2026-06-01,Salary,MONTHLY SALARY CREDIT,29700.0,credit,70040.8,False
40c9fa52-7,CUST84D12A,2026-06-03,Transportation,UBER *TRIP 873,824.54,debit,69216.26,False
7a2bc09d-2,CUST84D12A,2026-06-04,Entertainment,NETFLIX PPV CHARGE,23.33,debit,69192.93,False
b44b9bc2-c,CUST84D12A,2026-06-05,Groceries,POS PURCHASE - LOCAL MARKET,274.81,debit,68918.12,False
c2f92bb1-2,CUST84D12A,2026-06-06,Healthcare,CLINIC VISIT FEE,27.92,debit,68890.2,False
9afc0edf-1,CUST84D12A,2026-06-07,Entertainment,CINEMA TICKET PURCHASE,77.63,debit,68812.57,False
97c76947-8,CUST84D12A,2026-06-08,Transportation,CAREEM RIDE,351.33,debit,68461.24,False
eab89e7f-b,CUST84D12A,2026-06-08,Shopping,AMAZON.EG ORDER,638.3,debit,67822.94,False
909b9a62-5,CUST84D12A,2026-06-08,Healthcare,CLINIC VISIT FEE,5.0,debit,67817.94,False
99424f28-1,CUST84D12A,2026-06-10,Groceries,POS PURCHASE - LOCAL MARKET,223.07,debit,67594.87,False
bf1f5ddf-3,CUST84D12A,2026-06-10,Dining/Restaurants,POS - LOCAL RESTAURANT,17.65,debit,67577.22,False
d1741d10-b,CUST84D12A,2026-06-10,Healthcare,PHARMACY PURCHASE,49.99,debit,67527.23,False
ecf44431-d,CUST84D12A,2026-06-11,Dining/Restaurants,CAFE PURCHASE,962.32,debit,66564.91,False
bb679868-6,CUST84D12A,2026-06-13,Entertainment,NETFLIX PPV CHARGE,5.0,debit,66559.91,False
d40a8193-7,CUST84D12A,2026-06-13,Healthcare,CLINIC VISIT FEE,68.25,debit,66491.66,False
22b36995-c,CUST84D12A,2026-06-13,Savings Transfer,TRANSFER TO SAVINGS ACCT,1128.93,debit,65362.73,False
da829986-4,CUST84D12A,2026-06-14,Utilities,ELECTRICITY BILL PMT,1585.4,debit,63777.33,False
c5338c4a-4,CUST84D12A,2026-06-15,Shopping,ONLINE STORE CHECKOUT,383.93,debit,63393.4,False
2f1ed77a-b,CUST84D12A,2026-06-16,Shopping,ONLINE STORE CHECKOUT,862.85,debit,62530.55,False
5bc7ad34-e,CUST84D12A,2026-06-17,Transportation,UBER *TRIP 213,37.84,debit,62492.71,False
7c5b9191-d,CUST84D12A,2026-06-18,Savings Transfer,TRANSFER TO SAVINGS ACCT,2669.92,debit,59822.79,False
2cd891f3-7,CUST84D12A,2026-06-20,Subscriptions,GYM MEMBERSHIP AUTOPAY,553.62,debit,59269.17,False
b96c5f32-4,CUST84D12A,2026-06-22,Groceries,POS PURCHASE - LOCAL MARKET,184.46,debit,59084.71,False
4d769e4d-d,CUST84D12A,2026-06-22,Entertainment,GAMING STORE PURCHASE,1213.93,debit,57870.78,False
05b04636-2,CUST84D12A,2026-06-23,Dining/Restaurants,CAFE PURCHASE,10.24,debit,57860.54,False
30595705-3,CUST84D12A,2026-06-24,Groceries,CARREFOUR HYPERMARKET,1827.33,debit,56033.21,False
c7dc51f4-7,CUST84D12A,2026-06-25,Entertainment,NETFLIX PPV CHARGE,315.66,debit,55717.55,False
98a9aad8-d,CUST84D12A,2026-06-26,Rent/Installment,ACH DEBIT - RENT PAYMENT,9464.54,debit,46253.01,False
43657769-c,CUST84D12A,2026-06-27,Groceries,POS PURCHASE - LOCAL MARKET,708.25,debit,45544.76,False
6f9720a7-5,CUST84D12A,2026-06-27,Healthcare,CLINIC VISIT FEE,338.2,debit,45206.56,False
4fb9cf4b-e,CUST84D12A,2026-06-28,Dining/Restaurants,CAFE PURCHASE,65.05,debit,45141.51,False
0e8f24aa-4,CUST11F3A5,2026-01-01,Groceries,CARREFOUR HYPERMARKET,172.67,debit,12702.04,False
ea14a8be-7,CUST11F3A5,2026-01-01,Groceries,CARREFOUR HYPERMARKET,33.31,debit,12668.73,False
b503526d-8,CUST11F3A5,2026-01-01,Entertainment,CINEMA TICKET PURCHASE,320.08,debit,12348.65,False
7987d705-a,CUST11F3A5,2026-01-02,Salary,MONTHLY SALARY CREDIT,38900.0,credit,51248.65,False
64254a5b-a,CUST11F3A5,2026-01-02,Transportation,CAREEM RIDE,1593.85,debit,49654.8,False
20a76542-b,CUST11F3A5,2026-01-03,Savings Transfer,TRANSFER TO SAVINGS ACCT,294.79,debit,49360.01,False
32de8b5b-5,CUST11F3A5,2026-01-04,Transportation,UBER *TRIP 552,571.21,debit,48788.8,False
a99025c1-f,CUST11F3A5,2026-01-09,Dining/Restaurants,MCDONALDS #337,129.3,debit,48659.5,False
2d4b5c5e-8,CUST11F3A5,2026-01-10,Dining/Restaurants,MCDONALDS #929,443.86,debit,48215.64,False
4d69051f-b,CUST11F3A5,2026-01-11,Dining/Restaurants,CAFE PURCHASE,1082.73,debit,47132.91,False
949821b2-0,CUST11F3A5,2026-01-11,Entertainment,NETFLIX PPV CHARGE,834.54,debit,46298.37,False
f3eb4583-6,CUST11F3A5,2026-01-12,Entertainment,CINEMA TICKET PURCHASE,18.96,debit,46279.41,False
26baa221-4,CUST11F3A5,2026-01-12,Shopping,AMAZON.EG ORDER,469.77,debit,45809.64,False
aca0a5d1-4,CUST11F3A5,2026-01-13,Rent/Installment,Home Loan Installment - AUTOPAY,12313.89,debit,33495.75,False
2f04ce8d-4,CUST11F3A5,2026-01-13,Utilities,Internet Bill - ONLINE,2063.14,debit,31432.61,False
6c60c5f3-d,CUST11F3A5,2026-01-15,Subscriptions,NETFLIX.COM SUBSCRIPTION,1054.41,debit,30378.2,False
84abacec-d,CUST11F3A5,2026-01-16,Shopping,ONLINE STORE CHECKOUT,727.47,debit,29650.73,False
9e3db9e1-c,CUST11F3A5,2026-01-16,Savings Transfer,INTERNAL XFER - SAVINGS,275.11,debit,29375.62,False
921e98d4-4,CUST11F3A5,2026-01-19,Transportation,FUEL STATION PURCHASE,18.54,debit,29357.08,False
62493fd4-3,CUST11F3A5,2026-01-19,Entertainment,CINEMA TICKET PURCHASE,84.03,debit,29273.05,False
860debea-9,CUST11F3A5,2026-01-21,Groceries,CARREFOUR HYPERMARKET,1945.78,debit,27327.27,False
b073d85c-1,CUST11F3A5,2026-01-22,Savings Transfer,TRANSFER TO SAVINGS ACCT,1223.13,debit,26104.14,False
1fb6f95a-0,CUST11F3A5,2026-01-23,Shopping,AMAZON.EG ORDER,23.8,debit,26080.34,False
720d732d-4,CUST11F3A5,2026-01-24,Healthcare,PHARMACY PURCHASE,121.34,debit,25959.0,False
a48cba89-a,CUST11F3A5,2026-01-25,Groceries,CARREFOUR HYPERMARKET,2012.15,debit,23946.85,False
0a74ced2-a,CUST11F3A5,2026-01-26,Healthcare,LAB TEST PAYMENT,98.78,debit,23848.07,False
e599ad4d-e,CUST11F3A5,2026-01-27,Transportation,UBER *TRIP 137,492.8,debit,23355.27,False
145f2db4-9,CUST11F3A5,2026-01-28,Healthcare,LAB TEST PAYMENT,224.29,debit,23130.98,False
362cb73c-1,CUST11F3A5,2026-02-01,Salary,MONTHLY SALARY CREDIT,38900.0,credit,62030.98,False
bc62ad5e-8,CUST11F3A5,2026-02-01,Entertainment,GAMING STORE PURCHASE,228.69,debit,61802.29,False
447854c0-7,CUST11F3A5,2026-02-01,Savings Transfer,INTERNAL XFER - SAVINGS,345.63,debit,61456.66,False
bc8eae0e-5,CUST11F3A5,2026-02-02,Utilities,WATER CO. AUTOPAY,1895.66,debit,59561.0,False
5a4c83a4-4,CUST11F3A5,2026-02-02,Entertainment,CINEMA TICKET PURCHASE,348.62,debit,59212.38,False
a192f3dc-4,CUST11F3A5,2026-02-02,Entertainment,CINEMA TICKET PURCHASE,61.75,debit,59150.63,False
fa07f69b-5,CUST11F3A5,2026-02-03,Entertainment,CINEMA TICKET PURCHASE,494.9,debit,58655.73,False
6970c721-1,CUST11F3A5,2026-02-04,Healthcare,CLINIC VISIT FEE,53.25,debit,58602.48,False
da539f05-e,CUST11F3A5,2026-02-05,Groceries,CARREFOUR HYPERMARKET,1989.75,debit,56612.73,False
e6700838-2,CUST11F3A5,2026-02-05,Shopping,ONLINE STORE CHECKOUT,518.11,debit,56094.62,False
83a50e15-b,CUST11F3A5,2026-02-08,Groceries,SPINNEYS #573,1819.77,debit,54274.85,False
ace23cf3-b,CUST11F3A5,2026-02-09,Shopping,ONLINE STORE CHECKOUT,88.0,debit,54186.85,False
f7bd07c4-8,CUST11F3A5,2026-02-09,Healthcare,LAB TEST PAYMENT,31.84,debit,54155.01,False
5cd08e8a-c,CUST11F3A5,2026-02-10,Subscriptions,GYM MEMBERSHIP AUTOPAY,1120.2,debit,53034.81,False
e7dbeffd-6,CUST11F3A5,2026-02-13,Transportation,UBER *TRIP 939,299.12,debit,52735.69,False
66f46f1a-9,CUST11F3A5,2026-02-14,Healthcare,PHARMACY PURCHASE,29.35,debit,52706.34,False
2c3ff4fe-5,CUST11F3A5,2026-02-16,Dining/Restaurants,MCDONALDS #967,478.88,debit,52227.46,False
e3233656-d,CUST11F3A5,2026-02-17,Shopping,AMAZON.EG ORDER,152.61,debit,52074.85,False
2f66e5b6-0,CUST11F3A5,2026-02-17,Savings Transfer,TRANSFER TO SAVINGS ACCT,1170.96,debit,50903.89,False
2d4e64d1-c,CUST11F3A5,2026-02-18,Transportation,FUEL STATION PURCHASE,822.33,debit,50081.56,False
22cc86d1-5,CUST11F3A5,2026-02-20,Transportation,UBER *TRIP 997,66.59,debit,50014.97,False
f199d6c0-5,CUST11F3A5,2026-02-20,Dining/Restaurants,CAFE PURCHASE,439.53,debit,49575.44,False
7a161faa-4,CUST11F3A5,2026-02-20,Entertainment,GAMING STORE PURCHASE,201.55,debit,49373.89,False
58ad152a-0,CUST11F3A5,2026-02-21,Healthcare,PHARMACY PURCHASE,121.77,debit,49252.12,False
04f77c0d-c,CUST11F3A5,2026-02-22,Dining/Restaurants,MCDONALDS #586,50.03,debit,49202.09,False
368da57d-6,CUST11F3A5,2026-02-22,Shopping,ONLINE STORE CHECKOUT,409.28,debit,48792.81,False
bc0a255a-9,CUST11F3A5,2026-02-25,Rent/Installment,Home Loan Installment - AUTOPAY,11953.44,debit,36839.37,False
701c1bff-c,CUST11F3A5,2026-02-25,Transportation,CAREEM RIDE,1530.27,debit,35309.1,False
fa76f5dc-a,CUST11F3A5,2026-02-27,Dining/Restaurants,MCDONALDS #841,493.09,debit,34816.01,False
ddb6031f-8,CUST11F3A5,2026-02-28,Shopping,AMAZON.EG ORDER,81.73,debit,34734.28,False
40686048-a,CUST11F3A5,2026-02-28,Healthcare,CLINIC VISIT FEE,196.48,debit,34537.8,False
a23eb671-f,CUST11F3A5,2026-03-01,Healthcare,LAB TEST PAYMENT,5.0,debit,34532.8,False
be96481f-0,CUST11F3A5,2026-03-03,Salary,MONTHLY SALARY CREDIT,38900.0,credit,73432.8,False
9b75b412-6,CUST11F3A5,2026-03-03,Savings Transfer,TRANSFER TO SAVINGS ACCT,340.95,debit,73091.85,False
eec8262e-c,CUST11F3A5,2026-03-04,Dining/Restaurants,MCDONALDS #489,37.61,debit,73054.24,False
6f3cbbc4-9,CUST11F3A5,2026-03-04,Healthcare,CLINIC VISIT FEE,115.94,debit,72938.3,False
5164f9fe-1,CUST11F3A5,2026-03-05,Transportation,UBER *TRIP 900,986.34,debit,71951.96,False
d81bc4b0-6,CUST11F3A5,2026-03-05,Dining/Restaurants,CAFE PURCHASE,1101.29,debit,70850.67,False
baa3a035-b,CUST11F3A5,2026-03-06,Entertainment,GAMING STORE PURCHASE,327.92,debit,70522.75,False
1ae0f8a1-7,CUST11F3A5,2026-03-07,Savings Transfer,INTERNAL XFER - SAVINGS,493.08,debit,70029.67,False
35d61d5f-7,CUST11F3A5,2026-03-09,Entertainment,NETFLIX PPV CHARGE,22.63,debit,70007.04,False
a479c2b8-b,CUST11F3A5,2026-03-09,Entertainment,CINEMA TICKET PURCHASE,433.23,debit,69573.81,False
03b970b4-e,CUST11F3A5,2026-03-11,Savings Transfer,INTERNAL XFER - SAVINGS,46.78,debit,69527.03,False
fd26278e-d,CUST11F3A5,2026-03-13,Rent/Installment,Home Loan Installment - AUTOPAY,11809.31,debit,57717.72,False
3ceb9cb1-6,CUST11F3A5,2026-03-13,Healthcare,PHARMACY PURCHASE,83.52,debit,57634.2,False
2eb43940-5,CUST11F3A5,2026-03-14,Groceries,SPINNEYS #882,575.42,debit,57058.78,False
9abca029-b,CUST11F3A5,2026-03-14,Transportation,CAREEM RIDE,813.72,debit,56245.06,False
c8d6be31-4,CUST11F3A5,2026-03-14,Shopping,MALL PURCHASE - POS,563.61,debit,55681.45,False
78716658-e,CUST11F3A5,2026-03-18,Shopping,MALL PURCHASE - POS,15.21,debit,55666.24,False
6aea96ae-6,CUST11F3A5,2026-03-19,Transportation,UBER *TRIP 523,834.93,debit,54831.31,False
3b7895c7-7,CUST11F3A5,2026-03-19,Healthcare,PHARMACY PURCHASE,120.02,debit,54711.29,False
b24a68e8-3,CUST11F3A5,2026-03-19,Savings Transfer,INTERNAL XFER - SAVINGS,523.9,debit,54187.39,False
ff4f3c2b-a,CUST11F3A5,2026-03-20,Healthcare,PHARMACY PURCHASE,64.2,debit,54123.19,False
b07efd32-0,CUST11F3A5,2026-03-21,Utilities,Internet Bill - ONLINE,1874.2,debit,52248.99,False
518b978c-d,CUST11F3A5,2026-03-22,Subscriptions,GYM MEMBERSHIP AUTOPAY,1079.43,debit,51169.56,False
9dfb64f1-4,CUST11F3A5,2026-03-23,Groceries,POS PURCHASE - LOCAL MARKET,3124.06,debit,48045.5,False
d79f3bf3-5,CUST11F3A5,2026-03-23,Shopping,ONLINE STORE CHECKOUT,474.96,debit,47570.54,False
39222e14-f,CUST11F3A5,2026-03-24,Savings Transfer,INTERNAL XFER - SAVINGS,387.3,debit,47183.24,False
cc85e21d-2,CUST11F3A5,2026-03-26,Dining/Restaurants,POS - LOCAL RESTAURANT,533.3,debit,46649.94,False
8330a28b-a,CUST11F3A5,2026-03-26,Shopping,AMAZON.EG ORDER,96.84,debit,46553.1,False
0bb32d32-1,CUST11F3A5,2026-03-27,Shopping,MALL PURCHASE - POS,151.29,debit,46401.81,False
c79516ce-6,CUST11F3A5,2026-03-28,Entertainment,CINEMA TICKET PURCHASE,370.32,debit,46031.49,False
3aaa2b56-a,CUST11F3A5,2026-04-02,Salary,MONTHLY SALARY CREDIT,38900.0,credit,84931.49,False
172d1186-a,CUST11F3A5,2026-04-02,Dining/Restaurants,POS - LOCAL RESTAURANT,9.49,debit,84922.0,False
c9f2c378-2,CUST11F3A5,2026-04-03,Rent/Installment,Monthly Rent Transfer,11891.56,debit,73030.44,False
68bd7825-d,CUST11F3A5,2026-04-03,Subscriptions,SPOTIFY AB,1186.73,debit,71843.71,False
8bdc33b0-a,CUST11F3A5,2026-04-03,Healthcare,PHARMACY PURCHASE,144.2,debit,71699.51,False
0310813b-1,CUST11F3A5,2026-04-05,Groceries,SPINNEYS #502,785.78,debit,70913.73,False
79ced1bb-2,CUST11F3A5,2026-04-05,Entertainment,CINEMA TICKET PURCHASE,444.19,debit,70469.54,False
f6b2d73e-0,CUST11F3A5,2026-04-05,Shopping,ONLINE STORE CHECKOUT,450.2,debit,70019.34,False
d8bfb4e5-1,CUST11F3A5,2026-04-05,Savings Transfer,TRANSFER TO SAVINGS ACCT,212.24,debit,69807.1,False
2dfcdb35-e,CUST11F3A5,2026-04-06,Groceries,SPINNEYS #668,87.63,debit,69719.47,False
ca41fccd-e,CUST11F3A5,2026-04-07,Groceries,POS PURCHASE - LOCAL MARKET,1633.62,debit,68085.85,False
39dd04ff-5,CUST11F3A5,2026-04-07,Savings Transfer,TRANSFER TO SAVINGS ACCT,222.49,debit,67863.36,False
0306b85a-5,CUST11F3A5,2026-04-08,Dining/Restaurants,MCDONALDS #918,601.46,debit,67261.9,False
9bf53cdb-9,CUST11F3A5,2026-04-08,Entertainment,GAMING STORE PURCHASE,101.75,debit,67160.15,False
dfcabda0-c,CUST11F3A5,2026-04-12,Transportation,CAREEM RIDE,1368.07,debit,65792.08,False
5d3ae96e-a,CUST11F3A5,2026-04-12,Healthcare,CLINIC VISIT FEE,56.31,debit,65735.77,False
cfbc864f-b,CUST11F3A5,2026-04-14,Savings Transfer,TRANSFER TO SAVINGS ACCT,1292.37,debit,64443.4,False
dea36fec-d,CUST11F3A5,2026-04-15,Utilities,WATER CO. AUTOPAY,1824.49,debit,62618.91,False
94c33946-3,CUST11F3A5,2026-04-15,Groceries,SPINNEYS #206,1030.8,debit,61588.11,False
dc54816a-8,CUST11F3A5,2026-04-18,Dining/Restaurants,MCDONALDS #623,1032.63,debit,60555.48,False
19ac1bcf-d,CUST11F3A5,2026-04-20,Healthcare,LAB TEST PAYMENT,26.06,debit,60529.42,False
3c106c0f-5,CUST11F3A5,2026-04-20,Healthcare,CLINIC VISIT FEE,93.64,debit,60435.78,False
6110c981-6,CUST11F3A5,2026-04-23,Healthcare,PHARMACY PURCHASE,73.27,debit,60362.51,False
1fd3efa2-e,CUST11F3A5,2026-04-24,Groceries,CARREFOUR HYPERMARKET,44.28,debit,60318.23,False
1d21ea67-c,CUST11F3A5,2026-04-24,Transportation,FUEL STATION PURCHASE,1151.2,debit,59167.03,False
2d62597b-4,CUST11F3A5,2026-04-25,Entertainment,NETFLIX PPV CHARGE,676.64,debit,58490.39,False
69c05111-a,CUST11F3A5,2026-04-28,Shopping,AMAZON.EG ORDER,725.82,debit,57764.57,False
0a3823d4-f,CUST11F3A5,2026-05-01,Salary,MONTHLY SALARY CREDIT,38900.0,credit,96664.57,False
abed268c-1,CUST11F3A5,2026-05-02,Healthcare,PHARMACY PURCHASE,346.22,debit,96318.35,True
dbeec520-d,CUST11F3A5,2026-05-03,Transportation,UBER *TRIP 498,161.52,debit,96156.83,False
dde6dc26-4,CUST11F3A5,2026-05-04,Groceries,SPINNEYS #826,1473.97,debit,94682.86,False
9def1afe-c,CUST11F3A5,2026-05-05,Groceries,POS PURCHASE - LOCAL MARKET,1092.5,debit,93590.36,False
dd82a419-4,CUST11F3A5,2026-05-05,Dining/Restaurants,CAFE PURCHASE,377.44,debit,93212.92,True
e25ef39d-8,CUST11F3A5,2026-05-05,Dining/Restaurants,POS - LOCAL RESTAURANT,1278.15,debit,91934.77,True
bcbd2af3-0,CUST11F3A5,2026-05-06,Dining/Restaurants,CAFE PURCHASE,1240.73,debit,90694.04,True
b6113832-0,CUST11F3A5,2026-05-07,Shopping,ONLINE STORE CHECKOUT,1153.03,debit,89541.01,True
579f6236-e,CUST11F3A5,2026-05-08,Groceries,CARREFOUR HYPERMARKET,813.34,debit,88727.67,False
9721132f-d,CUST11F3A5,2026-05-09,Transportation,CAREEM RIDE,707.06,debit,88020.61,False
2a5f39dc-a,CUST11F3A5,2026-05-09,Healthcare,LAB TEST PAYMENT,424.85,debit,87595.76,True
e4f6325d-5,CUST11F3A5,2026-05-10,Shopping,MALL PURCHASE - POS,1691.5,debit,85904.26,True
b398290e-b,CUST11F3A5,2026-05-11,Shopping,ONLINE STORE CHECKOUT,50.46,debit,85853.8,True
d580c135-4,CUST11F3A5,2026-05-12,Dining/Restaurants,MCDONALDS #425,1077.4,debit,84776.4,True
7292a68a-2,CUST11F3A5,2026-05-12,Entertainment,CINEMA TICKET PURCHASE,572.15,debit,84204.25,True
a13218f1-6,CUST11F3A5,2026-05-12,Savings Transfer,TRANSFER TO SAVINGS ACCT,456.7,debit,83747.55,False
503ee45b-1,CUST11F3A5,2026-05-14,Transportation,CAREEM RIDE,1197.72,debit,82549.83,False
0cb45d1b-1,CUST11F3A5,2026-05-15,Transportation,UBER *TRIP 131,373.09,debit,82176.74,False
e711af50-9,CUST11F3A5,2026-05-16,Savings Transfer,TRANSFER TO SAVINGS ACCT,1336.21,debit,80840.53,False
0014c2a2-d,CUST11F3A5,2026-05-17,Rent/Installment,ACH DEBIT - RENT PAYMENT,11851.3,debit,68989.23,False
df3fa68d-5,CUST11F3A5,2026-05-18,Transportation,CAREEM RIDE,403.3,debit,68585.93,False
0d3f235a-c,CUST11F3A5,2026-05-18,Healthcare,LAB TEST PAYMENT,664.83,debit,67921.1,True
9c949754-7,CUST11F3A5,2026-05-19,Groceries,CARREFOUR HYPERMARKET,831.75,debit,67089.35,False
7a13c5b2-f,CUST11F3A5,2026-05-22,Utilities,WATER CO. AUTOPAY,2073.73,debit,65015.62,False
737823bf-e,CUST11F3A5,2026-05-23,Entertainment,CINEMA TICKET PURCHASE,1225.26,debit,63790.36,True
e8ef6dc4-f,CUST11F3A5,2026-05-24,Shopping,AMAZON.EG ORDER,991.45,debit,62798.91,True
8f5c29bf-b,CUST11F3A5,2026-05-25,Entertainment,CINEMA TICKET PURCHASE,2058.64,debit,60740.27,True
8381c9a4-e,CUST11F3A5,2026-05-25,Shopping,AMAZON.EG ORDER,332.29,debit,60407.98,True
4ef34d2a-6,CUST11F3A5,2026-05-25,Subscriptions,NETFLIX.COM SUBSCRIPTION,1205.66,debit,59202.32,False
55ad9e15-0,CUST11F3A5,2026-05-26,Entertainment,GAMING STORE PURCHASE,107.83,debit,59094.49,True
7aa18884-d,CUST11F3A5,2026-05-27,Entertainment,CINEMA TICKET PURCHASE,988.32,debit,58106.17,True
a77b315c-7,CUST11F3A5,2026-06-02,Salary,MONTHLY SALARY CREDIT,38900.0,credit,97006.17,False
af88ffb8-5,CUST11F3A5,2026-06-02,Groceries,SPINNEYS #854,1558.51,debit,95447.66,False
dada9922-9,CUST11F3A5,2026-06-02,Subscriptions,NETFLIX.COM SUBSCRIPTION,1089.72,debit,94357.94,False
20d8cdfd-b,CUST11F3A5,2026-06-04,Dining/Restaurants,POS - LOCAL RESTAURANT,1282.3,debit,93075.64,False
081cef96-6,CUST11F3A5,2026-06-04,Shopping,ONLINE STORE CHECKOUT,315.75,debit,92759.89,False
656e1820-2,CUST11F3A5,2026-06-04,Healthcare,LAB TEST PAYMENT,225.99,debit,92533.9,False
0ef38d1d-7,CUST11F3A5,2026-06-05,Transportation,CAREEM RIDE,1264.75,debit,91269.15,False
adfdb698-a,CUST11F3A5,2026-06-06,Dining/Restaurants,MCDONALDS #895,324.61,debit,90944.54,False
597638aa-1,CUST11F3A5,2026-06-08,Utilities,WATER CO. AUTOPAY,1795.04,debit,89149.5,False
2512b2f8-0,CUST11F3A5,2026-06-08,Entertainment,CINEMA TICKET PURCHASE,522.98,debit,88626.52,False
f375cbb7-0,CUST11F3A5,2026-06-09,Entertainment,NETFLIX PPV CHARGE,96.82,debit,88529.7,False
d6db6cad-5,CUST11F3A5,2026-06-10,Savings Transfer,INTERNAL XFER - SAVINGS,145.46,debit,88384.24,False
d0c33aca-f,CUST11F3A5,2026-06-11,Transportation,FUEL STATION PURCHASE,231.6,debit,88152.64,False
cbc98fe4-2,CUST11F3A5,2026-06-13,Transportation,UBER *TRIP 662,500.43,debit,87652.21,False
3d57fa9e-2,CUST11F3A5,2026-06-15,Groceries,SPINNEYS #713,934.47,debit,86717.74,False
b503ba3c-4,CUST11F3A5,2026-06-16,Savings Transfer,TRANSFER TO SAVINGS ACCT,1377.38,debit,85340.36,False
caafc64c-1,CUST11F3A5,2026-06-17,Entertainment,GAMING STORE PURCHASE,300.74,debit,85039.62,False
b7037cb6-5,CUST11F3A5,2026-06-17,Healthcare,CLINIC VISIT FEE,96.15,debit,84943.47,False
ccb29bba-a,CUST11F3A5,2026-06-19,Groceries,SPINNEYS #553,1266.96,debit,83676.51,False
b6ce8b50-2,CUST11F3A5,2026-06-19,Savings Transfer,TRANSFER TO SAVINGS ACCT,82.09,debit,83594.42,False
8c876095-f,CUST11F3A5,2026-06-21,Healthcare,LAB TEST PAYMENT,63.61,debit,83530.81,False
6fb67c53-f,CUST11F3A5,2026-06-22,Entertainment,GAMING STORE PURCHASE,69.58,debit,83461.23,False
aace5b5a-7,CUST11F3A5,2026-06-22,Entertainment,GAMING STORE PURCHASE,154.49,debit,83306.74,False
182a0b17-c,CUST11F3A5,2026-06-25,Transportation,CAREEM RIDE,582.66,debit,82724.08,False
04ccb6a0-4,CUST11F3A5,2026-06-25,Shopping,ONLINE STORE CHECKOUT,670.52,debit,82053.56,False
260868c8-f,CUST11F3A5,2026-06-25,Healthcare,PHARMACY PURCHASE,51.35,debit,82002.21,False
01c5202d-d,CUST11F3A5,2026-06-28,Rent/Installment,Home Loan Installment - NBE,10318.63,debit,71683.58,False
dff17c02-f,CUST11F3A5,2026-06-28,Groceries,CARREFOUR HYPERMARKET,516.21,debit,71167.37,False
12819732-1,CUST11F3A5,2026-06-28,Transportation,CAREEM RIDE,27.53,debit,71139.84,False
e2cfcb4f-0,CUST11F3A5,2026-06-28,Shopping,ONLINE STORE CHECKOUT,185.46,debit,70954.38,False
0c6f5265-9,CUSTC38A3C,2026-01-01,Shopping,MALL PURCHASE - POS,799.04,debit,5265.19,False
ea6e11c7-6,CUSTC38A3C,2026-01-02,Salary,MONTHLY SALARY CREDIT,22200.0,credit,27465.19,False
1a4d5e6a-a,CUSTC38A3C,2026-01-04,Entertainment,GAMING STORE PURCHASE,292.79,debit,27172.4,False
38253e14-d,CUSTC38A3C,2026-01-07,Shopping,MALL PURCHASE - POS,445.73,debit,26726.67,False
367a7d66-8,CUSTC38A3C,2026-01-07,Subscriptions,GYM MEMBERSHIP AUTOPAY,580.24,debit,26146.43,False
00666f26-f,CUSTC38A3C,2026-01-07,Healthcare,CLINIC VISIT FEE,85.05,debit,26061.38,False
77197a51-e,CUSTC38A3C,2026-01-08,Savings Transfer,TRANSFER TO SAVINGS ACCT,998.41,debit,25062.97,False
f1a1ebb2-3,CUSTC38A3C,2026-01-10,Dining/Restaurants,CAFE PURCHASE,1193.0,debit,23869.97,False
5126c56e-9,CUSTC38A3C,2026-01-11,Rent/Installment,Home Loan Installment - NBE,6764.32,debit,17105.65,False
bc427139-f,CUSTC38A3C,2026-01-15,Utilities,WATER CO. AUTOPAY,800.51,debit,16305.14,False
f08a9598-f,CUSTC38A3C,2026-01-17,Transportation,CAREEM RIDE,113.84,debit,16191.3,False
ed8a5164-d,CUSTC38A3C,2026-01-17,Dining/Restaurants,POS - LOCAL RESTAURANT,726.29,debit,15465.01,False
014b95d5-e,CUSTC38A3C,2026-01-19,Groceries,POS PURCHASE - LOCAL MARKET,198.4,debit,15266.61,False
1cce0bc7-f,CUSTC38A3C,2026-01-20,Healthcare,CLINIC VISIT FEE,274.9,debit,14991.71,False
b727c515-7,CUSTC38A3C,2026-01-22,Entertainment,CINEMA TICKET PURCHASE,29.84,debit,14961.87,False
12099feb-9,CUSTC38A3C,2026-01-23,Transportation,FUEL STATION PURCHASE,277.12,debit,14684.75,False
625986d1-d,CUSTC38A3C,2026-01-24,Groceries,SPINNEYS #355,2935.1,debit,11749.65,False
47c09b13-a,CUSTC38A3C,2026-01-24,Transportation,UBER *TRIP 573,783.0,debit,10966.65,False
e7b886f5-7,CUSTC38A3C,2026-01-25,Transportation,UBER *TRIP 788,55.57,debit,10911.08,False
66419a41-7,CUSTC38A3C,2026-01-27,Entertainment,NETFLIX PPV CHARGE,202.89,debit,10708.19,False
f2d1c256-e,CUSTC38A3C,2026-01-27,Savings Transfer,INTERNAL XFER - SAVINGS,372.94,debit,10335.25,False
b09d5e1a-9,CUSTC38A3C,2026-02-01,Salary,MONTHLY SALARY CREDIT,22200.0,credit,32535.25,False
2974231b-f,CUSTC38A3C,2026-02-01,Savings Transfer,TRANSFER TO SAVINGS ACCT,225.45,debit,32309.8,False
e3760979-a,CUSTC38A3C,2026-02-02,Transportation,CAREEM RIDE,211.1,debit,32098.7,False
bf5d0ef9-9,CUSTC38A3C,2026-02-03,Dining/Restaurants,CAFE PURCHASE,137.01,debit,31961.69,False
00a60a43-9,CUSTC38A3C,2026-02-04,Utilities,WATER CO. AUTOPAY,806.07,debit,31155.62,False
af6ddf4b-0,CUSTC38A3C,2026-02-04,Dining/Restaurants,MCDONALDS #210,498.97,debit,30656.65,False
94612b14-e,CUSTC38A3C,2026-02-05,Groceries,CARREFOUR HYPERMARKET,529.59,debit,30127.06,False
f152c6d2-a,CUSTC38A3C,2026-02-05,Healthcare,CLINIC VISIT FEE,40.97,debit,30086.09,False
b93d031f-3,CUSTC38A3C,2026-02-08,Shopping,ONLINE STORE CHECKOUT,477.07,debit,29609.02,False
227fcda4-0,CUSTC38A3C,2026-02-09,Transportation,UBER *TRIP 299,136.56,debit,29472.46,False
57a6d9b4-5,CUSTC38A3C,2026-02-09,Healthcare,LAB TEST PAYMENT,170.42,debit,29302.04,False
d5dc65d0-2,CUSTC38A3C,2026-02-10,Healthcare,PHARMACY PURCHASE,69.86,debit,29232.18,False
79683b5f-5,CUSTC38A3C,2026-02-11,Rent/Installment,Monthly Rent Transfer,6525.28,debit,22706.9,False
95cea69f-8,CUSTC38A3C,2026-02-11,Transportation,CAREEM RIDE,702.4,debit,22004.5,False
be3ee375-f,CUSTC38A3C,2026-02-11,Entertainment,CINEMA TICKET PURCHASE,429.27,debit,21575.23,False
7618028c-5,CUSTC38A3C,2026-02-11,Subscriptions,SPOTIFY AB,607.99,debit,20967.24,False
ea97c9f3-5,CUSTC38A3C,2026-02-12,Shopping,MALL PURCHASE - POS,877.47,debit,20089.77,False
da8c7cac-a,CUSTC38A3C,2026-02-13,Entertainment,CINEMA TICKET PURCHASE,80.11,debit,20009.66,False
15ea632d-c,CUSTC38A3C,2026-02-13,Savings Transfer,INTERNAL XFER - SAVINGS,893.46,debit,19116.2,False
47e5ab05-f,CUSTC38A3C,2026-02-14,Shopping,ONLINE STORE CHECKOUT,33.16,debit,19083.04,False
06c9a9fe-c,CUSTC38A3C,2026-02-15,Transportation,UBER *TRIP 252,150.29,debit,18932.75,False
0b075dab-4,CUSTC38A3C,2026-02-16,Groceries,CARREFOUR HYPERMARKET,2281.77,debit,16650.98,False
f7feac82-a,CUSTC38A3C,2026-02-19,Dining/Restaurants,MCDONALDS #778,313.37,debit,16337.61,False
38adf9a8-4,CUSTC38A3C,2026-02-19,Healthcare,LAB TEST PAYMENT,56.26,debit,16281.35,False
8d57acd5-4,CUSTC38A3C,2026-02-25,Healthcare,LAB TEST PAYMENT,5.0,debit,16276.35,False
ad38d148-8,CUSTC38A3C,2026-02-26,Dining/Restaurants,POS - LOCAL RESTAURANT,1226.06,debit,15050.29,False
fefa9adb-d,CUSTC38A3C,2026-02-27,Savings Transfer,TRANSFER TO SAVINGS ACCT,167.98,debit,14882.31,False
c69d3668-d,CUSTC38A3C,2026-03-01,Salary,MONTHLY SALARY CREDIT,22200.0,credit,37082.31,False
027e6ad5-4,CUSTC38A3C,2026-03-02,Shopping,MALL PURCHASE - POS,366.02,debit,36716.29,False
7ddd8488-6,CUSTC38A3C,2026-03-03,Dining/Restaurants,MCDONALDS #277,2025.41,debit,34690.88,False
e84fad87-c,CUSTC38A3C,2026-03-03,Subscriptions,NETFLIX.COM SUBSCRIPTION,564.91,debit,34125.97,False
5c088371-a,CUSTC38A3C,2026-03-04,Utilities,WATER CO. AUTOPAY,754.74,debit,33371.23,False
49fdd4f8-b,CUSTC38A3C,2026-03-05,Entertainment,CINEMA TICKET PURCHASE,401.21,debit,32970.02,False
dc44d566-0,CUSTC38A3C,2026-03-06,Groceries,CARREFOUR HYPERMARKET,65.09,debit,32904.93,False
ce56058f-a,CUSTC38A3C,2026-03-06,Transportation,FUEL STATION PURCHASE,280.8,debit,32624.13,False
089b1af6-e,CUSTC38A3C,2026-03-06,Shopping,ONLINE STORE CHECKOUT,196.37,debit,32427.76,False
5094692c-3,CUSTC38A3C,2026-03-09,Healthcare,CLINIC VISIT FEE,40.36,debit,32387.4,False
7a4ff381-f,CUSTC38A3C,2026-03-11,Dining/Restaurants,MCDONALDS #125,5.0,debit,32382.4,False
4ef6fbae-3,CUSTC38A3C,2026-03-13,Groceries,CARREFOUR HYPERMARKET,120.04,debit,32262.36,False
61206603-5,CUSTC38A3C,2026-03-15,Rent/Installment,Home Loan Installment - ONLINE,6003.46,debit,26258.9,False
b1060743-a,CUSTC38A3C,2026-03-15,Savings Transfer,TRANSFER TO SAVINGS ACCT,279.51,debit,25979.39,False
0a5d980a-2,CUSTC38A3C,2026-03-15,Savings Transfer,INTERNAL XFER - SAVINGS,389.43,debit,25589.96,False
7e3d9b83-e,CUSTC38A3C,2026-03-18,Savings Transfer,INTERNAL XFER - SAVINGS,466.47,debit,25123.49,False
694fa85e-c,CUSTC38A3C,2026-03-19,Groceries,CARREFOUR HYPERMARKET,1792.99,debit,23330.5,False
753a836a-b,CUSTC38A3C,2026-03-19,Healthcare,CLINIC VISIT FEE,97.59,debit,23232.91,False
47e6a131-f,CUSTC38A3C,2026-03-20,Groceries,CARREFOUR HYPERMARKET,118.04,debit,23114.87,False
be587cd4-4,CUSTC38A3C,2026-03-20,Groceries,SPINNEYS #267,643.5,debit,22471.37,False
f07a829a-7,CUSTC38A3C,2026-03-21,Transportation,UBER *TRIP 858,79.1,debit,22392.27,False
971fc48d-f,CUSTC38A3C,2026-03-21,Entertainment,NETFLIX PPV CHARGE,45.71,debit,22346.56,False
e39f12cf-4,CUSTC38A3C,2026-03-24,Shopping,ONLINE STORE CHECKOUT,389.81,debit,21956.75,False
c1d0a24e-4,CUSTC38A3C,2026-03-26,Shopping,AMAZON.EG ORDER,10.62,debit,21946.13,False
837234f6-e,CUSTC38A3C,2026-03-27,Transportation,UBER *TRIP 702,785.79,debit,21160.34,False
865844f7-f,CUSTC38A3C,2026-03-27,Shopping,ONLINE STORE CHECKOUT,272.51,debit,20887.83,False
7ad68c6b-9,CUSTC38A3C,2026-03-27,Healthcare,PHARMACY PURCHASE,111.79,debit,20776.04,False
44086bc2-a,CUSTC38A3C,2026-03-27,Savings Transfer,INTERNAL XFER - SAVINGS,392.87,debit,20383.17,False
69c29c80-f,CUSTC38A3C,2026-03-28,Healthcare,LAB TEST PAYMENT,127.52,debit,20255.65,False
a09f16f1-1,CUSTC38A3C,2026-04-01,Salary,MONTHLY SALARY CREDIT,22200.0,credit,42455.65,False
184a0e08-d,CUSTC38A3C,2026-04-01,Subscriptions,GYM MEMBERSHIP AUTOPAY,576.48,debit,41879.17,False
2d84c8ab-8,CUSTC38A3C,2026-04-01,Savings Transfer,TRANSFER TO SAVINGS ACCT,111.87,debit,41767.3,False
cdceb598-3,CUSTC38A3C,2026-04-02,Savings Transfer,TRANSFER TO SAVINGS ACCT,339.75,debit,41427.55,False
b8afdf74-c,CUSTC38A3C,2026-04-03,Dining/Restaurants,CAFE PURCHASE,1163.9,debit,40263.65,False
61deec2d-8,CUSTC38A3C,2026-04-03,Savings Transfer,TRANSFER TO SAVINGS ACCT,432.29,debit,39831.36,False
292b4158-9,CUSTC38A3C,2026-04-04,Entertainment,CINEMA TICKET PURCHASE,14.49,debit,39816.87,False
a396a05c-4,CUSTC38A3C,2026-04-05,Transportation,FUEL STATION PURCHASE,839.98,debit,38976.89,False
6a3b594e-7,CUSTC38A3C,2026-04-05,Entertainment,GAMING STORE PURCHASE,5.0,debit,38971.89,False
ea1bc030-8,CUSTC38A3C,2026-04-08,Healthcare,PHARMACY PURCHASE,119.61,debit,38852.28,False
b2b36bea-b,CUSTC38A3C,2026-04-12,Entertainment,GAMING STORE PURCHASE,278.38,debit,38573.9,False
a874282b-8,CUSTC38A3C,2026-04-13,Transportation,FUEL STATION PURCHASE,215.85,debit,38358.05,False
72d772e6-7,CUSTC38A3C,2026-04-14,Dining/Restaurants,MCDONALDS #442,402.62,debit,37955.43,False
8a4a6379-f,CUSTC38A3C,2026-04-15,Utilities,WATER CO. AUTOPAY,803.91,debit,37151.52,False
aaca07cf-b,CUSTC38A3C,2026-04-15,Groceries,CARREFOUR HYPERMARKET,2845.45,debit,34306.07,False
1b71f953-a,CUSTC38A3C,2026-04-15,Entertainment,GAMING STORE PURCHASE,189.14,debit,34116.93,False
4c4bdc3e-1,CUSTC38A3C,2026-04-16,Dining/Restaurants,MCDONALDS #760,5.0,debit,34111.93,False
03c21d2f-6,CUSTC38A3C,2026-04-16,Healthcare,CLINIC VISIT FEE,26.24,debit,34085.69,False
d35d2744-f,CUSTC38A3C,2026-04-17,Dining/Restaurants,MCDONALDS #913,373.29,debit,33712.4,False
00602f65-f,CUSTC38A3C,2026-04-17,Shopping,MALL PURCHASE - POS,197.83,debit,33514.57,False
1145069d-b,CUSTC38A3C,2026-04-19,Healthcare,CLINIC VISIT FEE,152.01,debit,33362.56,False
6ed35cb3-e,CUSTC38A3C,2026-04-20,Groceries,POS PURCHASE - LOCAL MARKET,472.0,debit,32890.56,False
66a2084c-8,CUSTC38A3C,2026-04-20,Shopping,AMAZON.EG ORDER,492.52,debit,32398.04,False
87939521-7,CUSTC38A3C,2026-04-20,Healthcare,CLINIC VISIT FEE,49.46,debit,32348.58,False
207a4776-6,CUSTC38A3C,2026-04-21,Healthcare,PHARMACY PURCHASE,39.78,debit,32308.8,False
51718c7a-2,CUSTC38A3C,2026-04-22,Shopping,MALL PURCHASE - POS,203.53,debit,32105.27,False
a3a3c586-6,CUSTC38A3C,2026-04-23,Rent/Installment,Monthly Rent Transfer,6988.31,debit,25116.96,False
0c44508b-2,CUSTC38A3C,2026-04-24,Dining/Restaurants,CAFE PURCHASE,126.81,debit,24990.15,False
11d6eea7-4,CUSTC38A3C,2026-04-24,Savings Transfer,INTERNAL XFER - SAVINGS,435.97,debit,24554.18,False
edcbd712-5,CUSTC38A3C,2026-04-26,Shopping,AMAZON.EG ORDER,330.71,debit,24223.47,False
6adfb070-b,CUSTC38A3C,2026-05-01,Salary,MONTHLY SALARY CREDIT,22200.0,credit,46423.47,False
423e6dae-f,CUSTC38A3C,2026-05-01,Shopping,ONLINE STORE CHECKOUT,704.39,debit,45719.08,False
d3d5d661-8,CUSTC38A3C,2026-05-02,Rent/Installment,ACH DEBIT - RENT PAYMENT,5937.34,debit,39781.74,False
c4f690ce-b,CUSTC38A3C,2026-05-03,Savings Transfer,TRANSFER TO SAVINGS ACCT,18.53,debit,39763.21,False
a6946a7f-8,CUSTC38A3C,2026-05-06,Healthcare,CLINIC VISIT FEE,266.97,debit,39496.24,False
24e5864c-d,CUSTC38A3C,2026-05-07,Dining/Restaurants,POS - LOCAL RESTAURANT,51.47,debit,39444.77,False
9587ae45-c,CUSTC38A3C,2026-05-09,Subscriptions,SPOTIFY AB,625.24,debit,38819.53,False
1249b28c-6,CUSTC38A3C,2026-05-10,Transportation,CAREEM RIDE,255.55,debit,38563.98,False
11d80f79-b,CUSTC38A3C,2026-05-10,Dining/Restaurants,MCDONALDS #457,106.17,debit,38457.81,False
1008bda2-d,CUSTC38A3C,2026-05-10,Shopping,ONLINE STORE CHECKOUT,31.13,debit,38426.68,False
2c384947-a,CUSTC38A3C,2026-05-12,Groceries,POS PURCHASE - LOCAL MARKET,59.45,debit,38367.23,False
ebf5a595-2,CUSTC38A3C,2026-05-12,Transportation,UBER *TRIP 492,267.77,debit,38099.46,False
49d152e6-d,CUSTC38A3C,2026-05-12,Savings Transfer,TRANSFER TO SAVINGS ACCT,110.41,debit,37989.05,False
adb3bebd-8,CUSTC38A3C,2026-05-12,Savings Transfer,TRANSFER TO SAVINGS ACCT,620.16,debit,37368.89,False
adbb6fac-f,CUSTC38A3C,2026-05-14,Savings Transfer,TRANSFER TO SAVINGS ACCT,375.07,debit,36993.82,False
3792c83c-b,CUSTC38A3C,2026-05-15,Savings Transfer,TRANSFER TO SAVINGS ACCT,343.87,debit,36649.95,False
cab301fc-4,CUSTC38A3C,2026-05-16,Utilities,ELECTRICITY BILL PMT,799.07,debit,35850.88,False
68dc0180-6,CUSTC38A3C,2026-05-16,Groceries,SPINNEYS #763,2762.32,debit,33088.56,False
b5d3b1bc-1,CUSTC38A3C,2026-05-16,Shopping,AMAZON.EG ORDER,277.19,debit,32811.37,False
fa370352-f,CUSTC38A3C,2026-05-20,Transportation,FUEL STATION PURCHASE,495.58,debit,32315.79,False
7dc3f588-6,CUSTC38A3C,2026-05-20,Entertainment,CINEMA TICKET PURCHASE,107.72,debit,32208.07,False
02f4ef88-9,CUSTC38A3C,2026-05-20,Shopping,ONLINE STORE CHECKOUT,131.34,debit,32076.73,False
42d556bd-0,CUSTC38A3C,2026-05-22,Groceries,CARREFOUR HYPERMARKET,34.14,debit,32042.59,False
628f4ab0-c,CUSTC38A3C,2026-05-22,Transportation,FUEL STATION PURCHASE,154.74,debit,31887.85,False
969627cf-e,CUSTC38A3C,2026-05-24,Entertainment,GAMING STORE PURCHASE,28.28,debit,31859.57,False
5e3e9bf7-e,CUSTC38A3C,2026-05-26,Dining/Restaurants,CAFE PURCHASE,1733.05,debit,30126.52,False
ba1ab51a-7,CUSTC38A3C,2026-05-26,Entertainment,NETFLIX PPV CHARGE,315.92,debit,29810.6,False
2961e7ef-5,CUSTC38A3C,2026-05-26,Shopping,MALL PURCHASE - POS,176.09,debit,29634.51,False
95da665d-a,CUSTC38A3C,2026-05-27,Healthcare,CLINIC VISIT FEE,71.58,debit,29562.93,False
3be1446a-4,CUSTC38A3C,2026-06-01,Groceries,CARREFOUR HYPERMARKET,478.74,debit,29084.19,False
42340c3c-5,CUSTC38A3C,2026-06-01,Healthcare,PHARMACY PURCHASE,105.29,debit,28978.9,False
9b87d350-7,CUSTC38A3C,2026-06-01,Savings Transfer,INTERNAL XFER - SAVINGS,116.8,debit,28862.1,False
2652e3bc-c,CUSTC38A3C,2026-06-02,Salary,MONTHLY SALARY CREDIT,22200.0,credit,51062.1,False
b051cd37-5,CUSTC38A3C,2026-06-03,Shopping,AMAZON.EG ORDER,37.39,debit,51024.71,False
a31f0f10-4,CUSTC38A3C,2026-06-04,Shopping,ONLINE STORE CHECKOUT,446.6,debit,50578.11,False
38ff22a7-4,CUSTC38A3C,2026-06-05,Transportation,UBER *TRIP 442,309.59,debit,50268.52,False
05778537-2,CUSTC38A3C,2026-06-05,Savings Transfer,TRANSFER TO SAVINGS ACCT,499.35,debit,49769.17,False
10a3ab1e-4,CUSTC38A3C,2026-06-07,Groceries,CARREFOUR HYPERMARKET,1138.64,debit,48630.53,False
3b01ce0f-b,CUSTC38A3C,2026-06-10,Transportation,FUEL STATION PURCHASE,95.29,debit,48535.24,False
d51bee22-9,CUSTC38A3C,2026-06-11,Utilities,Internet Bill - NBE,916.94,debit,47618.3,False
25e83a89-b,CUSTC38A3C,2026-06-11,Shopping,MALL PURCHASE - POS,61.66,debit,47556.64,False
6f84605e-9,CUSTC38A3C,2026-06-12,Entertainment,CINEMA TICKET PURCHASE,290.76,debit,47265.88,False
f2ae7802-f,CUSTC38A3C,2026-06-12,Savings Transfer,INTERNAL XFER - SAVINGS,103.52,debit,47162.36,False
468335c1-b,CUSTC38A3C,2026-06-13,Dining/Restaurants,MCDONALDS #401,294.38,debit,46867.98,False
74862936-e,CUSTC38A3C,2026-06-13,Healthcare,PHARMACY PURCHASE,45.73,debit,46822.25,False
e0d15ec4-8,CUSTC38A3C,2026-06-15,Groceries,POS PURCHASE - LOCAL MARKET,243.26,debit,46578.99,False
0a4a7942-6,CUSTC38A3C,2026-06-15,Entertainment,CINEMA TICKET PURCHASE,41.1,debit,46537.89,False
59d82d43-2,CUSTC38A3C,2026-06-16,Dining/Restaurants,CAFE PURCHASE,674.23,debit,45863.66,False
4eb1d13b-4,CUSTC38A3C,2026-06-16,Healthcare,LAB TEST PAYMENT,130.42,debit,45733.24,False
5a4f7375-d,CUSTC38A3C,2026-06-17,Rent/Installment,Monthly Rent Transfer,6813.25,debit,38919.99,False
b9846654-9,CUSTC38A3C,2026-06-17,Shopping,MALL PURCHASE - POS,147.91,debit,38772.08,False
6ad79b18-b,CUSTC38A3C,2026-06-18,Dining/Restaurants,POS - LOCAL RESTAURANT,1000.96,debit,37771.12,False
7d5f145d-f,CUSTC38A3C,2026-06-18,Entertainment,CINEMA TICKET PURCHASE,178.04,debit,37593.08,False
25ad2172-f,CUSTC38A3C,2026-06-18,Shopping,ONLINE STORE CHECKOUT,579.01,debit,37014.07,False
631d6540-d,CUSTC38A3C,2026-06-19,Dining/Restaurants,MCDONALDS #566,157.94,debit,36856.13,False
ffa2b046-3,CUSTC38A3C,2026-06-21,Groceries,SPINNEYS #809,902.71,debit,35953.42,False
50183055-5,CUSTC38A3C,2026-06-23,Transportation,FUEL STATION PURCHASE,37.65,debit,35915.77,False
ae4395d9-d,CUSTC38A3C,2026-06-23,Subscriptions,NETFLIX.COM SUBSCRIPTION,678.47,debit,35237.3,False
4ca1669e-f,CUSTC38A3C,2026-06-23,Healthcare,LAB TEST PAYMENT,24.8,debit,35212.5,False
76ea760c-3,CUSTC38A3C,2026-06-26,Transportation,FUEL STATION PURCHASE,552.6,debit,34659.9,False
7d176135-f,CUSTC38A3C,2026-06-27,Transportation,FUEL STATION PURCHASE,174.47,debit,34485.43,False
150787ef-8,CUSTC38A3C,2026-06-27,Healthcare,LAB TEST PAYMENT,81.31,debit,34404.12,False
6c0c5897-5,CUSTC38A3C,2026-06-28,Savings Transfer,TRANSFER TO SAVINGS ACCT,761.13,debit,33642.99,False
add652b2-9,CUST00E195,2026-01-01,Salary,MONTHLY SALARY CREDIT,8300.0,credit,13580.2,False
20e8d79d-6,CUST00E195,2026-01-01,Groceries,SPINNEYS #657,107.46,debit,13472.74,False
864e7316-0,CUST00E195,2026-01-02,Entertainment,NETFLIX PPV CHARGE,10.78,debit,13461.96,False
ada023c0-e,CUST00E195,2026-01-03,Groceries,CARREFOUR HYPERMARKET,82.14,debit,13379.82,False
359bd74f-f,CUST00E195,2026-01-03,Transportation,FUEL STATION PURCHASE,303.31,debit,13076.51,False
d37da534-5,CUST00E195,2026-01-05,Shopping,MALL PURCHASE - POS,205.57,debit,12870.94,False
c44d120c-b,CUST00E195,2026-01-06,Shopping,AMAZON.EG ORDER,35.77,debit,12835.17,False
fb2eb423-f,CUST00E195,2026-01-06,Subscriptions,SPOTIFY AB,96.87,debit,12738.3,False
8fe040bc-1,CUST00E195,2026-01-07,Savings Transfer,TRANSFER TO SAVINGS ACCT,434.63,debit,12303.67,False
c30bc8dc-8,CUST00E195,2026-01-08,Entertainment,CINEMA TICKET PURCHASE,182.24,debit,12121.43,False
c3da6f53-d,CUST00E195,2026-01-09,Healthcare,LAB TEST PAYMENT,6.61,debit,12114.82,False
d4a2e988-e,CUST00E195,2026-01-11,Dining/Restaurants,CAFE PURCHASE,395.35,debit,11719.47,False
9f6ebfc1-9,CUST00E195,2026-01-11,Savings Transfer,TRANSFER TO SAVINGS ACCT,69.94,debit,11649.53,False
692463a0-b,CUST00E195,2026-01-12,Savings Transfer,INTERNAL XFER - SAVINGS,660.17,debit,10989.36,False
40a71535-f,CUST00E195,2026-01-13,Groceries,SPINNEYS #179,83.69,debit,10905.67,False
cea7c269-c,CUST00E195,2026-01-13,Transportation,CAREEM RIDE,195.12,debit,10710.55,False
a69abcc8-0,CUST00E195,2026-01-13,Dining/Restaurants,POS - LOCAL RESTAURANT,45.48,debit,10665.07,False
6fe92988-f,CUST00E195,2026-01-13,Shopping,ONLINE STORE CHECKOUT,46.47,debit,10618.6,False
ee89a01d-9,CUST00E195,2026-01-14,Utilities,Internet Bill - NBE,250.69,debit,10367.91,False
bf58af29-f,CUST00E195,2026-01-14,Transportation,CAREEM RIDE,9.06,debit,10358.85,False
5b8c5947-9,CUST00E195,2026-01-14,Shopping,ONLINE STORE CHECKOUT,53.01,debit,10305.84,False
6d7224b6-4,CUST00E195,2026-01-16,Shopping,ONLINE STORE CHECKOUT,51.51,debit,10254.33,False
7b480f93-7,CUST00E195,2026-01-16,Healthcare,CLINIC VISIT FEE,53.57,debit,10200.76,False
9fa8f863-c,CUST00E195,2026-01-16,Savings Transfer,TRANSFER TO SAVINGS ACCT,105.64,debit,10095.12,False
02db35ee-4,CUST00E195,2026-01-18,Groceries,SPINNEYS #652,340.58,debit,9754.54,False
6f7af2b3-f,CUST00E195,2026-01-21,Rent/Installment,Monthly Rent Transfer,3041.63,debit,6712.91,False
e75c46e6-d,CUST00E195,2026-01-21,Transportation,FUEL STATION PURCHASE,81.4,debit,6631.51,False
43a57b39-b,CUST00E195,2026-01-22,Dining/Restaurants,CAFE PURCHASE,36.27,debit,6595.24,False
408deb7e-d,CUST00E195,2026-01-22,Healthcare,LAB TEST PAYMENT,92.84,debit,6502.4,False
8b78009d-f,CUST00E195,2026-01-23,Entertainment,GAMING STORE PURCHASE,87.41,debit,6414.99,False
c272beb3-b,CUST00E195,2026-01-24,Healthcare,PHARMACY PURCHASE,77.57,debit,6337.42,False
805bf0af-3,CUST00E195,2026-01-26,Groceries,CARREFOUR HYPERMARKET,41.01,debit,6296.41,False
a48dc776-4,CUST00E195,2026-01-27,Entertainment,GAMING STORE PURCHASE,278.76,debit,6017.65,False
2b9fcd99-6,CUST00E195,2026-01-27,Healthcare,CLINIC VISIT FEE,127.62,debit,5890.03,False
27c631b3-d,CUST00E195,2026-02-01,Salary,MONTHLY SALARY CREDIT,8300.0,credit,14190.03,False
92f0376d-b,CUST00E195,2026-02-01,Shopping,ONLINE STORE CHECKOUT,139.91,debit,14050.12,False
011f79bd-e,CUST00E195,2026-02-02,Transportation,CAREEM RIDE,161.91,debit,13888.21,False
f0baa09a-3,CUST00E195,2026-02-03,Healthcare,CLINIC VISIT FEE,112.18,debit,13776.03,False
0823bada-a,CUST00E195,2026-02-05,Groceries,SPINNEYS #450,510.56,debit,13265.47,False
03e9729f-7,CUST00E195,2026-02-06,Utilities,Internet Bill - AUTOPAY,292.27,debit,12973.2,False
3481f603-3,CUST00E195,2026-02-06,Groceries,SPINNEYS #142,231.72,debit,12741.48,False
49a6ab10-9,CUST00E195,2026-02-08,Rent/Installment,Monthly Rent Transfer,3023.03,debit,9718.45,False
cc390287-e,CUST00E195,2026-02-08,Healthcare,LAB TEST PAYMENT,254.18,debit,9464.27,False
187a2f58-f,CUST00E195,2026-02-09,Dining/Restaurants,CAFE PURCHASE,79.05,debit,9385.22,False
d79efab9-b,CUST00E195,2026-02-09,Shopping,AMAZON.EG ORDER,5.0,debit,9380.22,False
263f7a83-7,CUST00E195,2026-02-09,Savings Transfer,TRANSFER TO SAVINGS ACCT,424.05,debit,8956.17,False
60407248-a,CUST00E195,2026-02-11,Shopping,AMAZON.EG ORDER,24.17,debit,8932.0,False
eef40237-3,CUST00E195,2026-02-12,Entertainment,GAMING STORE PURCHASE,170.18,debit,8761.82,False
72a22308-4,CUST00E195,2026-02-13,Dining/Restaurants,CAFE PURCHASE,116.41,debit,8645.41,False
74a9b65d-9,CUST00E195,2026-02-14,Transportation,CAREEM RIDE,97.25,debit,8548.16,False
07e17a67-3,CUST00E195,2026-02-14,Transportation,FUEL STATION PURCHASE,148.49,debit,8399.67,False
0af7df90-0,CUST00E195,2026-02-15,Entertainment,CINEMA TICKET PURCHASE,191.46,debit,8208.21,False
2f1f486d-1,CUST00E195,2026-02-18,Savings Transfer,TRANSFER TO SAVINGS ACCT,361.95,debit,7846.26,False
5b154804-9,CUST00E195,2026-02-19,Transportation,CAREEM RIDE,121.01,debit,7725.25,False
b857c07f-f,CUST00E195,2026-02-22,Savings Transfer,TRANSFER TO SAVINGS ACCT,117.27,debit,7607.98,False
a6526c71-d,CUST00E195,2026-02-23,Dining/Restaurants,MCDONALDS #738,63.11,debit,7544.87,False
f83c04b2-a,CUST00E195,2026-02-23,Subscriptions,NETFLIX.COM SUBSCRIPTION,84.96,debit,7459.91,False
f27665e3-e,CUST00E195,2026-02-24,Dining/Restaurants,CAFE PURCHASE,197.87,debit,7262.04,False
c5cba086-b,CUST00E195,2026-02-24,Dining/Restaurants,MCDONALDS #312,43.49,debit,7218.55,False
76915bc8-a,CUST00E195,2026-02-27,Shopping,MALL PURCHASE - POS,234.82,debit,6983.73,False
aa521cab-8,CUST00E195,2026-02-27,Savings Transfer,TRANSFER TO SAVINGS ACCT,226.18,debit,6757.55,False
44521cf2-5,CUST00E195,2026-02-28,Transportation,UBER *TRIP 468,14.16,debit,6743.39,False
1aadc968-d,CUST00E195,2026-02-28,Entertainment,NETFLIX PPV CHARGE,238.81,debit,6504.58,False
5f1ee0d2-7,CUST00E195,2026-03-02,Salary,MONTHLY SALARY CREDIT,8300.0,credit,14804.58,False
e1ecb84a-8,CUST00E195,2026-03-02,Entertainment,GAMING STORE PURCHASE,39.08,debit,14765.5,True
83079eff-f,CUST00E195,2026-03-02,Shopping,AMAZON.EG ORDER,651.89,debit,14113.61,True
2748b181-2,CUST00E195,2026-03-02,Savings Transfer,TRANSFER TO SAVINGS ACCT,395.75,debit,13717.86,False
944afd50-5,CUST00E195,2026-03-06,Entertainment,CINEMA TICKET PURCHASE,125.13,debit,13592.73,True
38efd454-5,CUST00E195,2026-03-06,Healthcare,LAB TEST PAYMENT,412.5,debit,13180.23,True
48757628-e,CUST00E195,2026-03-08,Healthcare,CLINIC VISIT FEE,651.16,debit,12529.07,True
e9c92f9b-a,CUST00E195,2026-03-11,Groceries,POS PURCHASE - LOCAL MARKET,38.55,debit,12490.52,False
2d25ab47-8,CUST00E195,2026-03-11,Entertainment,CINEMA TICKET PURCHASE,993.72,debit,11496.8,True
1c15ece9-2,CUST00E195,2026-03-12,Groceries,SPINNEYS #448,178.3,debit,11318.5,False
56b20c5e-f,CUST00E195,2026-03-12,Groceries,CARREFOUR HYPERMARKET,252.49,debit,11066.01,False
2532dbc6-f,CUST00E195,2026-03-12,Transportation,CAREEM RIDE,190.59,debit,10875.42,False
f617b71d-4,CUST00E195,2026-03-15,Transportation,UBER *TRIP 407,184.44,debit,10690.98,False
1db21209-9,CUST00E195,2026-03-16,Entertainment,NETFLIX PPV CHARGE,54.42,debit,10636.56,True
7ae55ee3-4,CUST00E195,2026-03-19,Transportation,FUEL STATION PURCHASE,236.48,debit,10400.08,False
8f29cfe0-0,CUST00E195,2026-03-19,Healthcare,CLINIC VISIT FEE,203.94,debit,10196.14,True
4d7e2bfb-6,CUST00E195,2026-03-19,Savings Transfer,INTERNAL XFER - SAVINGS,456.62,debit,9739.52,False
99925be9-4,CUST00E195,2026-03-20,Savings Transfer,INTERNAL XFER - SAVINGS,75.41,debit,9664.11,False
6fdd2eb5-d,CUST00E195,2026-03-21,Rent/Installment,Monthly Rent Transfer,2590.55,debit,7073.56,False
bae7eb09-7,CUST00E195,2026-03-21,Entertainment,NETFLIX PPV CHARGE,652.48,debit,6421.08,True
f7921bf1-f,CUST00E195,2026-03-23,Groceries,POS PURCHASE - LOCAL MARKET,273.39,debit,6147.69,False
0428a8de-1,CUST00E195,2026-03-25,Utilities,WATER CO. AUTOPAY,256.08,debit,5891.61,False
57e7e4ee-a,CUST00E195,2026-03-25,Dining/Restaurants,CAFE PURCHASE,451.37,debit,5440.24,True
01fcfa39-8,CUST00E195,2026-03-25,Shopping,ONLINE STORE CHECKOUT,686.4,debit,4753.84,True
969c6654-d,CUST00E195,2026-03-26,Dining/Restaurants,MCDONALDS #564,812.63,debit,3941.21,True
8265aef7-9,CUST00E195,2026-03-26,Healthcare,LAB TEST PAYMENT,176.05,debit,3765.16,True
b5c3f615-f,CUST00E195,2026-03-26,Savings Transfer,TRANSFER TO SAVINGS ACCT,363.62,debit,3401.54,False
011fa36a-8,CUST00E195,2026-03-28,Dining/Restaurants,CAFE PURCHASE,190.51,debit,3211.03,True
8b4a905c-8,CUST00E195,2026-03-28,Subscriptions,NETFLIX.COM SUBSCRIPTION,89.25,debit,3121.78,False
19a09917-c,CUST00E195,2026-04-02,Salary,MONTHLY SALARY CREDIT,8300.0,credit,11421.78,False
f343b799-4,CUST00E195,2026-04-02,Transportation,UBER *TRIP 396,276.89,debit,11144.89,False
d0308989-d,CUST00E195,2026-04-02,Shopping,MALL PURCHASE - POS,75.99,debit,11068.9,False
54dcb38e-4,CUST00E195,2026-04-03,Rent/Installment,Monthly Rent Transfer,2811.42,debit,8257.48,False
89e90718-a,CUST00E195,2026-04-03,Shopping,MALL PURCHASE - POS,218.87,debit,8038.61,False
1a3546e0-7,CUST00E195,2026-04-05,Transportation,UBER *TRIP 886,53.27,debit,7985.34,False
93540ea9-3,CUST00E195,2026-04-05,Transportation,UBER *TRIP 891,124.15,debit,7861.19,False
3504f098-9,CUST00E195,2026-04-05,Entertainment,CINEMA TICKET PURCHASE,29.35,debit,7831.84,False
8fb451d6-d,CUST00E195,2026-04-07,Groceries,POS PURCHASE - LOCAL MARKET,172.43,debit,7659.41,False
4f369350-1,CUST00E195,2026-04-07,Transportation,FUEL STATION PURCHASE,32.57,debit,7626.84,False
1cf7aa09-a,CUST00E195,2026-04-07,Entertainment,NETFLIX PPV CHARGE,159.17,debit,7467.67,False
fbf0a238-8,CUST00E195,2026-04-07,Subscriptions,GYM MEMBERSHIP AUTOPAY,98.35,debit,7369.32,False
2153a025-a,CUST00E195,2026-04-08,Savings Transfer,INTERNAL XFER - SAVINGS,28.63,debit,7340.69,False
355cea81-4,CUST00E195,2026-04-11,Healthcare,PHARMACY PURCHASE,37.17,debit,7303.52,False
f547ba2c-c,CUST00E195,2026-04-12,Groceries,SPINNEYS #170,187.95,debit,7115.57,False
0638265d-0,CUST00E195,2026-04-16,Savings Transfer,TRANSFER TO SAVINGS ACCT,140.65,debit,6974.92,False
fbaa681d-d,CUST00E195,2026-04-17,Dining/Restaurants,CAFE PURCHASE,89.0,debit,6885.92,False
81e408ed-6,CUST00E195,2026-04-18,Dining/Restaurants,CAFE PURCHASE,457.83,debit,6428.09,False
6c52ae27-1,CUST00E195,2026-04-19,Entertainment,GAMING STORE PURCHASE,57.13,debit,6370.96,False
19f4a6c7-a,CUST00E195,2026-04-19,Savings Transfer,INTERNAL XFER - SAVINGS,1079.32,debit,5291.64,False
e0493362-9,CUST00E195,2026-04-20,Groceries,SPINNEYS #808,357.02,debit,4934.62,False
47ff57f2-5,CUST00E195,2026-04-20,Transportation,UBER *TRIP 812,124.17,debit,4810.45,False
7636a468-7,CUST00E195,2026-04-24,Entertainment,GAMING STORE PURCHASE,161.98,debit,4648.47,False
1ba6394e-1,CUST00E195,2026-04-26,Utilities,ELECTRICITY BILL PMT,299.4,debit,4349.07,False
ce4ed870-0,CUST00E195,2026-04-26,Healthcare,CLINIC VISIT FEE,294.28,debit,4054.79,False
ee08bcb0-6,CUST00E195,2026-04-27,Entertainment,GAMING STORE PURCHASE,94.53,debit,3960.26,False
febfb2c8-d,CUST00E195,2026-04-28,Shopping,ONLINE STORE CHECKOUT,89.83,debit,3870.43,False
84a76523-6,CUST00E195,2026-05-02,Salary,MONTHLY SALARY CREDIT,8300.0,credit,12170.43,False
e4529065-a,CUST00E195,2026-05-04,Groceries,SPINNEYS #126,53.63,debit,12116.8,False
11fb176f-4,CUST00E195,2026-05-04,Dining/Restaurants,CAFE PURCHASE,196.17,debit,11920.63,False
787e8a25-2,CUST00E195,2026-05-05,Dining/Restaurants,MCDONALDS #323,28.6,debit,11892.03,False
da729f18-2,CUST00E195,2026-05-05,Healthcare,LAB TEST PAYMENT,112.96,debit,11779.07,False
55485557-a,CUST00E195,2026-05-06,Savings Transfer,TRANSFER TO SAVINGS ACCT,669.86,debit,11109.21,False
73561a7d-9,CUST00E195,2026-05-07,Healthcare,LAB TEST PAYMENT,53.7,debit,11055.51,False
7f541703-8,CUST00E195,2026-05-09,Entertainment,GAMING STORE PURCHASE,120.67,debit,10934.84,False
816aea1e-a,CUST00E195,2026-05-09,Healthcare,CLINIC VISIT FEE,36.59,debit,10898.25,False
c22101fb-e,CUST00E195,2026-05-10,Shopping,MALL PURCHASE - POS,268.79,debit,10629.46,False
204ed5e5-b,CUST00E195,2026-05-11,Groceries,POS PURCHASE - LOCAL MARKET,180.78,debit,10448.68,False
5c7b9fc7-6,CUST00E195,2026-05-11,Shopping,ONLINE STORE CHECKOUT,44.29,debit,10404.39,False
1a064009-9,CUST00E195,2026-05-12,Rent/Installment,ACH DEBIT - RENT PAYMENT,3019.59,debit,7384.8,False
ff52ad41-b,CUST00E195,2026-05-12,Utilities,Internet Bill - AUTOPAY,274.21,debit,7110.59,False
1687a8ab-1,CUST00E195,2026-05-12,Healthcare,LAB TEST PAYMENT,80.68,debit,7029.91,False
8e3e5e76-5,CUST00E195,2026-05-15,Dining/Restaurants,MCDONALDS #129,102.44,debit,6927.47,False
cff3c76c-c,CUST00E195,2026-05-16,Savings Transfer,TRANSFER TO SAVINGS ACCT,177.48,debit,6749.99,False
d926f5d8-2,CUST00E195,2026-05-18,Subscriptions,NETFLIX.COM SUBSCRIPTION,95.33,debit,6654.66,False
8c61dc01-8,CUST00E195,2026-05-18,Healthcare,LAB TEST PAYMENT,53.21,debit,6601.45,False
2e407218-5,CUST00E195,2026-05-18,Savings Transfer,TRANSFER TO SAVINGS ACCT,338.35,debit,6263.1,False
87406565-4,CUST00E195,2026-05-18,Savings Transfer,TRANSFER TO SAVINGS ACCT,46.62,debit,6216.48,False
1905ecce-7,CUST00E195,2026-05-19,Entertainment,NETFLIX PPV CHARGE,431.23,debit,5785.25,False
70a06a56-d,CUST00E195,2026-05-20,Dining/Restaurants,POS - LOCAL RESTAURANT,11.35,debit,5773.9,False
79c522c3-5,CUST00E195,2026-05-20,Dining/Restaurants,MCDONALDS #981,161.28,debit,5612.62,False
45bf8acc-3,CUST00E195,2026-05-22,Groceries,SPINNEYS #757,54.73,debit,5557.89,False
4321bf02-0,CUST00E195,2026-05-24,Groceries,CARREFOUR HYPERMARKET,160.6,debit,5397.29,False
6c53433e-8,CUST00E195,2026-05-25,Transportation,FUEL STATION PURCHASE,592.1,debit,4805.19,False
69292cf4-b,CUST00E195,2026-05-27,Savings Transfer,TRANSFER TO SAVINGS ACCT,57.41,debit,4747.78,False
d41e3999-c,CUST00E195,2026-05-28,Groceries,POS PURCHASE - LOCAL MARKET,263.07,debit,4484.71,False
f1377dec-5,CUST00E195,2026-05-28,Transportation,UBER *TRIP 161,28.48,debit,4456.23,False
6a59b938-c,CUST00E195,2026-05-28,Shopping,AMAZON.EG ORDER,69.94,debit,4386.29,False
5816fb7f-3,CUST00E195,2026-06-01,Healthcare,LAB TEST PAYMENT,120.68,debit,4265.61,False
402c2ff5-e,CUST00E195,2026-06-03,Salary,MONTHLY SALARY CREDIT,8300.0,credit,12565.61,False
4d9de2d2-7,CUST00E195,2026-06-03,Entertainment,NETFLIX PPV CHARGE,5.0,debit,12560.61,False
58a139c1-f,CUST00E195,2026-06-03,Shopping,AMAZON.EG ORDER,5.0,debit,12555.61,False
55c31db5-e,CUST00E195,2026-06-03,Savings Transfer,TRANSFER TO SAVINGS ACCT,642.85,debit,11912.76,False
31e4a729-2,CUST00E195,2026-06-04,Groceries,SPINNEYS #440,95.09,debit,11817.67,False
06b6e197-a,CUST00E195,2026-06-04,Transportation,FUEL STATION PURCHASE,355.56,debit,11462.11,False
b51261af-f,CUST00E195,2026-06-05,Groceries,CARREFOUR HYPERMARKET,70.45,debit,11391.66,False
17142a07-c,CUST00E195,2026-06-06,Groceries,POS PURCHASE - LOCAL MARKET,384.19,debit,11007.47,False
bf678082-1,CUST00E195,2026-06-07,Transportation,FUEL STATION PURCHASE,138.02,debit,10869.45,False
7aecadf0-6,CUST00E195,2026-06-07,Entertainment,NETFLIX PPV CHARGE,126.01,debit,10743.44,False
7a579f75-a,CUST00E195,2026-06-09,Rent/Installment,Home Loan Installment - ONLINE,2713.29,debit,8030.15,False
e1d27215-8,CUST00E195,2026-06-09,Transportation,CAREEM RIDE,5.0,debit,8025.15,False
8cb7ee47-e,CUST00E195,2026-06-09,Dining/Restaurants,POS - LOCAL RESTAURANT,38.52,debit,7986.63,False
8867719b-e,CUST00E195,2026-06-09,Entertainment,GAMING STORE PURCHASE,5.0,debit,7981.63,False
eb77a9c9-a,CUST00E195,2026-06-09,Entertainment,NETFLIX PPV CHARGE,253.49,debit,7728.14,False
c40f4531-e,CUST00E195,2026-06-11,Dining/Restaurants,POS - LOCAL RESTAURANT,26.91,debit,7701.23,False
cd215364-2,CUST00E195,2026-06-12,Transportation,CAREEM RIDE,54.26,debit,7646.97,False
74d773c0-7,CUST00E195,2026-06-12,Savings Transfer,TRANSFER TO SAVINGS ACCT,440.1,debit,7206.87,False
baaef883-8,CUST00E195,2026-06-13,Groceries,CARREFOUR HYPERMARKET,167.26,debit,7039.61,False
b25f446e-f,CUST00E195,2026-06-13,Dining/Restaurants,MCDONALDS #191,55.18,debit,6984.43,False
14a934ae-d,CUST00E195,2026-06-13,Shopping,ONLINE STORE CHECKOUT,210.47,debit,6773.96,False
e68a5081-9,CUST00E195,2026-06-14,Utilities,WATER CO. AUTOPAY,264.07,debit,6509.89,False
534408a0-3,CUST00E195,2026-06-20,Dining/Restaurants,MCDONALDS #509,88.02,debit,6421.87,False
c4903139-3,CUST00E195,2026-06-21,Shopping,AMAZON.EG ORDER,8.21,debit,6413.66,False
a57e4849-d,CUST00E195,2026-06-22,Shopping,AMAZON.EG ORDER,80.13,debit,6333.53,False
c974fd35-c,CUST00E195,2026-06-24,Dining/Restaurants,MCDONALDS #901,257.93,debit,6075.6,False
468ed6e8-d,CUST00E195,2026-06-24,Subscriptions,SPOTIFY AB,94.56,debit,5981.04,False
c8cc8b75-5,CUST00E195,2026-06-25,Shopping,AMAZON.EG ORDER,76.4,debit,5904.64,False
d31e9933-c,CUST00E195,2026-06-27,Healthcare,LAB TEST PAYMENT,43.43,debit,5861.21,False
75f08988-f,CUST00E195,2026-06-28,Entertainment,CINEMA TICKET PURCHASE,126.79,debit,5734.42,False
ca6fa3d7-3,CUST00E195,2026-06-28,Healthcare,PHARMACY PURCHASE,188.88,debit,5545.54,False
90d12207-7,CUSTFFBD20,2026-01-01,Salary,MONTHLY SALARY CREDIT,14400.0,credit,26679.37,False
10b8fa23-c,CUSTFFBD20,2026-01-03,Savings Transfer,INTERNAL XFER - SAVINGS,365.27,debit,26314.1,False
c7b316d0-6,CUSTFFBD20,2026-01-04,Entertainment,CINEMA TICKET PURCHASE,680.4,debit,25633.7,False
08df3db2-e,CUSTFFBD20,2026-01-04,Savings Transfer,TRANSFER TO SAVINGS ACCT,20.37,debit,25613.33,False
16c5863e-2,CUSTFFBD20,2026-01-05,Groceries,CARREFOUR HYPERMARKET,523.7,debit,25089.63,False
3e4507ea-3,CUSTFFBD20,2026-01-05,Savings Transfer,INTERNAL XFER - SAVINGS,51.8,debit,25037.83,False
95402da5-2,CUSTFFBD20,2026-01-06,Rent/Installment,Home Loan Installment - AUTOPAY,4680.04,debit,20357.79,False
3ec872de-b,CUSTFFBD20,2026-01-06,Shopping,ONLINE STORE CHECKOUT,30.58,debit,20327.21,False
ef8c9b9f-5,CUSTFFBD20,2026-01-08,Shopping,AMAZON.EG ORDER,285.96,debit,20041.25,False
2a871783-6,CUSTFFBD20,2026-01-09,Savings Transfer,INTERNAL XFER - SAVINGS,543.44,debit,19497.81,False
e5941e95-9,CUSTFFBD20,2026-01-10,Groceries,POS PURCHASE - LOCAL MARKET,458.34,debit,19039.47,False
3a36353e-c,CUSTFFBD20,2026-01-10,Transportation,CAREEM RIDE,161.64,debit,18877.83,False
e12dda02-2,CUSTFFBD20,2026-01-10,Shopping,AMAZON.EG ORDER,136.69,debit,18741.14,False
9c5730d7-4,CUSTFFBD20,2026-01-14,Groceries,POS PURCHASE - LOCAL MARKET,307.6,debit,18433.54,False
47e149c5-d,CUSTFFBD20,2026-01-14,Transportation,FUEL STATION PURCHASE,221.1,debit,18212.44,False
1f3dee5f-1,CUSTFFBD20,2026-01-14,Dining/Restaurants,POS - LOCAL RESTAURANT,100.28,debit,18112.16,False
a997869c-e,CUSTFFBD20,2026-01-15,Entertainment,CINEMA TICKET PURCHASE,38.1,debit,18074.06,False
8fa2e993-6,CUSTFFBD20,2026-01-16,Healthcare,PHARMACY PURCHASE,40.38,debit,18033.68,False
e4f798fa-e,CUSTFFBD20,2026-01-17,Transportation,UBER *TRIP 112,135.8,debit,17897.88,False
5ea56112-3,CUSTFFBD20,2026-01-18,Dining/Restaurants,MCDONALDS #943,394.95,debit,17502.93,False
6384e928-0,CUSTFFBD20,2026-01-18,Healthcare,PHARMACY PURCHASE,318.4,debit,17184.53,False
544c55ce-1,CUSTFFBD20,2026-01-18,Savings Transfer,TRANSFER TO SAVINGS ACCT,92.02,debit,17092.51,False
18a3bfa3-b,CUSTFFBD20,2026-01-19,Utilities,WATER CO. AUTOPAY,876.94,debit,16215.57,False
879ac1c2-2,CUSTFFBD20,2026-01-20,Dining/Restaurants,POS - LOCAL RESTAURANT,366.81,debit,15848.76,False
8176008e-3,CUSTFFBD20,2026-01-21,Transportation,CAREEM RIDE,522.59,debit,15326.17,False
1f9ca070-b,CUSTFFBD20,2026-01-26,Subscriptions,NETFLIX.COM SUBSCRIPTION,383.66,debit,14942.51,False
f31c8f3b-5,CUSTFFBD20,2026-01-26,Healthcare,CLINIC VISIT FEE,45.71,debit,14896.8,False
b33adc96-e,CUSTFFBD20,2026-01-27,Dining/Restaurants,POS - LOCAL RESTAURANT,263.69,debit,14633.11,False
385c3daa-3,CUSTFFBD20,2026-01-28,Shopping,ONLINE STORE CHECKOUT,184.4,debit,14448.71,False
d2247add-8,CUSTFFBD20,2026-02-03,Salary,MONTHLY SALARY CREDIT,14400.0,credit,28848.71,False
bb5e61e2-3,CUSTFFBD20,2026-02-04,Dining/Restaurants,MCDONALDS #188,389.06,debit,28459.65,False
dc92454f-a,CUSTFFBD20,2026-02-04,Shopping,ONLINE STORE CHECKOUT,280.37,debit,28179.28,False
d29a38d3-7,CUSTFFBD20,2026-02-06,Entertainment,CINEMA TICKET PURCHASE,398.68,debit,27780.6,False
49915889-6,CUSTFFBD20,2026-02-08,Savings Transfer,INTERNAL XFER - SAVINGS,102.88,debit,27677.72,False
1063eb5b-8,CUSTFFBD20,2026-02-09,Rent/Installment,ACH DEBIT - RENT PAYMENT,4769.62,debit,22908.1,False
40e9f380-0,CUSTFFBD20,2026-02-11,Dining/Restaurants,MCDONALDS #276,669.67,debit,22238.43,False
c19677e6-3,CUSTFFBD20,2026-02-13,Shopping,ONLINE STORE CHECKOUT,78.95,debit,22159.48,False
0e40e788-e,CUSTFFBD20,2026-02-15,Shopping,AMAZON.EG ORDER,31.38,debit,22128.1,False
30d1bfc8-d,CUSTFFBD20,2026-02-16,Transportation,CAREEM RIDE,253.91,debit,21874.19,False
a89f0adf-3,CUSTFFBD20,2026-02-16,Savings Transfer,TRANSFER TO SAVINGS ACCT,271.32,debit,21602.87,False
0563becf-4,CUSTFFBD20,2026-02-18,Transportation,FUEL STATION PURCHASE,234.63,debit,21368.24,False
bd1b172a-f,CUSTFFBD20,2026-02-18,Transportation,FUEL STATION PURCHASE,41.82,debit,21326.42,False
8d7d54a8-d,CUSTFFBD20,2026-02-19,Utilities,ELECTRICITY BILL PMT,839.11,debit,20487.31,False
b9c77d06-0,CUSTFFBD20,2026-02-19,Entertainment,GAMING STORE PURCHASE,325.4,debit,20161.91,False
8bc7f871-b,CUSTFFBD20,2026-02-19,Savings Transfer,TRANSFER TO SAVINGS ACCT,436.11,debit,19725.8,False
a6d86d88-5,CUSTFFBD20,2026-02-20,Savings Transfer,TRANSFER TO SAVINGS ACCT,111.84,debit,19613.96,False
5f9ec12c-c,CUSTFFBD20,2026-02-21,Groceries,CARREFOUR HYPERMARKET,332.11,debit,19281.85,False
33d2e338-6,CUSTFFBD20,2026-02-23,Transportation,UBER *TRIP 346,334.27,debit,18947.58,False
4e311a2d-4,CUSTFFBD20,2026-02-23,Savings Transfer,INTERNAL XFER - SAVINGS,81.22,debit,18866.36,False
c7c53cab-5,CUSTFFBD20,2026-02-24,Transportation,FUEL STATION PURCHASE,237.49,debit,18628.87,False
641a0bc1-5,CUSTFFBD20,2026-02-24,Shopping,AMAZON.EG ORDER,11.93,debit,18616.94,False
c52dfc13-c,CUSTFFBD20,2026-02-24,Subscriptions,SPOTIFY AB,336.39,debit,18280.55,False
5d4f84a5-e,CUSTFFBD20,2026-02-25,Groceries,POS PURCHASE - LOCAL MARKET,710.11,debit,17570.44,False
dca32c89-f,CUSTFFBD20,2026-02-25,Healthcare,PHARMACY PURCHASE,234.88,debit,17335.56,False
d0789396-8,CUSTFFBD20,2026-02-26,Groceries,SPINNEYS #276,86.28,debit,17249.28,False
bbc2f7f9-4,CUSTFFBD20,2026-02-26,Healthcare,PHARMACY PURCHASE,189.88,debit,17059.4,False
8547a355-6,CUSTFFBD20,2026-02-27,Shopping,ONLINE STORE CHECKOUT,208.39,debit,16851.01,False
b2763b77-f,CUSTFFBD20,2026-02-28,Groceries,POS PURCHASE - LOCAL MARKET,159.79,debit,16691.22,False
9e2fcd30-f,CUSTFFBD20,2026-03-01,Dining/Restaurants,CAFE PURCHASE,362.17,debit,16329.05,False
10a334f4-a,CUSTFFBD20,2026-03-02,Salary,MONTHLY SALARY CREDIT,14400.0,credit,30729.05,False
5a551f20-d,CUSTFFBD20,2026-03-03,Dining/Restaurants,POS - LOCAL RESTAURANT,53.5,debit,30675.55,False
17a16a91-5,CUSTFFBD20,2026-03-08,Transportation,UBER *TRIP 321,83.89,debit,30591.66,False
096fd65c-0,CUSTFFBD20,2026-03-08,Healthcare,CLINIC VISIT FEE,363.8,debit,30227.86,False
a2c9febc-f,CUSTFFBD20,2026-03-08,Savings Transfer,INTERNAL XFER - SAVINGS,98.77,debit,30129.09,False
3e527d8c-a,CUSTFFBD20,2026-03-10,Transportation,CAREEM RIDE,5.0,debit,30124.09,False
203ebbfe-c,CUSTFFBD20,2026-03-11,Entertainment,GAMING STORE PURCHASE,82.36,debit,30041.73,False
19516641-3,CUSTFFBD20,2026-03-12,Utilities,ELECTRICITY BILL PMT,860.65,debit,29181.08,False
3d88f57b-e,CUSTFFBD20,2026-03-12,Dining/Restaurants,POS - LOCAL RESTAURANT,393.29,debit,28787.79,False
f5f69da7-1,CUSTFFBD20,2026-03-12,Shopping,AMAZON.EG ORDER,491.48,debit,28296.31,False
f3a479a1-b,CUSTFFBD20,2026-03-14,Groceries,SPINNEYS #504,583.65,debit,27712.66,False
cdceb148-6,CUSTFFBD20,2026-03-14,Transportation,UBER *TRIP 506,915.36,debit,26797.3,False
fa1054bb-2,CUSTFFBD20,2026-03-15,Groceries,POS PURCHASE - LOCAL MARKET,277.7,debit,26519.6,False
887f14e7-7,CUSTFFBD20,2026-03-15,Dining/Restaurants,POS - LOCAL RESTAURANT,274.17,debit,26245.43,False
16993df9-0,CUSTFFBD20,2026-03-16,Entertainment,NETFLIX PPV CHARGE,174.93,debit,26070.5,False
e42daad4-a,CUSTFFBD20,2026-03-16,Entertainment,GAMING STORE PURCHASE,386.39,debit,25684.11,False
d956d9d9-9,CUSTFFBD20,2026-03-16,Subscriptions,SPOTIFY AB,336.76,debit,25347.35,False
ae11cfc3-c,CUSTFFBD20,2026-03-16,Healthcare,LAB TEST PAYMENT,25.8,debit,25321.55,False
479d52b9-0,CUSTFFBD20,2026-03-17,Groceries,CARREFOUR HYPERMARKET,547.39,debit,24774.16,False
e50e4a29-3,CUSTFFBD20,2026-03-22,Groceries,SPINNEYS #191,68.97,debit,24705.19,False
6e8f8c5b-c,CUSTFFBD20,2026-03-23,Healthcare,CLINIC VISIT FEE,68.45,debit,24636.74,False
60c91933-c,CUSTFFBD20,2026-03-23,Savings Transfer,TRANSFER TO SAVINGS ACCT,126.92,debit,24509.82,False
6682c0e1-6,CUSTFFBD20,2026-03-23,Savings Transfer,INTERNAL XFER - SAVINGS,742.62,debit,23767.2,False
0268d4b0-3,CUSTFFBD20,2026-03-24,Dining/Restaurants,POS - LOCAL RESTAURANT,55.81,debit,23711.39,False
0b1d7a96-a,CUSTFFBD20,2026-03-25,Transportation,UBER *TRIP 162,38.39,debit,23673.0,False
223438b3-c,CUSTFFBD20,2026-03-25,Shopping,MALL PURCHASE - POS,191.02,debit,23481.98,False
91e49df8-c,CUSTFFBD20,2026-03-28,Rent/Installment,Home Loan Installment - NBE,4544.62,debit,18937.36,False
6c019611-f,CUSTFFBD20,2026-04-01,Salary,MONTHLY SALARY CREDIT,14400.0,credit,33337.36,False
58088c52-1,CUSTFFBD20,2026-04-01,Groceries,SPINNEYS #575,674.48,debit,32662.88,False
fb88bad2-1,CUSTFFBD20,2026-04-02,Rent/Installment,ACH DEBIT - RENT PAYMENT,4283.31,debit,28379.57,False
caab7a25-c,CUSTFFBD20,2026-04-03,Savings Transfer,INTERNAL XFER - SAVINGS,56.15,debit,28323.42,False
9a1bb83a-7,CUSTFFBD20,2026-04-03,Savings Transfer,TRANSFER TO SAVINGS ACCT,239.76,debit,28083.66,False
429e0d8b-2,CUSTFFBD20,2026-04-05,Healthcare,CLINIC VISIT FEE,25.56,debit,28058.1,False
8bb4fda2-0,CUSTFFBD20,2026-04-07,Utilities,ELECTRICITY BILL PMT,758.94,debit,27299.16,False
4f4b7069-b,CUSTFFBD20,2026-04-08,Shopping,ONLINE STORE CHECKOUT,391.12,debit,26908.04,False
e7686da7-9,CUSTFFBD20,2026-04-09,Entertainment,GAMING STORE PURCHASE,241.71,debit,26666.33,False
0edd7366-b,CUSTFFBD20,2026-04-10,Savings Transfer,INTERNAL XFER - SAVINGS,415.71,debit,26250.62,False
0e2e3abc-9,CUSTFFBD20,2026-04-12,Transportation,CAREEM RIDE,255.56,debit,25995.06,False
06abf5ce-c,CUSTFFBD20,2026-04-12,Subscriptions,NETFLIX.COM SUBSCRIPTION,328.6,debit,25666.46,False
b2203f91-0,CUSTFFBD20,2026-04-12,Healthcare,CLINIC VISIT FEE,161.15,debit,25505.31,False
93f515e7-5,CUSTFFBD20,2026-04-13,Transportation,CAREEM RIDE,67.86,debit,25437.45,False
3f7a5102-2,CUSTFFBD20,2026-04-14,Transportation,FUEL STATION PURCHASE,117.49,debit,25319.96,False
b05f3b00-7,CUSTFFBD20,2026-04-14,Dining/Restaurants,POS - LOCAL RESTAURANT,580.03,debit,24739.93,False
f1409834-d,CUSTFFBD20,2026-04-14,Healthcare,CLINIC VISIT FEE,67.33,debit,24672.6,False
c4138441-5,CUSTFFBD20,2026-04-15,Dining/Restaurants,CAFE PURCHASE,447.19,debit,24225.41,False
f165acf2-c,CUSTFFBD20,2026-04-17,Entertainment,NETFLIX PPV CHARGE,116.65,debit,24108.76,False
072e02a5-f,CUSTFFBD20,2026-04-17,Shopping,AMAZON.EG ORDER,249.05,debit,23859.71,False
9a6beb16-6,CUSTFFBD20,2026-04-18,Transportation,UBER *TRIP 768,592.67,debit,23267.04,False
84348ef0-f,CUSTFFBD20,2026-04-18,Savings Transfer,INTERNAL XFER - SAVINGS,133.51,debit,23133.53,False
2c6e1663-3,CUSTFFBD20,2026-04-19,Savings Transfer,INTERNAL XFER - SAVINGS,185.71,debit,22947.82,False
9853e0db-8,CUSTFFBD20,2026-04-20,Shopping,MALL PURCHASE - POS,43.4,debit,22904.42,False
239b5f10-4,CUSTFFBD20,2026-04-21,Groceries,CARREFOUR HYPERMARKET,530.67,debit,22373.75,False
336b3c4d-0,CUSTFFBD20,2026-04-21,Groceries,SPINNEYS #660,240.29,debit,22133.46,False
25b6175d-0,CUSTFFBD20,2026-04-21,Entertainment,GAMING STORE PURCHASE,293.57,debit,21839.89,False
809d2f1f-0,CUSTFFBD20,2026-04-22,Healthcare,LAB TEST PAYMENT,129.1,debit,21710.79,False
c462dbf1-f,CUSTFFBD20,2026-04-23,Dining/Restaurants,CAFE PURCHASE,108.91,debit,21601.88,False
680495bd-4,CUSTFFBD20,2026-05-01,Transportation,FUEL STATION PURCHASE,997.84,debit,20604.04,False
34078b65-8,CUSTFFBD20,2026-05-02,Salary,MONTHLY SALARY CREDIT,14400.0,credit,35004.04,False
d39d8a6e-2,CUSTFFBD20,2026-05-03,Shopping,MALL PURCHASE - POS,98.7,debit,34905.34,False
9e7367a2-2,CUSTFFBD20,2026-05-05,Rent/Installment,Home Loan Installment - NBE,4224.0,debit,30681.34,False
898b1bac-3,CUSTFFBD20,2026-05-05,Transportation,FUEL STATION PURCHASE,17.55,debit,30663.79,False
457f5b0a-7,CUSTFFBD20,2026-05-06,Dining/Restaurants,POS - LOCAL RESTAURANT,425.21,debit,30238.58,False
8f8ea737-7,CUSTFFBD20,2026-05-07,Dining/Restaurants,POS - LOCAL RESTAURANT,290.73,debit,29947.85,False
d55c88b9-6,CUSTFFBD20,2026-05-07,Entertainment,GAMING STORE PURCHASE,412.7,debit,29535.15,False
b2622f21-b,CUSTFFBD20,2026-05-09,Dining/Restaurants,CAFE PURCHASE,67.83,debit,29467.32,False
1c132602-c,CUSTFFBD20,2026-05-10,Entertainment,NETFLIX PPV CHARGE,252.37,debit,29214.95,False
6fcf5c92-4,CUSTFFBD20,2026-05-11,Utilities,WATER CO. AUTOPAY,782.76,debit,28432.19,False
3312f851-e,CUSTFFBD20,2026-05-12,Groceries,SPINNEYS #897,18.8,debit,28413.39,False
a752bd35-9,CUSTFFBD20,2026-05-12,Healthcare,CLINIC VISIT FEE,6.54,debit,28406.85,False
aa98d4c0-4,CUSTFFBD20,2026-05-16,Transportation,UBER *TRIP 132,62.76,debit,28344.09,False
177d34e4-7,CUSTFFBD20,2026-05-16,Subscriptions,NETFLIX.COM SUBSCRIPTION,365.84,debit,27978.25,False
1f3a1f01-b,CUSTFFBD20,2026-05-17,Entertainment,NETFLIX PPV CHARGE,69.04,debit,27909.21,False
e0332532-5,CUSTFFBD20,2026-05-18,Groceries,POS PURCHASE - LOCAL MARKET,367.4,debit,27541.81,False
8f89302a-9,CUSTFFBD20,2026-05-19,Healthcare,CLINIC VISIT FEE,35.8,debit,27506.01,False
a948e2f2-9,CUSTFFBD20,2026-05-19,Savings Transfer,TRANSFER TO SAVINGS ACCT,258.07,debit,27247.94,False
8cb54187-d,CUSTFFBD20,2026-05-20,Groceries,SPINNEYS #729,301.34,debit,26946.6,False
37853eed-3,CUSTFFBD20,2026-05-20,Groceries,SPINNEYS #107,88.75,debit,26857.85,False
c035acbb-5,CUSTFFBD20,2026-05-20,Entertainment,CINEMA TICKET PURCHASE,5.0,debit,26852.85,False
2346b763-e,CUSTFFBD20,2026-05-20,Shopping,MALL PURCHASE - POS,337.44,debit,26515.41,False
f66abc5b-b,CUSTFFBD20,2026-05-22,Dining/Restaurants,POS - LOCAL RESTAURANT,5.0,debit,26510.41,False
e9fb4a87-e,CUSTFFBD20,2026-05-23,Dining/Restaurants,MCDONALDS #274,342.31,debit,26168.1,False
8ab0ac75-1,CUSTFFBD20,2026-05-23,Healthcare,CLINIC VISIT FEE,245.99,debit,25922.11,False
cd50a29e-2,CUSTFFBD20,2026-05-24,Entertainment,CINEMA TICKET PURCHASE,21.11,debit,25901.0,False
7d09f6f8-c,CUSTFFBD20,2026-05-26,Groceries,POS PURCHASE - LOCAL MARKET,546.24,debit,25354.76,False
b35cb2ce-b,CUSTFFBD20,2026-05-26,Shopping,ONLINE STORE CHECKOUT,220.23,debit,25134.53,False
436bcf6a-3,CUSTFFBD20,2026-05-26,Healthcare,PHARMACY PURCHASE,163.24,debit,24971.29,False
b8703292-c,CUSTFFBD20,2026-05-26,Savings Transfer,INTERNAL XFER - SAVINGS,750.79,debit,24220.5,False
70caa7d9-a,CUSTFFBD20,2026-06-02,Salary,MONTHLY SALARY CREDIT,14400.0,credit,38620.5,False
9df12127-c,CUSTFFBD20,2026-06-02,Dining/Restaurants,MCDONALDS #438,192.59,debit,38427.91,False
39301648-e,CUSTFFBD20,2026-06-02,Shopping,AMAZON.EG ORDER,108.78,debit,38319.13,False
603df0b2-0,CUSTFFBD20,2026-06-03,Rent/Installment,Monthly Rent Transfer,4450.78,debit,33868.35,False
0b64face-f,CUSTFFBD20,2026-06-03,Dining/Restaurants,MCDONALDS #633,689.41,debit,33178.94,False
5823e0d0-7,CUSTFFBD20,2026-06-04,Entertainment,GAMING STORE PURCHASE,421.32,debit,32757.62,False
c243a930-2,CUSTFFBD20,2026-06-10,Utilities,Internet Bill - AUTOPAY,848.31,debit,31909.31,False
730aec7d-8,CUSTFFBD20,2026-06-10,Transportation,UBER *TRIP 466,500.32,debit,31408.99,False
be415282-9,CUSTFFBD20,2026-06-11,Shopping,MALL PURCHASE - POS,114.97,debit,31294.02,False
896cf205-9,CUSTFFBD20,2026-06-11,Savings Transfer,TRANSFER TO SAVINGS ACCT,146.27,debit,31147.75,False
463692c3-c,CUSTFFBD20,2026-06-13,Transportation,CAREEM RIDE,186.39,debit,30961.36,False
3fc3ae05-2,CUSTFFBD20,2026-06-13,Entertainment,NETFLIX PPV CHARGE,203.74,debit,30757.62,False
f409aa8f-c,CUSTFFBD20,2026-06-15,Entertainment,NETFLIX PPV CHARGE,55.95,debit,30701.67,False
e9c82b09-3,CUSTFFBD20,2026-06-17,Healthcare,LAB TEST PAYMENT,404.3,debit,30297.37,False
d3831655-b,CUSTFFBD20,2026-06-19,Transportation,FUEL STATION PURCHASE,59.16,debit,30238.21,False
ae9b0e64-1,CUSTFFBD20,2026-06-20,Groceries,SPINNEYS #620,900.33,debit,29337.88,False
527b1eaf-1,CUSTFFBD20,2026-06-20,Groceries,CARREFOUR HYPERMARKET,29.88,debit,29308.0,False
5385d35d-a,CUSTFFBD20,2026-06-21,Transportation,UBER *TRIP 371,278.34,debit,29029.66,False
3a281f5b-9,CUSTFFBD20,2026-06-22,Dining/Restaurants,POS - LOCAL RESTAURANT,120.11,debit,28909.55,False
84175a85-5,CUSTFFBD20,2026-06-23,Subscriptions,GYM MEMBERSHIP AUTOPAY,373.78,debit,28535.77,False
82dcd42a-0,CUSTFFBD20,2026-06-23,Savings Transfer,INTERNAL XFER - SAVINGS,392.78,debit,28142.99,False
2aae6475-6,CUSTFFBD20,2026-06-26,Entertainment,CINEMA TICKET PURCHASE,5.0,debit,28137.99,False
637bb265-9,CUSTFFBD20,2026-06-27,Groceries,SPINNEYS #463,350.08,debit,27787.91,False
1f9182e1-5,CUSTFFBD20,2026-06-27,Dining/Restaurants,MCDONALDS #616,69.33,debit,27718.58,False
5a488d02-5,CUSTFFBD20,2026-06-27,Shopping,ONLINE STORE CHECKOUT,389.37,debit,27329.21,False
0e8595a4-f,CUSTFFBD20,2026-06-27,Healthcare,CLINIC VISIT FEE,17.9,debit,27311.31,False
fa092ce5-5,CUSTFFBD20,2026-06-27,Savings Transfer,TRANSFER TO SAVINGS ACCT,405.17,debit,26906.14,False
2469f41d-d,CUST9C094C,2026-01-02,Entertainment,GAMING STORE PURCHASE,31.55,debit,4144.0,False
6de5348d-2,CUST9C094C,2026-01-02,Entertainment,GAMING STORE PURCHASE,210.86,debit,3933.14,False
3f977bc2-1,CUST9C094C,2026-01-03,Salary,MONTHLY SALARY CREDIT,12900.0,credit,16833.14,False
bed96749-3,CUST9C094C,2026-01-03,Dining/Restaurants,MCDONALDS #705,811.69,debit,16021.45,False
29f6060b-f,CUST9C094C,2026-01-05,Dining/Restaurants,CAFE PURCHASE,9.18,debit,16012.27,False
ae31d7e6-d,CUST9C094C,2026-01-05,Healthcare,LAB TEST PAYMENT,94.49,debit,15917.78,False
f39dc29e-6,CUST9C094C,2026-01-06,Healthcare,CLINIC VISIT FEE,210.81,debit,15706.97,False
5c669bc1-2,CUST9C094C,2026-01-09,Subscriptions,GYM MEMBERSHIP AUTOPAY,213.8,debit,15493.17,False
c59d5e85-9,CUST9C094C,2026-01-11,Savings Transfer,INTERNAL XFER - SAVINGS,5.0,debit,15488.17,False
aea9e9b7-3,CUST9C094C,2026-01-12,Rent/Installment,Monthly Rent Transfer,3888.7,debit,11599.47,False
f0d40efc-0,CUST9C094C,2026-01-12,Groceries,CARREFOUR HYPERMARKET,1241.9,debit,10357.57,False
404dfe63-1,CUST9C094C,2026-01-13,Groceries,POS PURCHASE - LOCAL MARKET,290.73,debit,10066.84,False
7efe13ff-8,CUST9C094C,2026-01-14,Transportation,FUEL STATION PURCHASE,181.13,debit,9885.71,False
d86c2db9-2,CUST9C094C,2026-01-16,Shopping,MALL PURCHASE - POS,515.57,debit,9370.14,False
221f2ff7-d,CUST9C094C,2026-01-18,Shopping,MALL PURCHASE - POS,35.47,debit,9334.67,False
ba2205d0-f,CUST9C094C,2026-01-19,Entertainment,NETFLIX PPV CHARGE,19.44,debit,9315.23,False
804075ee-7,CUST9C094C,2026-01-19,Savings Transfer,INTERNAL XFER - SAVINGS,847.84,debit,8467.39,False
56b415bd-2,CUST9C094C,2026-01-21,Utilities,ELECTRICITY BILL PMT,484.57,debit,7982.82,False
1c370f82-e,CUST9C094C,2026-01-23,Dining/Restaurants,MCDONALDS #869,5.0,debit,7977.82,False
626ea1ba-5,CUST9C094C,2026-01-23,Dining/Restaurants,POS - LOCAL RESTAURANT,76.99,debit,7900.83,False
b3bc1918-0,CUST9C094C,2026-01-23,Dining/Restaurants,MCDONALDS #714,276.2,debit,7624.63,False
ee2961a8-f,CUST9C094C,2026-01-24,Transportation,FUEL STATION PURCHASE,370.82,debit,7253.81,False
e72031a0-8,CUST9C094C,2026-02-01,Salary,MONTHLY SALARY CREDIT,12900.0,credit,20153.81,False
52f2314d-8,CUST9C094C,2026-02-02,Healthcare,CLINIC VISIT FEE,187.69,debit,19966.12,False
d9aa67b4-8,CUST9C094C,2026-02-02,Savings Transfer,INTERNAL XFER - SAVINGS,41.12,debit,19925.0,False
c15c773e-7,CUST9C094C,2026-02-03,Utilities,ELECTRICITY BILL PMT,421.39,debit,19503.61,False
730c0e38-7,CUST9C094C,2026-02-03,Entertainment,CINEMA TICKET PURCHASE,9.87,debit,19493.74,False
f30bf374-1,CUST9C094C,2026-02-04,Dining/Restaurants,CAFE PURCHASE,181.8,debit,19311.94,False
21bc7aef-1,CUST9C094C,2026-02-06,Groceries,SPINNEYS #465,361.67,debit,18950.27,False
da3a6eea-b,CUST9C094C,2026-02-08,Transportation,UBER *TRIP 909,34.54,debit,18915.73,False
162aa180-f,CUST9C094C,2026-02-09,Shopping,MALL PURCHASE - POS,68.94,debit,18846.79,False
3bbb33b2-1,CUST9C094C,2026-02-12,Entertainment,CINEMA TICKET PURCHASE,288.27,debit,18558.52,False
eb879678-1,CUST9C094C,2026-02-13,Healthcare,PHARMACY PURCHASE,9.42,debit,18549.1,False
8c2e7d16-e,CUST9C094C,2026-02-14,Transportation,FUEL STATION PURCHASE,122.92,debit,18426.18,False
7612878b-4,CUST9C094C,2026-02-16,Shopping,AMAZON.EG ORDER,126.55,debit,18299.63,False
d9315b7a-5,CUST9C094C,2026-02-18,Rent/Installment,Home Loan Installment - ONLINE,3903.54,debit,14396.09,False
a579ce2d-5,CUST9C094C,2026-02-18,Subscriptions,NETFLIX.COM SUBSCRIPTION,217.41,debit,14178.68,False
ac66977e-4,CUST9C094C,2026-02-19,Dining/Restaurants,CAFE PURCHASE,997.36,debit,13181.32,False
e42dfe9d-5,CUST9C094C,2026-02-20,Groceries,CARREFOUR HYPERMARKET,854.18,debit,12327.14,False
edb285c9-6,CUST9C094C,2026-02-20,Savings Transfer,INTERNAL XFER - SAVINGS,278.74,debit,12048.4,False
cdfd9d56-b,CUST9C094C,2026-02-23,Shopping,ONLINE STORE CHECKOUT,5.0,debit,12043.4,False
707412e0-b,CUST9C094C,2026-02-23,Shopping,AMAZON.EG ORDER,5.94,debit,12037.46,False
e3f7a490-2,CUST9C094C,2026-02-23,Healthcare,CLINIC VISIT FEE,39.35,debit,11998.11,False
160ea3b9-9,CUST9C094C,2026-02-26,Healthcare,LAB TEST PAYMENT,79.09,debit,11919.02,False
5bce2cdc-b,CUST9C094C,2026-02-27,Transportation,FUEL STATION PURCHASE,422.42,debit,11496.6,False
881f575d-4,CUST9C094C,2026-02-27,Shopping,AMAZON.EG ORDER,386.49,debit,11110.11,False
a7fdb6b5-4,CUST9C094C,2026-02-27,Savings Transfer,INTERNAL XFER - SAVINGS,562.95,debit,10547.16,False
a5946aad-d,CUST9C094C,2026-02-28,Groceries,POS PURCHASE - LOCAL MARKET,174.01,debit,10373.15,False
1e069941-7,CUST9C094C,2026-03-01,Salary,MONTHLY SALARY CREDIT,12900.0,credit,23273.15,False
f0a0c169-4,CUST9C094C,2026-03-02,Subscriptions,NETFLIX.COM SUBSCRIPTION,200.43,debit,23072.72,False
5359ddde-c,CUST9C094C,2026-03-03,Savings Transfer,TRANSFER TO SAVINGS ACCT,488.06,debit,22584.66,False
cc8abfaa-8,CUST9C094C,2026-03-04,Transportation,CAREEM RIDE,259.83,debit,22324.83,False
860b78ad-0,CUST9C094C,2026-03-04,Healthcare,CLINIC VISIT FEE,147.94,debit,22176.89,False
afd8b2f2-a,CUST9C094C,2026-03-05,Shopping,MALL PURCHASE - POS,369.38,debit,21807.51,False
adaa7534-a,CUST9C094C,2026-03-05,Savings Transfer,TRANSFER TO SAVINGS ACCT,35.03,debit,21772.48,False
ddf30e51-0,CUST9C094C,2026-03-07,Healthcare,PHARMACY PURCHASE,39.69,debit,21732.79,False
3761259b-f,CUST9C094C,2026-03-09,Shopping,AMAZON.EG ORDER,174.8,debit,21557.99,False
3cadb9d6-b,CUST9C094C,2026-03-10,Groceries,SPINNEYS #515,880.49,debit,20677.5,False
62b9c8dc-8,CUST9C094C,2026-03-11,Healthcare,PHARMACY PURCHASE,48.24,debit,20629.26,False
a6fedc45-1,CUST9C094C,2026-03-12,Entertainment,NETFLIX PPV CHARGE,56.28,debit,20572.98,False
fd99d6c7-c,CUST9C094C,2026-03-12,Healthcare,LAB TEST PAYMENT,90.98,debit,20482.0,False
ce225a6e-7,CUST9C094C,2026-03-13,Transportation,UBER *TRIP 723,194.06,debit,20287.94,False
0639ad58-f,CUST9C094C,2026-03-13,Dining/Restaurants,POS - LOCAL RESTAURANT,155.52,debit,20132.42,False
d8e5cf7e-a,CUST9C094C,2026-03-13,Entertainment,GAMING STORE PURCHASE,37.35,debit,20095.07,False
ad7015d7-b,CUST9C094C,2026-03-16,Shopping,AMAZON.EG ORDER,26.02,debit,20069.05,False
0e7a58ee-7,CUST9C094C,2026-03-18,Dining/Restaurants,POS - LOCAL RESTAURANT,1130.23,debit,18938.82,False
96778441-2,CUST9C094C,2026-03-19,Transportation,UBER *TRIP 237,55.38,debit,18883.44,False
1bfce63e-6,CUST9C094C,2026-03-20,Groceries,CARREFOUR HYPERMARKET,66.53,debit,18816.91,False
0baa99ac-1,CUST9C094C,2026-03-21,Entertainment,CINEMA TICKET PURCHASE,61.87,debit,18755.04,False
88341ff6-5,CUST9C094C,2026-03-22,Rent/Installment,ACH DEBIT - RENT PAYMENT,4373.46,debit,14381.58,False
7dee1601-2,CUST9C094C,2026-03-23,Transportation,CAREEM RIDE,15.25,debit,14366.33,False
84fffde2-a,CUST9C094C,2026-03-23,Shopping,AMAZON.EG ORDER,10.51,debit,14355.82,False
1c3e6d02-d,CUST9C094C,2026-03-24,Savings Transfer,TRANSFER TO SAVINGS ACCT,35.16,debit,14320.66,False
40355639-c,CUST9C094C,2026-03-26,Groceries,SPINNEYS #299,457.05,debit,13863.61,False
19dcf713-9,CUST9C094C,2026-03-26,Entertainment,GAMING STORE PURCHASE,137.51,debit,13726.1,False
b4b5cecb-8,CUST9C094C,2026-03-27,Savings Transfer,TRANSFER TO SAVINGS ACCT,274.2,debit,13451.9,False
c83b2919-e,CUST9C094C,2026-03-28,Utilities,Internet Bill - AUTOPAY,448.69,debit,13003.21,False
3a3c3569-6,CUST9C094C,2026-04-02,Salary,MONTHLY SALARY CREDIT,12900.0,credit,25903.21,False
33600e28-6,CUST9C094C,2026-04-04,Transportation,UBER *TRIP 537,195.48,debit,25707.73,False
28318e37-0,CUST9C094C,2026-04-04,Savings Transfer,TRANSFER TO SAVINGS ACCT,289.65,debit,25418.08,False
4c3990b0-b,CUST9C094C,2026-04-05,Transportation,UBER *TRIP 194,165.77,debit,25252.31,False
835ec5c8-5,CUST9C094C,2026-04-05,Dining/Restaurants,POS - LOCAL RESTAURANT,43.31,debit,25209.0,False
94409f05-5,CUST9C094C,2026-04-05,Shopping,ONLINE STORE CHECKOUT,86.63,debit,25122.37,False
7ce2de0d-7,CUST9C094C,2026-04-05,Healthcare,LAB TEST PAYMENT,251.19,debit,24871.18,False
e6bec4bb-b,CUST9C094C,2026-04-07,Savings Transfer,TRANSFER TO SAVINGS ACCT,48.1,debit,24823.08,False
f388664b-f,CUST9C094C,2026-04-08,Shopping,MALL PURCHASE - POS,102.28,debit,24720.8,False
c70bf1e0-1,CUST9C094C,2026-04-09,Utilities,Internet Bill - NBE,488.74,debit,24232.06,False
f149fd64-1,CUST9C094C,2026-04-09,Groceries,POS PURCHASE - LOCAL MARKET,276.25,debit,23955.81,False
ec55e651-a,CUST9C094C,2026-04-11,Shopping,AMAZON.EG ORDER,93.97,debit,23861.84,False
82525db0-2,CUST9C094C,2026-04-13,Healthcare,CLINIC VISIT FEE,5.0,debit,23856.84,False
720adab9-6,CUST9C094C,2026-04-13,Healthcare,LAB TEST PAYMENT,86.75,debit,23770.09,False
dd2cd67a-a,CUST9C094C,2026-04-16,Transportation,FUEL STATION PURCHASE,67.35,debit,23702.74,False
9fa262b6-5,CUST9C094C,2026-04-16,Entertainment,NETFLIX PPV CHARGE,26.2,debit,23676.54,False
29ae4be1-b,CUST9C094C,2026-04-17,Entertainment,GAMING STORE PURCHASE,50.98,debit,23625.56,False
2c22fddd-b,CUST9C094C,2026-04-17,Shopping,ONLINE STORE CHECKOUT,253.94,debit,23371.62,False
09ae38b9-e,CUST9C094C,2026-04-18,Groceries,SPINNEYS #624,1158.39,debit,22213.23,False
eb18c428-b,CUST9C094C,2026-04-18,Shopping,AMAZON.EG ORDER,44.22,debit,22169.01,False
f6ca17e6-4,CUST9C094C,2026-04-20,Savings Transfer,TRANSFER TO SAVINGS ACCT,340.45,debit,21828.56,False
e8d08d06-3,CUST9C094C,2026-04-22,Entertainment,NETFLIX PPV CHARGE,139.91,debit,21688.65,False
572f2ff4-d,CUST9C094C,2026-04-23,Savings Transfer,INTERNAL XFER - SAVINGS,20.25,debit,21668.4,False
109bc56c-2,CUST9C094C,2026-04-24,Rent/Installment,ACH DEBIT - RENT PAYMENT,4586.21,debit,17082.19,False
9bf43156-e,CUST9C094C,2026-04-24,Transportation,FUEL STATION PURCHASE,73.35,debit,17008.84,False
c21b1828-e,CUST9C094C,2026-04-24,Subscriptions,GYM MEMBERSHIP AUTOPAY,193.88,debit,16814.96,False
8366f056-b,CUST9C094C,2026-04-25,Entertainment,GAMING STORE PURCHASE,5.0,debit,16809.96,False
f3cc6ca5-5,CUST9C094C,2026-04-25,Savings Transfer,TRANSFER TO SAVINGS ACCT,166.49,debit,16643.47,False
3839354b-8,CUST9C094C,2026-04-26,Dining/Restaurants,CAFE PURCHASE,1042.58,debit,15600.89,False
b6ce0039-c,CUST9C094C,2026-04-28,Transportation,CAREEM RIDE,89.36,debit,15511.53,False
f9e4c58b-a,CUST9C094C,2026-04-28,Entertainment,CINEMA TICKET PURCHASE,50.91,debit,15460.62,False
f4b71744-e,CUST9C094C,2026-05-03,Salary,MONTHLY SALARY CREDIT,12900.0,credit,28360.62,False
fa63cb48-d,CUST9C094C,2026-05-03,Rent/Installment,Home Loan Installment - AUTOPAY,4571.02,debit,23789.6,False
c4766bc0-a,CUST9C094C,2026-05-04,Subscriptions,SPOTIFY AB,192.91,debit,23596.69,False
3e95b8d0-7,CUST9C094C,2026-05-05,Entertainment,CINEMA TICKET PURCHASE,13.71,debit,23582.98,False
0574e91c-b,CUST9C094C,2026-05-06,Shopping,AMAZON.EG ORDER,96.68,debit,23486.3,False
731a150a-4,CUST9C094C,2026-05-07,Groceries,CARREFOUR HYPERMARKET,379.98,debit,23106.32,False
3481c3f2-a,CUST9C094C,2026-05-08,Entertainment,GAMING STORE PURCHASE,56.15,debit,23050.17,False
78ba2f9a-a,CUST9C094C,2026-05-09,Entertainment,CINEMA TICKET PURCHASE,50.78,debit,22999.39,False
0acab01f-4,CUST9C094C,2026-05-10,Entertainment,GAMING STORE PURCHASE,17.78,debit,22981.61,False
ee82c6d1-c,CUST9C094C,2026-05-10,Healthcare,CLINIC VISIT FEE,186.18,debit,22795.43,False
1b359736-6,CUST9C094C,2026-05-11,Shopping,MALL PURCHASE - POS,32.72,debit,22762.71,False
bcf8ae27-2,CUST9C094C,2026-05-12,Dining/Restaurants,CAFE PURCHASE,282.13,debit,22480.58,False
736f7a2b-c,CUST9C094C,2026-05-13,Groceries,SPINNEYS #460,488.71,debit,21991.87,False
67b0cf9f-1,CUST9C094C,2026-05-13,Savings Transfer,TRANSFER TO SAVINGS ACCT,5.0,debit,21986.87,False
6a67a1ca-0,CUST9C094C,2026-05-15,Groceries,SPINNEYS #377,323.64,debit,21663.23,False
18e2559f-e,CUST9C094C,2026-05-15,Transportation,UBER *TRIP 194,40.51,debit,21622.72,False
0ee74277-b,CUST9C094C,2026-05-15,Shopping,AMAZON.EG ORDER,474.17,debit,21148.55,False
bcbfc42e-8,CUST9C094C,2026-05-15,Healthcare,PHARMACY PURCHASE,67.84,debit,21080.71,False
c9c1e589-a,CUST9C094C,2026-05-19,Entertainment,CINEMA TICKET PURCHASE,117.0,debit,20963.71,False
f0636d26-0,CUST9C094C,2026-05-20,Transportation,CAREEM RIDE,350.17,debit,20613.54,False
a7306cd2-7,CUST9C094C,2026-05-21,Utilities,ELECTRICITY BILL PMT,435.83,debit,20177.71,False
3ad54726-7,CUST9C094C,2026-05-23,Dining/Restaurants,POS - LOCAL RESTAURANT,93.81,debit,20083.9,False
49858425-6,CUST9C094C,2026-05-23,Dining/Restaurants,POS - LOCAL RESTAURANT,371.69,debit,19712.21,False
cb61e80a-2,CUST9C094C,2026-05-24,Dining/Restaurants,CAFE PURCHASE,499.14,debit,19213.07,False
7bd1a432-d,CUST9C094C,2026-05-25,Transportation,UBER *TRIP 864,66.75,debit,19146.32,False
1c621990-3,CUST9C094C,2026-05-26,Transportation,FUEL STATION PURCHASE,134.16,debit,19012.16,False
7e5ab1ad-6,CUST9C094C,2026-05-26,Savings Transfer,TRANSFER TO SAVINGS ACCT,497.22,debit,18514.94,False
963c0f03-6,CUST9C094C,2026-05-27,Savings Transfer,TRANSFER TO SAVINGS ACCT,29.07,debit,18485.87,False
3b8b0801-6,CUST9C094C,2026-05-28,Groceries,SPINNEYS #199,182.49,debit,18303.38,False
d257970a-1,CUST9C094C,2026-05-28,Healthcare,CLINIC VISIT FEE,81.09,debit,18222.29,False
8fcff5b3-1,CUST9C094C,2026-05-28,Savings Transfer,TRANSFER TO SAVINGS ACCT,350.83,debit,17871.46,False
3af8ad00-7,CUST9C094C,2026-06-01,Groceries,SPINNEYS #839,282.27,debit,17589.19,False
04b7e540-0,CUST9C094C,2026-06-02,Salary,MONTHLY SALARY CREDIT,12900.0,credit,30489.19,False
56b2970f-c,CUST9C094C,2026-06-03,Transportation,UBER *TRIP 633,69.37,debit,30419.82,False
d624d911-9,CUST9C094C,2026-06-03,Healthcare,PHARMACY PURCHASE,112.17,debit,30307.65,False
9946e367-5,CUST9C094C,2026-06-03,Healthcare,CLINIC VISIT FEE,61.58,debit,30246.07,False
1a9baa24-6,CUST9C094C,2026-06-03,Healthcare,LAB TEST PAYMENT,137.08,debit,30108.99,False
5a5826e8-b,CUST9C094C,2026-06-04,Shopping,AMAZON.EG ORDER,108.53,debit,30000.46,False
0b28e114-f,CUST9C094C,2026-06-07,Shopping,ONLINE STORE CHECKOUT,184.86,debit,29815.6,False
8614a45a-a,CUST9C094C,2026-06-08,Transportation,UBER *TRIP 286,244.74,debit,29570.86,False
b3119835-4,CUST9C094C,2026-06-08,Shopping,MALL PURCHASE - POS,43.03,debit,29527.83,False
659fc8cf-0,CUST9C094C,2026-06-09,Transportation,FUEL STATION PURCHASE,89.98,debit,29437.85,False
e2c79860-5,CUST9C094C,2026-06-09,Transportation,FUEL STATION PURCHASE,140.1,debit,29297.75,False
fe11bcbe-3,CUST9C094C,2026-06-11,Transportation,FUEL STATION PURCHASE,72.14,debit,29225.61,False
217ddac1-c,CUST9C094C,2026-06-12,Entertainment,NETFLIX PPV CHARGE,277.9,debit,28947.71,False
33389759-9,CUST9C094C,2026-06-14,Entertainment,GAMING STORE PURCHASE,25.21,debit,28922.5,False
d8c33f7e-0,CUST9C094C,2026-06-14,Subscriptions,GYM MEMBERSHIP AUTOPAY,200.82,debit,28721.68,False
2c761662-0,CUST9C094C,2026-06-15,Dining/Restaurants,CAFE PURCHASE,40.41,debit,28681.27,False
fc93638b-2,CUST9C094C,2026-06-16,Dining/Restaurants,CAFE PURCHASE,121.66,debit,28559.61,False
eb69e2ca-9,CUST9C094C,2026-06-18,Rent/Installment,ACH DEBIT - RENT PAYMENT,4542.85,debit,24016.76,False
871c4717-d,CUST9C094C,2026-06-18,Dining/Restaurants,CAFE PURCHASE,102.08,debit,23914.68,False
7d9e0c56-7,CUST9C094C,2026-06-19,Groceries,CARREFOUR HYPERMARKET,573.37,debit,23341.31,False
2dce1497-9,CUST9C094C,2026-06-19,Shopping,MALL PURCHASE - POS,250.99,debit,23090.32,False
1ed34d56-1,CUST9C094C,2026-06-21,Groceries,POS PURCHASE - LOCAL MARKET,573.13,debit,22517.19,False
67c02ab8-9,CUST9C094C,2026-06-21,Savings Transfer,INTERNAL XFER - SAVINGS,912.49,debit,21604.7,False
04908ae1-d,CUST9C094C,2026-06-25,Utilities,WATER CO. AUTOPAY,488.49,debit,21116.21,False
838c0502-8,CUST9C094C,2026-06-26,Dining/Restaurants,POS - LOCAL RESTAURANT,734.81,debit,20381.4,False
c74ef3fa-e,CUST9C094C,2026-06-26,Savings Transfer,INTERNAL XFER - SAVINGS,38.09,debit,20343.31,False
940c42b9-0,CUST9C094C,2026-06-28,Dining/Restaurants,POS - LOCAL RESTAURANT,134.1,debit,20209.21,False
7fa11d4d-a,CUST8A117D,2026-01-01,Salary,MONTHLY SALARY CREDIT,28800.0,credit,33295.85,False
141faf93-d,CUST8A117D,2026-01-03,Transportation,CAREEM RIDE,941.42,debit,32354.43,False
5c3d2ac1-6,CUST8A117D,2026-01-04,Groceries,SPINNEYS #895,3492.19,debit,28862.24,False
d1a4e15f-3,CUST8A117D,2026-01-06,Rent/Installment,Monthly Rent Transfer,5592.55,debit,23269.69,False
7171bd45-b,CUST8A117D,2026-01-13,Entertainment,CINEMA TICKET PURCHASE,341.09,debit,22928.6,False
97b366f4-f,CUST8A117D,2026-01-14,Savings Transfer,INTERNAL XFER - SAVINGS,609.33,debit,22319.27,False
83282114-1,CUST8A117D,2026-01-15,Shopping,AMAZON.EG ORDER,618.39,debit,21700.88,False
041104f5-9,CUST8A117D,2026-01-15,Healthcare,PHARMACY PURCHASE,63.69,debit,21637.19,False
de1778ee-4,CUST8A117D,2026-01-16,Utilities,Internet Bill - NBE,1712.74,debit,19924.45,False
7803e181-0,CUST8A117D,2026-01-17,Shopping,MALL PURCHASE - POS,57.22,debit,19867.23,False
0a6e7858-4,CUST8A117D,2026-01-18,Savings Transfer,INTERNAL XFER - SAVINGS,515.94,debit,19351.29,False
e40ed60f-5,CUST8A117D,2026-01-20,Dining/Restaurants,CAFE PURCHASE,1001.4,debit,18349.89,False
ed9c03d1-3,CUST8A117D,2026-01-20,Shopping,MALL PURCHASE - POS,325.85,debit,18024.04,False
8f06f187-b,CUST8A117D,2026-01-20,Healthcare,PHARMACY PURCHASE,50.14,debit,17973.9,False
4492c0ca-b,CUST8A117D,2026-01-21,Transportation,FUEL STATION PURCHASE,426.66,debit,17547.24,False
b7912f72-9,CUST8A117D,2026-01-21,Subscriptions,SPOTIFY AB,445.7,debit,17101.54,False
5faebf43-7,CUST8A117D,2026-01-22,Dining/Restaurants,MCDONALDS #496,1624.05,debit,15477.49,False
2cc89ba2-7,CUST8A117D,2026-01-22,Healthcare,CLINIC VISIT FEE,291.98,debit,15185.51,False
de939e22-d,CUST8A117D,2026-01-25,Entertainment,CINEMA TICKET PURCHASE,242.93,debit,14942.58,False
25d5ab8a-5,CUST8A117D,2026-01-27,Savings Transfer,INTERNAL XFER - SAVINGS,251.86,debit,14690.72,False
f81307ca-3,CUST8A117D,2026-01-28,Groceries,POS PURCHASE - LOCAL MARKET,332.9,debit,14357.82,False
b019764d-0,CUST8A117D,2026-02-01,Salary,MONTHLY SALARY CREDIT,28800.0,credit,43157.82,False
bff79677-6,CUST8A117D,2026-02-03,Savings Transfer,INTERNAL XFER - SAVINGS,742.33,debit,42415.49,False
691daa50-7,CUST8A117D,2026-02-05,Dining/Restaurants,POS - LOCAL RESTAURANT,78.4,debit,42337.09,False
47214b04-5,CUST8A117D,2026-02-07,Groceries,CARREFOUR HYPERMARKET,142.52,debit,42194.57,False
3a2a24e5-c,CUST8A117D,2026-02-08,Dining/Restaurants,POS - LOCAL RESTAURANT,377.64,debit,41816.93,False
c03c9790-9,CUST8A117D,2026-02-09,Entertainment,GAMING STORE PURCHASE,355.79,debit,41461.14,False
c9417356-f,CUST8A117D,2026-02-12,Utilities,Internet Bill - AUTOPAY,1557.01,debit,39904.13,False
a2fe3f43-e,CUST8A117D,2026-02-13,Subscriptions,GYM MEMBERSHIP AUTOPAY,419.8,debit,39484.33,False
d94c3c31-e,CUST8A117D,2026-02-15,Savings Transfer,TRANSFER TO SAVINGS ACCT,670.87,debit,38813.46,False
5798c851-c,CUST8A117D,2026-02-16,Groceries,CARREFOUR HYPERMARKET,372.72,debit,38440.74,False
845b09cc-f,CUST8A117D,2026-02-17,Rent/Installment,Home Loan Installment - ONLINE,6313.84,debit,32126.9,False
fcef7c50-e,CUST8A117D,2026-02-17,Entertainment,GAMING STORE PURCHASE,280.5,debit,31846.4,False
361ba1f1-6,CUST8A117D,2026-02-17,Shopping,AMAZON.EG ORDER,118.12,debit,31728.28,False
09442b7d-b,CUST8A117D,2026-02-17,Healthcare,PHARMACY PURCHASE,322.45,debit,31405.83,False
bff1ed9b-3,CUST8A117D,2026-02-18,Shopping,AMAZON.EG ORDER,610.53,debit,30795.3,False
4a183a95-c,CUST8A117D,2026-02-20,Transportation,CAREEM RIDE,13.8,debit,30781.5,False
faf750f6-4,CUST8A117D,2026-02-20,Healthcare,CLINIC VISIT FEE,106.15,debit,30675.35,False
4b31ce79-d,CUST8A117D,2026-02-21,Transportation,FUEL STATION PURCHASE,282.16,debit,30393.19,False
fff6615b-4,CUST8A117D,2026-02-21,Transportation,CAREEM RIDE,264.95,debit,30128.24,False
5eb4e931-a,CUST8A117D,2026-02-21,Dining/Restaurants,MCDONALDS #834,1363.31,debit,28764.93,False
92b6194d-e,CUST8A117D,2026-02-24,Transportation,CAREEM RIDE,822.45,debit,27942.48,False
58df9f19-d,CUST8A117D,2026-02-27,Groceries,SPINNEYS #773,220.14,debit,27722.34,False
22065a16-4,CUST8A117D,2026-02-27,Shopping,MALL PURCHASE - POS,29.47,debit,27692.87,False
36f3b492-6,CUST8A117D,2026-02-28,Groceries,SPINNEYS #380,3572.06,debit,24120.81,False
75b4db43-c,CUST8A117D,2026-02-28,Dining/Restaurants,POS - LOCAL RESTAURANT,570.17,debit,23550.64,False
2d9d1afd-c,CUST8A117D,2026-02-28,Shopping,AMAZON.EG ORDER,333.92,debit,23216.72,False
a6c04124-e,CUST8A117D,2026-03-02,Salary,MONTHLY SALARY CREDIT,28800.0,credit,52016.72,False
3c31673e-4,CUST8A117D,2026-03-02,Utilities,Internet Bill - AUTOPAY,1506.91,debit,50509.81,False
a832ee6c-c,CUST8A117D,2026-03-02,Transportation,UBER *TRIP 121,191.9,debit,50317.91,False
c82cae4b-8,CUST8A117D,2026-03-03,Savings Transfer,TRANSFER TO SAVINGS ACCT,54.32,debit,50263.59,False
a9dfc19a-3,CUST8A117D,2026-03-05,Transportation,CAREEM RIDE,348.84,debit,49914.75,False
7df211aa-b,CUST8A117D,2026-03-07,Dining/Restaurants,CAFE PURCHASE,186.45,debit,49728.3,False
ef7420a7-5,CUST8A117D,2026-03-07,Savings Transfer,TRANSFER TO SAVINGS ACCT,138.98,debit,49589.32,False
eaf0e4a4-b,CUST8A117D,2026-03-10,Groceries,SPINNEYS #578,1629.9,debit,47959.42,False
db20520a-1,CUST8A117D,2026-03-11,Transportation,FUEL STATION PURCHASE,148.19,debit,47811.23,False
745f5384-6,CUST8A117D,2026-03-11,Dining/Restaurants,MCDONALDS #501,120.23,debit,47691.0,False
d6bec570-d,CUST8A117D,2026-03-14,Shopping,MALL PURCHASE - POS,619.28,debit,47071.72,False
22e23f80-3,CUST8A117D,2026-03-15,Shopping,AMAZON.EG ORDER,194.91,debit,46876.81,False
2ee6c887-8,CUST8A117D,2026-03-16,Dining/Restaurants,CAFE PURCHASE,1857.6,debit,45019.21,False
e7a05c2b-c,CUST8A117D,2026-03-16,Entertainment,GAMING STORE PURCHASE,262.81,debit,44756.4,False
6585b64f-f,CUST8A117D,2026-03-16,Healthcare,CLINIC VISIT FEE,178.82,debit,44577.58,False
2d6871bc-7,CUST8A117D,2026-03-17,Dining/Restaurants,POS - LOCAL RESTAURANT,174.66,debit,44402.92,False
343a13ca-c,CUST8A117D,2026-03-17,Savings Transfer,INTERNAL XFER - SAVINGS,859.95,debit,43542.97,False
d70fc9ce-9,CUST8A117D,2026-03-19,Groceries,SPINNEYS #310,1764.86,debit,41778.11,False
9fb2c450-9,CUST8A117D,2026-03-19,Healthcare,PHARMACY PURCHASE,161.07,debit,41617.04,False
291bd23f-4,CUST8A117D,2026-03-20,Transportation,CAREEM RIDE,701.4,debit,40915.64,False
b0015644-f,CUST8A117D,2026-03-21,Groceries,SPINNEYS #372,510.18,debit,40405.46,False
69e0e605-d,CUST8A117D,2026-03-21,Entertainment,NETFLIX PPV CHARGE,265.74,debit,40139.72,False
d1a0de94-a,CUST8A117D,2026-03-23,Transportation,FUEL STATION PURCHASE,18.32,debit,40121.4,False
992ccf41-e,CUST8A117D,2026-03-23,Savings Transfer,TRANSFER TO SAVINGS ACCT,303.22,debit,39818.18,False
ef570a17-f,CUST8A117D,2026-03-24,Healthcare,CLINIC VISIT FEE,106.84,debit,39711.34,False
153ec67d-b,CUST8A117D,2026-03-26,Rent/Installment,Monthly Rent Transfer,5488.56,debit,34222.78,False
f05351f1-3,CUST8A117D,2026-03-28,Dining/Restaurants,MCDONALDS #537,337.64,debit,33885.14,False
b3b81c96-e,CUST8A117D,2026-03-28,Entertainment,NETFLIX PPV CHARGE,65.7,debit,33819.44,False
8e710a4f-5,CUST8A117D,2026-03-28,Shopping,ONLINE STORE CHECKOUT,235.25,debit,33584.19,False
77f8d3d4-9,CUST8A117D,2026-03-28,Subscriptions,GYM MEMBERSHIP AUTOPAY,382.4,debit,33201.79,False
912fec60-7,CUST8A117D,2026-04-01,Rent/Installment,Home Loan Installment - NBE,5657.16,debit,27544.63,False
9abe8b2e-d,CUST8A117D,2026-04-01,Savings Transfer,TRANSFER TO SAVINGS ACCT,248.63,debit,27296.0,False
05afd2e8-d,CUST8A117D,2026-04-02,Shopping,AMAZON.EG ORDER,910.33,debit,26385.67,False
5ae99796-3,CUST8A117D,2026-04-03,Salary,MONTHLY SALARY CREDIT,28800.0,credit,55185.67,False
0bff715f-7,CUST8A117D,2026-04-07,Groceries,CARREFOUR HYPERMARKET,1836.9,debit,53348.77,False
96ca34ef-f,CUST8A117D,2026-04-08,Transportation,FUEL STATION PURCHASE,671.29,debit,52677.48,False
05f8a73b-2,CUST8A117D,2026-04-08,Healthcare,PHARMACY PURCHASE,204.87,debit,52472.61,False
87616248-a,CUST8A117D,2026-04-09,Dining/Restaurants,POS - LOCAL RESTAURANT,1439.96,debit,51032.65,False
16884a05-6,CUST8A117D,2026-04-12,Entertainment,NETFLIX PPV CHARGE,666.42,debit,50366.23,False
8a2b57c1-3,CUST8A117D,2026-04-12,Shopping,AMAZON.EG ORDER,129.09,debit,50237.14,False
a150f45f-9,CUST8A117D,2026-04-13,Subscriptions,SPOTIFY AB,430.2,debit,49806.94,False
3fe6659f-5,CUST8A117D,2026-04-13,Healthcare,CLINIC VISIT FEE,132.94,debit,49674.0,False
b392a71e-d,CUST8A117D,2026-04-14,Groceries,SPINNEYS #775,909.2,debit,48764.8,False
2ec73289-f,CUST8A117D,2026-04-15,Utilities,Internet Bill - ONLINE,1563.79,debit,47201.01,False
adee198a-6,CUST8A117D,2026-04-17,Groceries,SPINNEYS #573,295.17,debit,46905.84,False
046f9d82-1,CUST8A117D,2026-04-18,Dining/Restaurants,CAFE PURCHASE,143.32,debit,46762.52,False
4ff38640-8,CUST8A117D,2026-04-20,Transportation,UBER *TRIP 293,662.01,debit,46100.51,False
40647f37-0,CUST8A117D,2026-04-20,Dining/Restaurants,CAFE PURCHASE,504.67,debit,45595.84,False
dede93df-c,CUST8A117D,2026-04-21,Entertainment,CINEMA TICKET PURCHASE,16.43,debit,45579.41,False
84d1e4b9-7,CUST8A117D,2026-04-21,Healthcare,LAB TEST PAYMENT,33.31,debit,45546.1,False
d39f6d2d-3,CUST8A117D,2026-04-22,Savings Transfer,INTERNAL XFER - SAVINGS,1021.89,debit,44524.21,False
1f0879a2-1,CUST8A117D,2026-04-23,Groceries,POS PURCHASE - LOCAL MARKET,1120.57,debit,43403.64,False
61750136-e,CUST8A117D,2026-04-24,Dining/Restaurants,CAFE PURCHASE,680.13,debit,42723.51,False
0e325e4b-0,CUST8A117D,2026-04-27,Entertainment,NETFLIX PPV CHARGE,5.0,debit,42718.51,False
8cbc0516-b,CUST8A117D,2026-04-28,Transportation,CAREEM RIDE,48.16,debit,42670.35,False
641cd4fb-f,CUST8A117D,2026-05-02,Savings Transfer,TRANSFER TO SAVINGS ACCT,267.22,debit,42403.13,False
3705a098-a,CUST8A117D,2026-05-03,Salary,MONTHLY SALARY CREDIT,28800.0,credit,71203.13,False
b95dd387-e,CUST8A117D,2026-05-03,Rent/Installment,Monthly Rent Transfer,5650.09,debit,65553.04,False
7f0dab67-9,CUST8A117D,2026-05-04,Shopping,ONLINE STORE CHECKOUT,588.24,debit,64964.8,False
2fb2351d-9,CUST8A117D,2026-05-04,Savings Transfer,INTERNAL XFER - SAVINGS,117.67,debit,64847.13,False
4a13b781-0,CUST8A117D,2026-05-05,Utilities,ELECTRICITY BILL PMT,1415.44,debit,63431.69,False
3b85b7e7-4,CUST8A117D,2026-05-07,Entertainment,GAMING STORE PURCHASE,282.3,debit,63149.39,False
a8a4261f-5,CUST8A117D,2026-05-08,Dining/Restaurants,CAFE PURCHASE,1099.56,debit,62049.83,False
5c6270e0-7,CUST8A117D,2026-05-10,Savings Transfer,INTERNAL XFER - SAVINGS,19.82,debit,62030.01,False
e71f7929-e,CUST8A117D,2026-05-10,Savings Transfer,INTERNAL XFER - SAVINGS,120.57,debit,61909.44,False
d0244876-f,CUST8A117D,2026-05-11,Dining/Restaurants,CAFE PURCHASE,163.64,debit,61745.8,False
57277091-9,CUST8A117D,2026-05-11,Subscriptions,GYM MEMBERSHIP AUTOPAY,381.9,debit,61363.9,False
b44865b5-2,CUST8A117D,2026-05-11,Healthcare,CLINIC VISIT FEE,158.79,debit,61205.11,False
30a44715-b,CUST8A117D,2026-05-12,Transportation,CAREEM RIDE,65.11,debit,61140.0,False
a7c524a4-d,CUST8A117D,2026-05-12,Transportation,CAREEM RIDE,104.74,debit,61035.26,False
e969883e-1,CUST8A117D,2026-05-15,Shopping,ONLINE STORE CHECKOUT,16.16,debit,61019.1,False
de0c8a98-5,CUST8A117D,2026-05-16,Entertainment,CINEMA TICKET PURCHASE,325.82,debit,60693.28,False
3660998a-5,CUST8A117D,2026-05-17,Savings Transfer,TRANSFER TO SAVINGS ACCT,805.54,debit,59887.74,False
5a391a6b-f,CUST8A117D,2026-05-23,Groceries,SPINNEYS #629,3062.27,debit,56825.47,False
6ee7b54e-9,CUST8A117D,2026-05-23,Transportation,CAREEM RIDE,994.53,debit,55830.94,False
940c1eb8-8,CUST8A117D,2026-05-24,Dining/Restaurants,MCDONALDS #377,1398.61,debit,54432.33,False
57aee30d-d,CUST8A117D,2026-05-24,Healthcare,LAB TEST PAYMENT,214.99,debit,54217.34,False
e7126ef0-3,CUST8A117D,2026-05-26,Groceries,CARREFOUR HYPERMARKET,255.04,debit,53962.3,False
9cbe44a7-3,CUST8A117D,2026-05-26,Shopping,ONLINE STORE CHECKOUT,132.23,debit,53830.07,False
71f5a6e6-e,CUST8A117D,2026-05-28,Groceries,CARREFOUR HYPERMARKET,1058.72,debit,52771.35,False
fe4dde4a-9,CUST8A117D,2026-05-28,Shopping,MALL PURCHASE - POS,265.69,debit,52505.66,False
7cad8900-5,CUST8A117D,2026-06-02,Salary,MONTHLY SALARY CREDIT,28800.0,credit,81305.66,False
f3ec1f3d-e,CUST8A117D,2026-06-02,Healthcare,LAB TEST PAYMENT,131.16,debit,81174.5,False
0c1d4a4c-1,CUST8A117D,2026-06-03,Savings Transfer,INTERNAL XFER - SAVINGS,384.27,debit,80790.23,False
db42d585-9,CUST8A117D,2026-06-04,Transportation,UBER *TRIP 322,463.01,debit,80327.22,False
6bca1378-a,CUST8A117D,2026-06-04,Shopping,ONLINE STORE CHECKOUT,379.06,debit,79948.16,False
05c493d9-1,CUST8A117D,2026-06-05,Groceries,SPINNEYS #549,61.79,debit,79886.37,False
81b244ad-8,CUST8A117D,2026-06-05,Dining/Restaurants,MCDONALDS #794,999.39,debit,78886.98,False
a4318d34-b,CUST8A117D,2026-06-08,Entertainment,NETFLIX PPV CHARGE,93.02,debit,78793.96,False
c3757132-7,CUST8A117D,2026-06-08,Shopping,MALL PURCHASE - POS,61.09,debit,78732.87,False
e544fde0-9,CUST8A117D,2026-06-09,Entertainment,GAMING STORE PURCHASE,75.22,debit,78657.65,False
228a84f9-4,CUST8A117D,2026-06-09,Shopping,AMAZON.EG ORDER,467.8,debit,78189.85,False
e0668b43-7,CUST8A117D,2026-06-10,Groceries,SPINNEYS #886,1683.61,debit,76506.24,False
be8ea91b-d,CUST8A117D,2026-06-10,Shopping,MALL PURCHASE - POS,131.33,debit,76374.91,False
a3e82cef-4,CUST8A117D,2026-06-11,Dining/Restaurants,POS - LOCAL RESTAURANT,44.28,debit,76330.63,False
d710d317-7,CUST8A117D,2026-06-11,Subscriptions,SPOTIFY AB,427.21,debit,75903.42,False
a7f7785e-d,CUST8A117D,2026-06-11,Savings Transfer,INTERNAL XFER - SAVINGS,924.08,debit,74979.34,False
b1a93d18-f,CUST8A117D,2026-06-12,Healthcare,PHARMACY PURCHASE,16.04,debit,74963.3,False
2b617932-5,CUST8A117D,2026-06-13,Entertainment,NETFLIX PPV CHARGE,102.91,debit,74860.39,False
03ffbb82-e,CUST8A117D,2026-06-14,Rent/Installment,Monthly Rent Transfer,6319.51,debit,68540.88,False
b3b99a42-e,CUST8A117D,2026-06-15,Transportation,UBER *TRIP 971,637.62,debit,67903.26,False
acf11048-2,CUST8A117D,2026-06-18,Dining/Restaurants,POS - LOCAL RESTAURANT,117.28,debit,67785.98,False
37d47f08-5,CUST8A117D,2026-06-19,Healthcare,PHARMACY PURCHASE,5.0,debit,67780.98,False
4c4407b8-5,CUST8A117D,2026-06-20,Utilities,Internet Bill - NBE,1653.91,debit,66127.07,False
2cf8f318-a,CUST8A117D,2026-06-21,Groceries,SPINNEYS #604,1922.94,debit,64204.13,False
79652c05-a,CUST8A117D,2026-06-24,Transportation,FUEL STATION PURCHASE,150.96,debit,64053.17,False
7268291d-8,CUST8A117D,2026-06-24,Dining/Restaurants,POS - LOCAL RESTAURANT,579.65,debit,63473.52,False
27047e16-2,CUST8A117D,2026-06-24,Dining/Restaurants,MCDONALDS #546,859.92,debit,62613.6,False
fda39b2c-5,CUST8A117D,2026-06-25,Groceries,POS PURCHASE - LOCAL MARKET,242.48,debit,62371.12,False
bfd761a5-e,CUST8A117D,2026-06-25,Entertainment,NETFLIX PPV CHARGE,126.8,debit,62244.32,False
abdcee69-e,CUST8A117D,2026-06-25,Entertainment,CINEMA TICKET PURCHASE,205.94,debit,62038.38,False
0e794d0c-f,CUST8A117D,2026-06-26,Healthcare,LAB TEST PAYMENT,91.19,debit,61947.19,False
7c6de901-b,CUST8A117D,2026-06-27,Shopping,AMAZON.EG ORDER,12.37,debit,61934.82,False
5635a134-6,CUST8A117D,2026-06-28,Healthcare,CLINIC VISIT FEE,206.1,debit,61728.72,False
870389d7-e,CUSTD37AE3,2026-01-02,Salary,MONTHLY SALARY CREDIT,21600.0,credit,33557.46,False
0af664e3-e,CUSTD37AE3,2026-01-02,Groceries,POS PURCHASE - LOCAL MARKET,809.99,debit,32747.47,False
effd6c0a-8,CUSTD37AE3,2026-01-02,Transportation,UBER *TRIP 102,324.63,debit,32422.84,False
87f797d6-2,CUSTD37AE3,2026-01-03,Dining/Restaurants,CAFE PURCHASE,1928.44,debit,30494.4,False
d1376fd4-c,CUSTD37AE3,2026-01-03,Entertainment,CINEMA TICKET PURCHASE,461.11,debit,30033.29,False
e02ce6e2-0,CUSTD37AE3,2026-01-03,Subscriptions,GYM MEMBERSHIP AUTOPAY,611.24,debit,29422.05,False
43cd785e-9,CUSTD37AE3,2026-01-05,Entertainment,GAMING STORE PURCHASE,366.37,debit,29055.68,False
4882fbb5-c,CUSTD37AE3,2026-01-05,Savings Transfer,INTERNAL XFER - SAVINGS,409.91,debit,28645.77,False
6c0a4e45-a,CUSTD37AE3,2026-01-06,Groceries,SPINNEYS #391,1014.3,debit,27631.47,False
d403ccb2-e,CUSTD37AE3,2026-01-07,Dining/Restaurants,CAFE PURCHASE,103.5,debit,27527.97,False
e518eb1a-f,CUSTD37AE3,2026-01-07,Healthcare,LAB TEST PAYMENT,245.93,debit,27282.04,False
ae4d789c-c,CUSTD37AE3,2026-01-08,Entertainment,NETFLIX PPV CHARGE,176.11,debit,27105.93,False
efef5cb2-c,CUSTD37AE3,2026-01-10,Healthcare,CLINIC VISIT FEE,37.05,debit,27068.88,False
aa937f5a-7,CUSTD37AE3,2026-01-11,Healthcare,PHARMACY PURCHASE,417.49,debit,26651.39,False
2bb30e4d-c,CUSTD37AE3,2026-01-12,Groceries,CARREFOUR HYPERMARKET,186.69,debit,26464.7,False
f458093c-8,CUSTD37AE3,2026-01-13,Savings Transfer,INTERNAL XFER - SAVINGS,523.35,debit,25941.35,False
5917d4c7-5,CUSTD37AE3,2026-01-14,Transportation,UBER *TRIP 611,986.68,debit,24954.67,False
ca2b6265-b,CUSTD37AE3,2026-01-15,Dining/Restaurants,CAFE PURCHASE,11.68,debit,24942.99,False
af4c348d-9,CUSTD37AE3,2026-01-15,Shopping,ONLINE STORE CHECKOUT,901.65,debit,24041.34,False
d4d06fe2-6,CUSTD37AE3,2026-01-16,Entertainment,NETFLIX PPV CHARGE,210.29,debit,23831.05,False
31cbf6b1-9,CUSTD37AE3,2026-01-17,Healthcare,CLINIC VISIT FEE,262.54,debit,23568.51,False
6d384569-4,CUSTD37AE3,2026-01-18,Shopping,AMAZON.EG ORDER,50.36,debit,23518.15,False
18cf8d84-d,CUSTD37AE3,2026-01-19,Rent/Installment,Monthly Rent Transfer,5621.28,debit,17896.87,False
acde052e-8,CUSTD37AE3,2026-01-19,Savings Transfer,INTERNAL XFER - SAVINGS,259.83,debit,17637.04,False
fa8bb1f9-e,CUSTD37AE3,2026-01-20,Shopping,MALL PURCHASE - POS,316.2,debit,17320.84,False
f9e786fb-c,CUSTD37AE3,2026-01-22,Utilities,ELECTRICITY BILL PMT,995.11,debit,16325.73,False
be2441ba-8,CUSTD37AE3,2026-01-22,Transportation,UBER *TRIP 656,83.06,debit,16242.67,False
471616df-3,CUSTD37AE3,2026-01-24,Entertainment,NETFLIX PPV CHARGE,128.3,debit,16114.37,False
bb402003-0,CUSTD37AE3,2026-01-25,Shopping,AMAZON.EG ORDER,411.15,debit,15703.22,False
cfa57319-f,CUSTD37AE3,2026-01-25,Savings Transfer,TRANSFER TO SAVINGS ACCT,173.94,debit,15529.28,False
072e7bf5-5,CUSTD37AE3,2026-01-26,Savings Transfer,TRANSFER TO SAVINGS ACCT,724.53,debit,14804.75,False
7b20dae5-6,CUSTD37AE3,2026-02-01,Shopping,MALL PURCHASE - POS,18.86,debit,14785.89,False
73e96426-d,CUSTD37AE3,2026-02-02,Shopping,AMAZON.EG ORDER,146.56,debit,14639.33,False
b50c0a30-1,CUSTD37AE3,2026-02-02,Savings Transfer,TRANSFER TO SAVINGS ACCT,5.0,debit,14634.33,False
b0121037-c,CUSTD37AE3,2026-02-02,Savings Transfer,TRANSFER TO SAVINGS ACCT,1095.18,debit,13539.15,False
87b130c7-b,CUSTD37AE3,2026-02-03,Salary,MONTHLY SALARY CREDIT,21600.0,credit,35139.15,False
7d210758-b,CUSTD37AE3,2026-02-04,Entertainment,NETFLIX PPV CHARGE,12.24,debit,35126.91,False
0a7f28f4-4,CUSTD37AE3,2026-02-05,Rent/Installment,Monthly Rent Transfer,5802.23,debit,29324.68,False
375be6ca-5,CUSTD37AE3,2026-02-05,Dining/Restaurants,POS - LOCAL RESTAURANT,256.84,debit,29067.84,False
84a85cbb-3,CUSTD37AE3,2026-02-05,Savings Transfer,TRANSFER TO SAVINGS ACCT,906.03,debit,28161.81,False
f1cfd20a-8,CUSTD37AE3,2026-02-06,Entertainment,CINEMA TICKET PURCHASE,766.26,debit,27395.55,False
a39def3d-a,CUSTD37AE3,2026-02-06,Healthcare,CLINIC VISIT FEE,74.64,debit,27320.91,False
8243d0de-5,CUSTD37AE3,2026-02-07,Groceries,CARREFOUR HYPERMARKET,263.08,debit,27057.83,False
a497973a-f,CUSTD37AE3,2026-02-07,Entertainment,NETFLIX PPV CHARGE,248.6,debit,26809.23,False
71d2b4c7-6,CUSTD37AE3,2026-02-12,Dining/Restaurants,POS - LOCAL RESTAURANT,1342.13,debit,25467.1,False
c55af916-1,CUSTD37AE3,2026-02-12,Dining/Restaurants,POS - LOCAL RESTAURANT,7.19,debit,25459.91,False
fcd53171-b,CUSTD37AE3,2026-02-13,Transportation,FUEL STATION PURCHASE,96.5,debit,25363.41,False
f85d45f4-5,CUSTD37AE3,2026-02-14,Healthcare,CLINIC VISIT FEE,77.61,debit,25285.8,False
f9222198-b,CUSTD37AE3,2026-02-15,Entertainment,CINEMA TICKET PURCHASE,281.03,debit,25004.77,False
59abf720-7,CUSTD37AE3,2026-02-16,Dining/Restaurants,CAFE PURCHASE,430.8,debit,24573.97,False
1ae033ed-2,CUSTD37AE3,2026-02-17,Groceries,SPINNEYS #603,657.13,debit,23916.84,False
4ec33056-9,CUSTD37AE3,2026-02-17,Shopping,MALL PURCHASE - POS,109.34,debit,23807.5,False
591f534e-7,CUSTD37AE3,2026-02-18,Groceries,SPINNEYS #154,170.8,debit,23636.7,False
6eae28df-4,CUSTD37AE3,2026-02-18,Dining/Restaurants,CAFE PURCHASE,22.38,debit,23614.32,False
477609c7-8,CUSTD37AE3,2026-02-21,Shopping,ONLINE STORE CHECKOUT,395.08,debit,23219.24,False
0b2c22f8-9,CUSTD37AE3,2026-02-21,Shopping,AMAZON.EG ORDER,799.38,debit,22419.86,False
f1fdde5c-0,CUSTD37AE3,2026-02-22,Groceries,POS PURCHASE - LOCAL MARKET,638.93,debit,21780.93,False
1ca85471-4,CUSTD37AE3,2026-02-23,Groceries,POS PURCHASE - LOCAL MARKET,185.16,debit,21595.77,False
38d3bbbe-0,CUSTD37AE3,2026-02-23,Healthcare,LAB TEST PAYMENT,813.28,debit,20782.49,False
8d60fb7e-e,CUSTD37AE3,2026-02-23,Healthcare,LAB TEST PAYMENT,10.85,debit,20771.64,False
cb673661-5,CUSTD37AE3,2026-02-25,Utilities,Internet Bill - ONLINE,973.1,debit,19798.54,False
feb875c5-e,CUSTD37AE3,2026-02-26,Transportation,CAREEM RIDE,1248.26,debit,18550.28,False
25af3c96-e,CUSTD37AE3,2026-02-28,Subscriptions,GYM MEMBERSHIP AUTOPAY,609.88,debit,17940.4,False
947ddf33-2,CUSTD37AE3,2026-03-02,Salary,MONTHLY SALARY CREDIT,21600.0,credit,39540.4,False
30cae856-f,CUSTD37AE3,2026-03-02,Groceries,SPINNEYS #988,321.7,debit,39218.7,False
62f04f62-0,CUSTD37AE3,2026-03-02,Shopping,AMAZON.EG ORDER,341.68,debit,38877.02,False
50777f64-8,CUSTD37AE3,2026-03-04,Groceries,CARREFOUR HYPERMARKET,484.82,debit,38392.2,False
16e57c7b-d,CUSTD37AE3,2026-03-05,Dining/Restaurants,POS - LOCAL RESTAURANT,1775.15,debit,36617.05,False
979086ee-c,CUSTD37AE3,2026-03-07,Groceries,SPINNEYS #615,303.17,debit,36313.88,False
4d5f0b1b-b,CUSTD37AE3,2026-03-09,Savings Transfer,INTERNAL XFER - SAVINGS,38.03,debit,36275.85,False
7735a454-c,CUSTD37AE3,2026-03-10,Transportation,CAREEM RIDE,14.39,debit,36261.46,False
f35a961c-f,CUSTD37AE3,2026-03-10,Dining/Restaurants,MCDONALDS #184,339.09,debit,35922.37,False
b1516847-9,CUSTD37AE3,2026-03-11,Entertainment,GAMING STORE PURCHASE,223.68,debit,35698.69,False
e4f04cf5-6,CUSTD37AE3,2026-03-11,Entertainment,NETFLIX PPV CHARGE,754.5,debit,34944.19,False
df2b0db8-d,CUSTD37AE3,2026-03-11,Shopping,AMAZON.EG ORDER,164.4,debit,34779.79,False
cb838580-9,CUSTD37AE3,2026-03-11,Savings Transfer,INTERNAL XFER - SAVINGS,307.41,debit,34472.38,False
6a14ec98-3,CUSTD37AE3,2026-03-12,Groceries,POS PURCHASE - LOCAL MARKET,996.31,debit,33476.07,False
434141fb-8,CUSTD37AE3,2026-03-12,Subscriptions,GYM MEMBERSHIP AUTOPAY,682.4,debit,32793.67,False
c8d27b83-9,CUSTD37AE3,2026-03-13,Transportation,FUEL STATION PURCHASE,503.61,debit,32290.06,False
4ed2140c-a,CUSTD37AE3,2026-03-13,Entertainment,CINEMA TICKET PURCHASE,54.2,debit,32235.86,False
02b9b2af-b,CUSTD37AE3,2026-03-13,Shopping,ONLINE STORE CHECKOUT,1048.46,debit,31187.4,False
661fea30-1,CUSTD37AE3,2026-03-14,Transportation,UBER *TRIP 111,304.44,debit,30882.96,False
3c07cc2f-9,CUSTD37AE3,2026-03-15,Healthcare,LAB TEST PAYMENT,272.81,debit,30610.15,False
6f4c85d4-7,CUSTD37AE3,2026-03-23,Healthcare,LAB TEST PAYMENT,291.39,debit,30318.76,False
1a1fc8d9-3,CUSTD37AE3,2026-03-23,Savings Transfer,INTERNAL XFER - SAVINGS,1932.31,debit,28386.45,False
2fe9ac5f-a,CUSTD37AE3,2026-03-25,Utilities,WATER CO. AUTOPAY,1042.32,debit,27344.13,False
e82e217b-7,CUSTD37AE3,2026-03-25,Transportation,UBER *TRIP 243,200.53,debit,27143.6,False
9d7868c9-e,CUSTD37AE3,2026-03-25,Entertainment,CINEMA TICKET PURCHASE,221.24,debit,26922.36,False
96cf235a-b,CUSTD37AE3,2026-03-25,Healthcare,PHARMACY PURCHASE,43.75,debit,26878.61,False
0057657a-b,CUSTD37AE3,2026-03-26,Dining/Restaurants,MCDONALDS #283,73.45,debit,26805.16,False
439c35e5-2,CUSTD37AE3,2026-03-26,Healthcare,PHARMACY PURCHASE,396.75,debit,26408.41,False
598d54b1-5,CUSTD37AE3,2026-03-26,Healthcare,PHARMACY PURCHASE,45.22,debit,26363.19,False
5e7209e0-a,CUSTD37AE3,2026-03-27,Rent/Installment,Monthly Rent Transfer,6145.59,debit,20217.6,False
1fef8fe2-d,CUSTD37AE3,2026-03-27,Transportation,CAREEM RIDE,355.68,debit,19861.92,False
729ee55b-2,CUSTD37AE3,2026-04-01,Entertainment,GAMING STORE PURCHASE,581.71,debit,19280.21,False
0ce0a00e-1,CUSTD37AE3,2026-04-02,Salary,MONTHLY SALARY CREDIT,21600.0,credit,40880.21,False
9b558e85-d,CUSTD37AE3,2026-04-02,Groceries,SPINNEYS #170,224.19,debit,40656.02,False
645802bc-e,CUSTD37AE3,2026-04-02,Entertainment,CINEMA TICKET PURCHASE,262.4,debit,40393.62,False
d56f6d27-4,CUSTD37AE3,2026-04-02,Savings Transfer,INTERNAL XFER - SAVINGS,87.11,debit,40306.51,False
669493e3-e,CUSTD37AE3,2026-04-03,Groceries,SPINNEYS #827,911.15,debit,39395.36,False
d3d5bf7d-9,CUSTD37AE3,2026-04-03,Shopping,MALL PURCHASE - POS,489.42,debit,38905.94,False
11d191cb-e,CUSTD37AE3,2026-04-03,Healthcare,PHARMACY PURCHASE,109.43,debit,38796.51,False
be96b59a-0,CUSTD37AE3,2026-04-04,Transportation,UBER *TRIP 721,1056.64,debit,37739.87,False
8bda3e25-9,CUSTD37AE3,2026-04-07,Rent/Installment,ACH DEBIT - RENT PAYMENT,6297.46,debit,31442.41,False
8706fadd-8,CUSTD37AE3,2026-04-07,Transportation,CAREEM RIDE,299.66,debit,31142.75,False
db4c9a52-2,CUSTD37AE3,2026-04-07,Dining/Restaurants,POS - LOCAL RESTAURANT,40.48,debit,31102.27,False
2d7d691f-c,CUSTD37AE3,2026-04-08,Utilities,ELECTRICITY BILL PMT,1068.15,debit,30034.12,False
e0589163-3,CUSTD37AE3,2026-04-08,Dining/Restaurants,MCDONALDS #423,422.06,debit,29612.06,False
45d2c47f-c,CUSTD37AE3,2026-04-08,Healthcare,PHARMACY PURCHASE,451.44,debit,29160.62,False
244707bd-d,CUSTD37AE3,2026-04-15,Entertainment,NETFLIX PPV CHARGE,136.99,debit,29023.63,False
0e51f68e-2,CUSTD37AE3,2026-04-16,Savings Transfer,TRANSFER TO SAVINGS ACCT,490.96,debit,28532.67,False
8e5b5804-1,CUSTD37AE3,2026-04-17,Subscriptions,NETFLIX.COM SUBSCRIPTION,617.17,debit,27915.5,False
c06327a3-f,CUSTD37AE3,2026-04-19,Groceries,CARREFOUR HYPERMARKET,150.55,debit,27764.95,False
0d2b0929-b,CUSTD37AE3,2026-04-20,Savings Transfer,INTERNAL XFER - SAVINGS,115.88,debit,27649.07,False
7a6db5f3-d,CUSTD37AE3,2026-04-21,Entertainment,CINEMA TICKET PURCHASE,165.08,debit,27483.99,False
423bbb06-2,CUSTD37AE3,2026-04-21,Shopping,ONLINE STORE CHECKOUT,195.99,debit,27288.0,False
41e8b42e-4,CUSTD37AE3,2026-04-21,Savings Transfer,INTERNAL XFER - SAVINGS,597.16,debit,26690.84,False
76d59778-e,CUSTD37AE3,2026-04-22,Groceries,SPINNEYS #856,645.82,debit,26045.02,False
4778a358-1,CUSTD37AE3,2026-04-23,Dining/Restaurants,POS - LOCAL RESTAURANT,1615.73,debit,24429.29,False
5df0aedf-f,CUSTD37AE3,2026-04-23,Savings Transfer,INTERNAL XFER - SAVINGS,693.81,debit,23735.48,False
e2cee85b-8,CUSTD37AE3,2026-04-24,Healthcare,PHARMACY PURCHASE,36.38,debit,23699.1,False
3bb60086-d,CUSTD37AE3,2026-04-24,Healthcare,CLINIC VISIT FEE,391.08,debit,23308.02,False
0c21756e-c,CUSTD37AE3,2026-04-26,Shopping,AMAZON.EG ORDER,843.84,debit,22464.18,False
322efe32-6,CUSTD37AE3,2026-05-01,Salary,MONTHLY SALARY CREDIT,21600.0,credit,44064.18,False
6e2938be-d,CUSTD37AE3,2026-05-01,Shopping,MALL PURCHASE - POS,711.42,debit,43352.76,False
292588db-1,CUSTD37AE3,2026-05-01,Healthcare,CLINIC VISIT FEE,508.71,debit,42844.05,False
e6a11e3b-7,CUSTD37AE3,2026-05-03,Entertainment,GAMING STORE PURCHASE,773.24,debit,42070.81,False
45df9853-a,CUSTD37AE3,2026-05-04,Healthcare,LAB TEST PAYMENT,114.89,debit,41955.92,False
832210f6-6,CUSTD37AE3,2026-05-11,Rent/Installment,Monthly Rent Transfer,6789.98,debit,35165.94,False
09c4fc54-1,CUSTD37AE3,2026-05-12,Savings Transfer,TRANSFER TO SAVINGS ACCT,20.14,debit,35145.8,False
5473900a-9,CUSTD37AE3,2026-05-13,Groceries,CARREFOUR HYPERMARKET,1277.66,debit,33868.14,False
e2c5ce3c-b,CUSTD37AE3,2026-05-13,Shopping,ONLINE STORE CHECKOUT,717.92,debit,33150.22,False
1e05cc71-2,CUSTD37AE3,2026-05-14,Dining/Restaurants,CAFE PURCHASE,256.67,debit,32893.55,False
3a617ea8-9,CUSTD37AE3,2026-05-16,Groceries,POS PURCHASE - LOCAL MARKET,938.39,debit,31955.16,False
6de35e25-1,CUSTD37AE3,2026-05-16,Subscriptions,SPOTIFY AB,628.67,debit,31326.49,False
2b93eaae-8,CUSTD37AE3,2026-05-20,Healthcare,CLINIC VISIT FEE,223.28,debit,31103.21,False
9e97a5ff-6,CUSTD37AE3,2026-05-21,Entertainment,CINEMA TICKET PURCHASE,5.0,debit,31098.21,False
f7a22db0-2,CUSTD37AE3,2026-05-21,Healthcare,LAB TEST PAYMENT,5.0,debit,31093.21,False
519e7e11-c,CUSTD37AE3,2026-05-21,Healthcare,CLINIC VISIT FEE,36.52,debit,31056.69,False
c18c4b7e-2,CUSTD37AE3,2026-05-22,Utilities,WATER CO. AUTOPAY,1019.08,debit,30037.61,False
9bb6ded3-d,CUSTD37AE3,2026-05-22,Transportation,CAREEM RIDE,554.93,debit,29482.68,False
b481cb5f-9,CUSTD37AE3,2026-05-22,Shopping,ONLINE STORE CHECKOUT,7.67,debit,29475.01,False
8358afbb-3,CUSTD37AE3,2026-05-24,Dining/Restaurants,MCDONALDS #127,1859.68,debit,27615.33,False
9944477a-1,CUSTD37AE3,2026-05-25,Transportation,UBER *TRIP 950,173.22,debit,27442.11,False
490bb0ff-c,CUSTD37AE3,2026-05-27,Transportation,UBER *TRIP 520,596.16,debit,26845.95,False
2755f08e-3,CUSTD37AE3,2026-05-27,Savings Transfer,TRANSFER TO SAVINGS ACCT,2097.44,debit,24748.51,False
c7b1b1d4-a,CUSTD37AE3,2026-05-28,Entertainment,GAMING STORE PURCHASE,593.34,debit,24155.17,False
56e81983-1,CUSTD37AE3,2026-06-01,Healthcare,PHARMACY PURCHASE,757.22,debit,23397.95,True
35ab67bc-9,CUSTD37AE3,2026-06-02,Salary,MONTHLY SALARY CREDIT,21600.0,credit,44997.95,False
d8d8ccd1-1,CUSTD37AE3,2026-06-04,Healthcare,CLINIC VISIT FEE,587.22,debit,44410.73,True
899af0bd-4,CUSTD37AE3,2026-06-06,Healthcare,PHARMACY PURCHASE,1174.4,debit,43236.33,True
82b85714-b,CUSTD37AE3,2026-06-07,Groceries,SPINNEYS #654,823.46,debit,42412.87,False
a7311aed-d,CUSTD37AE3,2026-06-07,Savings Transfer,TRANSFER TO SAVINGS ACCT,568.52,debit,41844.35,False
b464facf-2,CUSTD37AE3,2026-06-08,Healthcare,PHARMACY PURCHASE,219.31,debit,41625.04,True
323511fe-d,CUSTD37AE3,2026-06-09,Subscriptions,SPOTIFY AB,690.86,debit,40934.18,False
bdb43243-4,CUSTD37AE3,2026-06-10,Utilities,Internet Bill - ONLINE,1017.53,debit,39916.65,False
2e362984-2,CUSTD37AE3,2026-06-10,Savings Transfer,TRANSFER TO SAVINGS ACCT,226.83,debit,39689.82,False
7aa34d06-2,CUSTD37AE3,2026-06-11,Savings Transfer,TRANSFER TO SAVINGS ACCT,500.49,debit,39189.33,False
308e4cf5-9,CUSTD37AE3,2026-06-12,Entertainment,CINEMA TICKET PURCHASE,1555.59,debit,37633.74,True
47e34de7-2,CUSTD37AE3,2026-06-12,Shopping,AMAZON.EG ORDER,1910.23,debit,35723.51,True
946acd42-f,CUSTD37AE3,2026-06-13,Dining/Restaurants,POS - LOCAL RESTAURANT,400.74,debit,35322.77,True
76f7a4c7-a,CUSTD37AE3,2026-06-15,Groceries,POS PURCHASE - LOCAL MARKET,94.73,debit,35228.04,False
62dc3002-d,CUSTD37AE3,2026-06-15,Healthcare,LAB TEST PAYMENT,243.14,debit,34984.9,True
1b84b099-b,CUSTD37AE3,2026-06-16,Savings Transfer,INTERNAL XFER - SAVINGS,654.18,debit,34330.72,False
d4f43c7d-9,CUSTD37AE3,2026-06-17,Groceries,SPINNEYS #754,128.66,debit,34202.06,False
740ef212-7,CUSTD37AE3,2026-06-17,Shopping,ONLINE STORE CHECKOUT,154.16,debit,34047.9,True
71e568f9-8,CUSTD37AE3,2026-06-18,Groceries,CARREFOUR HYPERMARKET,1063.79,debit,32984.11,False
98904d4b-5,CUSTD37AE3,2026-06-18,Transportation,UBER *TRIP 481,645.7,debit,32338.41,False
4c505fce-0,CUSTD37AE3,2026-06-19,Dining/Restaurants,MCDONALDS #252,911.21,debit,31427.2,True
888e1e9a-2,CUSTD37AE3,2026-06-19,Entertainment,GAMING STORE PURCHASE,2050.3,debit,29376.9,True
1bf1d0c2-5,CUSTD37AE3,2026-06-20,Transportation,UBER *TRIP 482,351.71,debit,29025.19,False
909c2b76-f,CUSTD37AE3,2026-06-20,Transportation,FUEL STATION PURCHASE,251.08,debit,28774.11,False
1f0da104-0,CUSTD37AE3,2026-06-20,Transportation,FUEL STATION PURCHASE,26.33,debit,28747.78,False
3aa17ee5-c,CUSTD37AE3,2026-06-20,Dining/Restaurants,MCDONALDS #163,4468.1,debit,24279.68,True
8a944660-2,CUSTD37AE3,2026-06-20,Shopping,ONLINE STORE CHECKOUT,1395.83,debit,22883.85,True
7adfbb91-6,CUSTD37AE3,2026-06-21,Transportation,FUEL STATION PURCHASE,66.89,debit,22816.96,False
277e5950-1,CUSTD37AE3,2026-06-23,Shopping,AMAZON.EG ORDER,329.23,debit,22487.73,True
b8f9b0aa-e,CUSTD37AE3,2026-06-24,Rent/Installment,Monthly Rent Transfer,5874.23,debit,16613.5,False
890ebd10-6,CUSTD37AE3,2026-06-25,Savings Transfer,TRANSFER TO SAVINGS ACCT,118.43,debit,16495.07,False
d37a455a-c,CUSTD37AE3,2026-06-27,Shopping,MALL PURCHASE - POS,102.92,debit,16392.15,True
504acfdc-5,CUST0B8EBF,2026-01-01,Salary,MONTHLY SALARY CREDIT,15000.0,credit,23537.76,False
633c2ea0-4,CUST0B8EBF,2026-01-02,Transportation,FUEL STATION PURCHASE,453.56,debit,23084.2,False
61041e49-a,CUST0B8EBF,2026-01-02,Subscriptions,GYM MEMBERSHIP AUTOPAY,326.9,debit,22757.3,False
44c727ed-6,CUST0B8EBF,2026-01-05,Dining/Restaurants,MCDONALDS #101,198.51,debit,22558.79,False
f2d5c9e1-9,CUST0B8EBF,2026-01-05,Entertainment,GAMING STORE PURCHASE,224.86,debit,22333.93,False
ce313cc0-5,CUST0B8EBF,2026-01-06,Healthcare,PHARMACY PURCHASE,36.26,debit,22297.67,False
54bcbf0a-9,CUST0B8EBF,2026-01-09,Transportation,CAREEM RIDE,248.76,debit,22048.91,False
67fe183e-c,CUST0B8EBF,2026-01-10,Transportation,UBER *TRIP 978,305.21,debit,21743.7,False
3ed03fa2-3,CUST0B8EBF,2026-01-10,Savings Transfer,TRANSFER TO SAVINGS ACCT,225.81,debit,21517.89,False
939514d5-c,CUST0B8EBF,2026-01-10,Savings Transfer,TRANSFER TO SAVINGS ACCT,584.59,debit,20933.3,False
fca59531-b,CUST0B8EBF,2026-01-11,Shopping,ONLINE STORE CHECKOUT,62.4,debit,20870.9,False
14c7f18b-d,CUST0B8EBF,2026-01-11,Healthcare,CLINIC VISIT FEE,132.74,debit,20738.16,False
3f917041-f,CUST0B8EBF,2026-01-11,Savings Transfer,INTERNAL XFER - SAVINGS,476.78,debit,20261.38,False
ddb6564f-b,CUST0B8EBF,2026-01-12,Entertainment,NETFLIX PPV CHARGE,825.26,debit,19436.12,False
8138405d-c,CUST0B8EBF,2026-01-13,Groceries,SPINNEYS #104,599.92,debit,18836.2,False
d36ef1ae-e,CUST0B8EBF,2026-01-13,Savings Transfer,TRANSFER TO SAVINGS ACCT,114.06,debit,18722.14,False
48c9d54d-c,CUST0B8EBF,2026-01-14,Utilities,ELECTRICITY BILL PMT,581.01,debit,18141.13,False
2570aad1-1,CUST0B8EBF,2026-01-17,Dining/Restaurants,CAFE PURCHASE,90.21,debit,18050.92,False
c4f733f1-2,CUST0B8EBF,2026-01-18,Groceries,SPINNEYS #432,874.31,debit,17176.61,False
379f3f7a-b,CUST0B8EBF,2026-01-23,Rent/Installment,Home Loan Installment - ONLINE,3079.22,debit,14097.39,False
f40914bf-3,CUST0B8EBF,2026-01-25,Transportation,FUEL STATION PURCHASE,84.36,debit,14013.03,False
f55fd960-5,CUST0B8EBF,2026-01-25,Savings Transfer,INTERNAL XFER - SAVINGS,165.92,debit,13847.11,False
f66128a8-0,CUST0B8EBF,2026-01-27,Healthcare,PHARMACY PURCHASE,270.71,debit,13576.4,False
504bbc1d-4,CUST0B8EBF,2026-01-28,Dining/Restaurants,CAFE PURCHASE,280.4,debit,13296.0,False
9abd08ce-9,CUST0B8EBF,2026-01-28,Shopping,AMAZON.EG ORDER,556.95,debit,12739.05,False
01a17f0e-0,CUST0B8EBF,2026-02-01,Salary,MONTHLY SALARY CREDIT,15000.0,credit,27739.05,False
79fbf12e-f,CUST0B8EBF,2026-02-02,Rent/Installment,Home Loan Installment - NBE,3293.87,debit,24445.18,False
57762cf9-2,CUST0B8EBF,2026-02-03,Groceries,POS PURCHASE - LOCAL MARKET,40.01,debit,24405.17,False
07e6e439-3,CUST0B8EBF,2026-02-04,Groceries,SPINNEYS #446,1291.17,debit,23114.0,False
41e38f8b-e,CUST0B8EBF,2026-02-04,Shopping,MALL PURCHASE - POS,292.33,debit,22821.67,False
98959118-c,CUST0B8EBF,2026-02-05,Subscriptions,NETFLIX.COM SUBSCRIPTION,329.78,debit,22491.89,False
d18f2726-f,CUST0B8EBF,2026-02-06,Groceries,CARREFOUR HYPERMARKET,89.93,debit,22401.96,False
fb932372-9,CUST0B8EBF,2026-02-06,Entertainment,GAMING STORE PURCHASE,102.58,debit,22299.38,False
aca63bf3-2,CUST0B8EBF,2026-02-09,Groceries,POS PURCHASE - LOCAL MARKET,172.7,debit,22126.68,False
59396406-3,CUST0B8EBF,2026-02-10,Healthcare,PHARMACY PURCHASE,52.83,debit,22073.85,False
ef5b2b0b-a,CUST0B8EBF,2026-02-11,Transportation,CAREEM RIDE,921.58,debit,21152.27,False
7c741c9f-9,CUST0B8EBF,2026-02-11,Dining/Restaurants,CAFE PURCHASE,263.63,debit,20888.64,False
9b729085-c,CUST0B8EBF,2026-02-11,Dining/Restaurants,POS - LOCAL RESTAURANT,212.5,debit,20676.14,False
0cc9cdc4-5,CUST0B8EBF,2026-02-11,Entertainment,CINEMA TICKET PURCHASE,284.51,debit,20391.63,False
67b95003-3,CUST0B8EBF,2026-02-12,Shopping,ONLINE STORE CHECKOUT,5.0,debit,20386.63,False
65f0ef85-2,CUST0B8EBF,2026-02-12,Savings Transfer,INTERNAL XFER - SAVINGS,670.96,debit,19715.67,False
b5395e59-4,CUST0B8EBF,2026-02-13,Savings Transfer,INTERNAL XFER - SAVINGS,587.02,debit,19128.65,False
2a0d7b56-1,CUST0B8EBF,2026-02-14,Dining/Restaurants,POS - LOCAL RESTAURANT,125.03,debit,19003.62,False
259f3756-a,CUST0B8EBF,2026-02-17,Utilities,ELECTRICITY BILL PMT,649.74,debit,18353.88,False
84645f3e-1,CUST0B8EBF,2026-02-19,Entertainment,CINEMA TICKET PURCHASE,103.96,debit,18249.92,False
812531fa-a,CUST0B8EBF,2026-02-19,Shopping,ONLINE STORE CHECKOUT,125.82,debit,18124.1,False
c525e0d2-3,CUST0B8EBF,2026-02-20,Healthcare,LAB TEST PAYMENT,435.98,debit,17688.12,False
4a0e276a-1,CUST0B8EBF,2026-02-20,Savings Transfer,TRANSFER TO SAVINGS ACCT,68.03,debit,17620.09,False
45012116-2,CUST0B8EBF,2026-02-21,Entertainment,GAMING STORE PURCHASE,366.34,debit,17253.75,False
98ae144a-9,CUST0B8EBF,2026-02-23,Savings Transfer,TRANSFER TO SAVINGS ACCT,192.52,debit,17061.23,False
5e31317c-8,CUST0B8EBF,2026-02-25,Shopping,AMAZON.EG ORDER,167.45,debit,16893.78,False
ef42f22d-2,CUST0B8EBF,2026-02-26,Dining/Restaurants,MCDONALDS #243,50.91,debit,16842.87,False
79699773-6,CUST0B8EBF,2026-02-26,Savings Transfer,TRANSFER TO SAVINGS ACCT,197.47,debit,16645.4,False
8f10fefa-0,CUST0B8EBF,2026-02-27,Transportation,UBER *TRIP 641,96.24,debit,16549.16,False
2aa4d020-8,CUST0B8EBF,2026-02-27,Entertainment,GAMING STORE PURCHASE,179.8,debit,16369.36,False
e7ba17e6-1,CUST0B8EBF,2026-03-01,Transportation,FUEL STATION PURCHASE,773.53,debit,15595.83,False
7ccc51ff-0,CUST0B8EBF,2026-03-01,Dining/Restaurants,MCDONALDS #420,45.64,debit,15550.19,False
85c208e3-3,CUST0B8EBF,2026-03-01,Dining/Restaurants,POS - LOCAL RESTAURANT,122.74,debit,15427.45,False
4b0fed4b-c,CUST0B8EBF,2026-03-02,Salary,MONTHLY SALARY CREDIT,15000.0,credit,30427.45,False
d9dd2d73-9,CUST0B8EBF,2026-03-02,Groceries,POS PURCHASE - LOCAL MARKET,139.73,debit,30287.72,False
6c3c00e8-7,CUST0B8EBF,2026-03-02,Shopping,AMAZON.EG ORDER,52.91,debit,30234.81,False
e1e363f1-1,CUST0B8EBF,2026-03-05,Subscriptions,SPOTIFY AB,366.99,debit,29867.82,False
500363a4-c,CUST0B8EBF,2026-03-06,Transportation,FUEL STATION PURCHASE,280.04,debit,29587.78,False
f84581ba-d,CUST0B8EBF,2026-03-06,Shopping,MALL PURCHASE - POS,22.27,debit,29565.51,False
0111b167-f,CUST0B8EBF,2026-03-06,Savings Transfer,TRANSFER TO SAVINGS ACCT,70.52,debit,29494.99,False
7f7c7eb7-7,CUST0B8EBF,2026-03-07,Groceries,CARREFOUR HYPERMARKET,1280.63,debit,28214.36,False
19143f23-c,CUST0B8EBF,2026-03-07,Savings Transfer,TRANSFER TO SAVINGS ACCT,330.64,debit,27883.72,False
802b13c2-4,CUST0B8EBF,2026-03-08,Savings Transfer,TRANSFER TO SAVINGS ACCT,782.24,debit,27101.48,False
34e9328f-f,CUST0B8EBF,2026-03-12,Healthcare,CLINIC VISIT FEE,89.1,debit,27012.38,False
b3dd4688-7,CUST0B8EBF,2026-03-16,Entertainment,GAMING STORE PURCHASE,18.22,debit,26994.16,False
4d10c75a-b,CUST0B8EBF,2026-03-18,Dining/Restaurants,POS - LOCAL RESTAURANT,130.71,debit,26863.45,False
242ed17d-4,CUST0B8EBF,2026-03-18,Savings Transfer,INTERNAL XFER - SAVINGS,384.73,debit,26478.72,False
37dbdd28-1,CUST0B8EBF,2026-03-18,Savings Transfer,INTERNAL XFER - SAVINGS,76.47,debit,26402.25,False
9302dfdf-7,CUST0B8EBF,2026-03-19,Rent/Installment,ACH DEBIT - RENT PAYMENT,3276.9,debit,23125.35,False
abf9c752-3,CUST0B8EBF,2026-03-22,Entertainment,GAMING STORE PURCHASE,666.81,debit,22458.54,False
b045add3-c,CUST0B8EBF,2026-03-22,Shopping,ONLINE STORE CHECKOUT,196.06,debit,22262.48,False
48cf1334-0,CUST0B8EBF,2026-03-22,Healthcare,PHARMACY PURCHASE,319.34,debit,21943.14,False
12dab126-4,CUST0B8EBF,2026-03-23,Entertainment,NETFLIX PPV CHARGE,365.93,debit,21577.21,False
c5e36d18-c,CUST0B8EBF,2026-03-23,Shopping,AMAZON.EG ORDER,197.73,debit,21379.48,False
30508d69-e,CUST0B8EBF,2026-03-24,Utilities,ELECTRICITY BILL PMT,634.12,debit,20745.36,False
b99c86f8-0,CUST0B8EBF,2026-03-24,Transportation,FUEL STATION PURCHASE,133.94,debit,20611.42,False
ebf4a8a9-f,CUST0B8EBF,2026-03-24,Healthcare,LAB TEST PAYMENT,78.85,debit,20532.57,False
37dcdf06-c,CUST0B8EBF,2026-03-27,Dining/Restaurants,POS - LOCAL RESTAURANT,89.98,debit,20442.59,False
36974f2a-a,CUST0B8EBF,2026-03-27,Dining/Restaurants,POS - LOCAL RESTAURANT,169.73,debit,20272.86,False
3bfd5cc7-e,CUST0B8EBF,2026-03-28,Shopping,AMAZON.EG ORDER,91.66,debit,20181.2,False
266c9d3b-b,CUST0B8EBF,2026-04-01,Transportation,FUEL STATION PURCHASE,5.0,debit,20176.2,False
1acdcd44-3,CUST0B8EBF,2026-04-02,Salary,MONTHLY SALARY CREDIT,15000.0,credit,35176.2,False
5ff4442e-e,CUST0B8EBF,2026-04-04,Entertainment,GAMING STORE PURCHASE,37.68,debit,35138.52,False
41a0b8b4-f,CUST0B8EBF,2026-04-04,Shopping,ONLINE STORE CHECKOUT,650.33,debit,34488.19,False
443b17de-d,CUST0B8EBF,2026-04-04,Savings Transfer,TRANSFER TO SAVINGS ACCT,384.45,debit,34103.74,False
7a109f72-0,CUST0B8EBF,2026-04-06,Groceries,POS PURCHASE - LOCAL MARKET,14.65,debit,34089.09,False
0ae7c5ab-4,CUST0B8EBF,2026-04-06,Dining/Restaurants,MCDONALDS #479,262.31,debit,33826.78,False
023f0c9a-3,CUST0B8EBF,2026-04-07,Groceries,SPINNEYS #355,739.72,debit,33087.06,False
d02bdfe1-a,CUST0B8EBF,2026-04-08,Utilities,WATER CO. AUTOPAY,616.74,debit,32470.32,False
83ac4c22-1,CUST0B8EBF,2026-04-09,Healthcare,PHARMACY PURCHASE,99.2,debit,32371.12,False
1ceb3af3-3,CUST0B8EBF,2026-04-11,Dining/Restaurants,CAFE PURCHASE,7.15,debit,32363.97,False
d6be6005-3,CUST0B8EBF,2026-04-11,Dining/Restaurants,POS - LOCAL RESTAURANT,281.96,debit,32082.01,False
b75658e8-2,CUST0B8EBF,2026-04-14,Groceries,POS PURCHASE - LOCAL MARKET,105.09,debit,31976.92,False
7219ca4d-2,CUST0B8EBF,2026-04-14,Shopping,MALL PURCHASE - POS,17.3,debit,31959.62,False
6cf22215-8,CUST0B8EBF,2026-04-15,Transportation,CAREEM RIDE,5.0,debit,31954.62,False
7f52dbc9-2,CUST0B8EBF,2026-04-15,Savings Transfer,TRANSFER TO SAVINGS ACCT,1081.64,debit,30872.98,False
4a749266-e,CUST0B8EBF,2026-04-16,Healthcare,PHARMACY PURCHASE,104.33,debit,30768.65,False
ba74a5ad-5,CUST0B8EBF,2026-04-16,Healthcare,LAB TEST PAYMENT,100.57,debit,30668.08,False
140f537e-7,CUST0B8EBF,2026-04-20,Dining/Restaurants,POS - LOCAL RESTAURANT,36.84,debit,30631.24,False
ced7a70b-c,CUST0B8EBF,2026-04-20,Entertainment,CINEMA TICKET PURCHASE,772.85,debit,29858.39,False
1402d146-a,CUST0B8EBF,2026-04-22,Transportation,FUEL STATION PURCHASE,544.21,debit,29314.18,False
6dddfd9a-b,CUST0B8EBF,2026-04-22,Entertainment,GAMING STORE PURCHASE,281.1,debit,29033.08,False
c2fafe7b-6,CUST0B8EBF,2026-04-23,Groceries,SPINNEYS #837,625.41,debit,28407.67,False
8ce10b94-b,CUST0B8EBF,2026-04-24,Rent/Installment,ACH DEBIT - RENT PAYMENT,3397.27,debit,25010.4,False
dcfef535-2,CUST0B8EBF,2026-04-24,Dining/Restaurants,POS - LOCAL RESTAURANT,33.94,debit,24976.46,False
9400b021-2,CUST0B8EBF,2026-04-25,Transportation,CAREEM RIDE,514.26,debit,24462.2,False
05037e06-8,CUST0B8EBF,2026-04-25,Subscriptions,SPOTIFY AB,317.5,debit,24144.7,False
e39a4012-d,CUST0B8EBF,2026-04-26,Transportation,CAREEM RIDE,14.31,debit,24130.39,False
782a87ab-c,CUST0B8EBF,2026-04-27,Savings Transfer,TRANSFER TO SAVINGS ACCT,309.84,debit,23820.55,False
394cb159-3,CUST0B8EBF,2026-04-28,Healthcare,PHARMACY PURCHASE,110.22,debit,23710.33,False
ffc8395b-a,CUST0B8EBF,2026-05-01,Dining/Restaurants,CAFE PURCHASE,122.15,debit,23588.18,False
7d95108f-3,CUST0B8EBF,2026-05-01,Healthcare,LAB TEST PAYMENT,87.18,debit,23501.0,False
0aa13f67-2,CUST0B8EBF,2026-05-02,Groceries,SPINNEYS #849,56.87,debit,23444.13,False
ea7b73c8-9,CUST0B8EBF,2026-05-02,Dining/Restaurants,MCDONALDS #630,49.66,debit,23394.47,False
1fb8d162-5,CUST0B8EBF,2026-05-03,Salary,MONTHLY SALARY CREDIT,15000.0,credit,38394.47,False
580f01e3-3,CUST0B8EBF,2026-05-03,Groceries,SPINNEYS #720,358.27,debit,38036.2,False
585f3bcb-2,CUST0B8EBF,2026-05-04,Utilities,ELECTRICITY BILL PMT,653.08,debit,37383.12,False
fe5cf8db-a,CUST0B8EBF,2026-05-05,Dining/Restaurants,MCDONALDS #612,408.8,debit,36974.32,False
5228a162-b,CUST0B8EBF,2026-05-05,Shopping,AMAZON.EG ORDER,5.0,debit,36969.32,False
09267b22-6,CUST0B8EBF,2026-05-05,Subscriptions,NETFLIX.COM SUBSCRIPTION,322.7,debit,36646.62,False
edc8033d-c,CUST0B8EBF,2026-05-05,Savings Transfer,TRANSFER TO SAVINGS ACCT,5.0,debit,36641.62,False
68557e45-9,CUST0B8EBF,2026-05-08,Groceries,CARREFOUR HYPERMARKET,44.01,debit,36597.61,False
2c5a2452-0,CUST0B8EBF,2026-05-08,Transportation,FUEL STATION PURCHASE,908.88,debit,35688.73,False
1e11d04d-7,CUST0B8EBF,2026-05-09,Shopping,AMAZON.EG ORDER,89.47,debit,35599.26,False
75c5b903-8,CUST0B8EBF,2026-05-10,Dining/Restaurants,MCDONALDS #823,22.78,debit,35576.48,False
807d021f-6,CUST0B8EBF,2026-05-10,Healthcare,CLINIC VISIT FEE,359.41,debit,35217.07,False
1c50e11b-d,CUST0B8EBF,2026-05-17,Groceries,SPINNEYS #265,1009.04,debit,34208.03,False
142d2356-f,CUST0B8EBF,2026-05-18,Transportation,UBER *TRIP 621,279.01,debit,33929.02,False
d0bee1db-3,CUST0B8EBF,2026-05-18,Entertainment,NETFLIX PPV CHARGE,477.06,debit,33451.96,False
04368319-e,CUST0B8EBF,2026-05-21,Entertainment,GAMING STORE PURCHASE,646.47,debit,32805.49,False
b8b2fc3d-a,CUST0B8EBF,2026-05-21,Shopping,MALL PURCHASE - POS,186.52,debit,32618.97,False
6d34e04e-d,CUST0B8EBF,2026-05-22,Rent/Installment,Monthly Rent Transfer,3118.71,debit,29500.26,False
30ac237e-1,CUST0B8EBF,2026-05-24,Savings Transfer,INTERNAL XFER - SAVINGS,517.71,debit,28982.55,False
8a28c7c9-9,CUST0B8EBF,2026-05-25,Savings Transfer,TRANSFER TO SAVINGS ACCT,1028.99,debit,27953.56,False
cc482513-7,CUST0B8EBF,2026-05-26,Groceries,POS PURCHASE - LOCAL MARKET,179.34,debit,27774.22,False
4bb44217-b,CUST0B8EBF,2026-05-28,Shopping,AMAZON.EG ORDER,367.86,debit,27406.36,False
4ee68801-1,CUST0B8EBF,2026-06-01,Salary,MONTHLY SALARY CREDIT,15000.0,credit,42406.36,False
b977226c-2,CUST0B8EBF,2026-06-01,Entertainment,NETFLIX PPV CHARGE,71.18,debit,42335.18,False
1c073d15-3,CUST0B8EBF,2026-06-02,Entertainment,CINEMA TICKET PURCHASE,69.86,debit,42265.32,False
51acaf34-3,CUST0B8EBF,2026-06-03,Transportation,UBER *TRIP 612,417.89,debit,41847.43,False
2152d770-2,CUST0B8EBF,2026-06-03,Transportation,FUEL STATION PURCHASE,16.88,debit,41830.55,False
1dedef7d-d,CUST0B8EBF,2026-06-04,Entertainment,GAMING STORE PURCHASE,645.13,debit,41185.42,False
d8a81c13-4,CUST0B8EBF,2026-06-05,Shopping,AMAZON.EG ORDER,80.63,debit,41104.79,False
3271d5db-5,CUST0B8EBF,2026-06-08,Shopping,ONLINE STORE CHECKOUT,46.64,debit,41058.15,False
85a71ad0-1,CUST0B8EBF,2026-06-08,Healthcare,LAB TEST PAYMENT,37.9,debit,41020.25,False
dfa4874a-5,CUST0B8EBF,2026-06-09,Savings Transfer,INTERNAL XFER - SAVINGS,435.53,debit,40584.72,False
739761b1-2,CUST0B8EBF,2026-06-12,Dining/Restaurants,MCDONALDS #701,457.63,debit,40127.09,False
031adc90-0,CUST0B8EBF,2026-06-13,Entertainment,NETFLIX PPV CHARGE,119.62,debit,40007.47,False
dae018d2-b,CUST0B8EBF,2026-06-15,Transportation,FUEL STATION PURCHASE,75.33,debit,39932.14,False
e059e297-4,CUST0B8EBF,2026-06-15,Entertainment,GAMING STORE PURCHASE,83.6,debit,39848.54,False
5ebc180a-e,CUST0B8EBF,2026-06-15,Healthcare,PHARMACY PURCHASE,79.63,debit,39768.91,False
4b71d483-f,CUST0B8EBF,2026-06-15,Savings Transfer,INTERNAL XFER - SAVINGS,105.35,debit,39663.56,False
a0675f04-3,CUST0B8EBF,2026-06-16,Dining/Restaurants,MCDONALDS #139,175.98,debit,39487.58,False
5b0b64ef-e,CUST0B8EBF,2026-06-18,Healthcare,LAB TEST PAYMENT,26.55,debit,39461.03,False
d9cf462f-f,CUST0B8EBF,2026-06-19,Groceries,POS PURCHASE - LOCAL MARKET,480.66,debit,38980.37,False
7c96cb79-1,CUST0B8EBF,2026-06-20,Rent/Installment,Home Loan Installment - ONLINE,3267.54,debit,35712.83,False
e6ffe5be-c,CUST0B8EBF,2026-06-20,Transportation,CAREEM RIDE,573.12,debit,35139.71,False
bd1a6f83-c,CUST0B8EBF,2026-06-20,Shopping,AMAZON.EG ORDER,332.62,debit,34807.09,False
572b1b6e-0,CUST0B8EBF,2026-06-20,Subscriptions,NETFLIX.COM SUBSCRIPTION,357.64,debit,34449.45,False
5e16c453-5,CUST0B8EBF,2026-06-22,Utilities,ELECTRICITY BILL PMT,594.41,debit,33855.04,False
17ef6519-3,CUST0B8EBF,2026-06-23,Savings Transfer,TRANSFER TO SAVINGS ACCT,422.27,debit,33432.77,False
d4262b2e-c,CUST0B8EBF,2026-06-24,Healthcare,CLINIC VISIT FEE,145.65,debit,33287.12,False
cbc83b0f-b,CUST0B8EBF,2026-06-25,Shopping,ONLINE STORE CHECKOUT,192.3,debit,33094.82,False
54c0a862-0,CUST0B8EBF,2026-06-25,Healthcare,CLINIC VISIT FEE,177.29,debit,32917.53,False
93b9a328-d,CUST0B8EBF,2026-06-25,Savings Transfer,TRANSFER TO SAVINGS ACCT,539.52,debit,32378.01,False
74eac7fd-3,CUST0B8EBF,2026-06-26,Groceries,POS PURCHASE - LOCAL MARKET,1181.21,debit,31196.8,False
de2541cf-0,CUST0B8EBF,2026-06-26,Transportation,UBER *TRIP 721,42.98,debit,31153.82,False
